"","mouse","day","tissue","Percent","cluster"
"1","M12","D6","Brain",0.972926208893,"Cluster_1705"
"2","M12","D6","Brain",0.0871728280411,"Cluster_50"
"3","M12","D6","Brain",0.141566015328,"Cluster_1830"
"4","M12","D6","Brain",98.4210862455,"Cluster_56"
"5","M12","D6","Brain",0.377248702238,"Cluster_662"
"6","M12","D6","Ear",0.019580121318,"Cluster_662"
"7","M12","D6","Ear",1.03083614844,"Cluster_108"
"8","M12","D6","Ear",0.0285476998758,"Cluster_2315"
"9","M12","D6","Ear",0.00877903380112,"Cluster_84"
"10","M12","D6","Ear",0.0155693338009,"Cluster_221"
"11","M12","D6","Ear",0.0157530544878,"Cluster_978"
"12","M12","D6","Ear",0.0494706795909,"Cluster_254"
"13","M12","D6","Ear",0.00430076901963,"Cluster_89"
"14","M12","D6","Ear",1.69361577177,"Cluster_1830"
"15","M12","D6","Ear",2.13951339052,"Cluster_129"
"16","M12","D6","Ear",0.0410000665184,"Cluster_609"
"17","M12","D6","Ear",0.0193604285122,"Cluster_1501"
"18","M12","D6","Ear",1.34836199947,"Cluster_504"
"19","M12","D6","Ear",0.0222780754755,"Cluster_826"
"20","M12","D6","Ear",0.0887139766916,"Cluster_647"
"21","M12","D6","Ear",0.00581187374352,"Cluster_1613"
"22","M12","D6","Ear",0.014457799344,"Cluster_1989"
"23","M12","D6","Ear",0.00373172378523,"Cluster_676"
"24","M12","D6","Ear",0.0108925680127,"Cluster_340"
"25","M12","D6","Ear",0.00956242597348,"Cluster_2236"
"26","M12","D6","Ear",0.00579636665659,"Cluster_1132"
"27","M12","D6","Ear",0.0447600049585,"Cluster_50"
"28","M12","D6","Ear",0.047954292161,"Cluster_3263"
"29","M12","D6","Ear",0.00723270560798,"Cluster_2451"
"30","M12","D6","Ear",0.477575017107,"Cluster_303"
"31","M12","D6","Ear",0.185300853426,"Cluster_1831"
"32","M12","D6","Ear",0.0246958270492,"Cluster_1414"
"33","M12","D6","Ear",0.342081274047,"Cluster_1274"
"34","M12","D6","Ear",0.0237118779767,"Cluster_503"
"35","M12","D6","Ear",0.0122782938326,"Cluster_4"
"36","M12","D6","Ear",0.158445333815,"Cluster_469"
"37","M12","D6","Ear",0.0114753779838,"Cluster_541"
"38","M12","D6","Ear",0.0290125589237,"Cluster_525"
"39","M12","D6","Ear",0.0119613504931,"Cluster_272"
"40","M12","D6","Ear",0.0438063130519,"Cluster_26"
"41","M12","D6","Ear",0.00455372142214,"Cluster_1545"
"42","M12","D6","Ear",0.245606212498,"Cluster_532"
"43","M12","D6","Ear",1.06839238562,"Cluster_294"
"44","M12","D6","Ear",0.00413955908889,"Cluster_3229"
"45","M12","D6","Ear",5.34941125965,"Cluster_1231"
"46","M12","D6","Ear",83.8776285762,"Cluster_56"
"47","M12","D6","Ear",0.093907149161,"Cluster_402"
"48","M12","D6","Ear",0.0158317257575,"Cluster_1537"
"49","M12","D6","Ear",0.172455683916,"Cluster_2305"
"50","M12","D6","Ear",0.0154645060002,"Cluster_265"
"51","M12","D6","Ear",0.183016000796,"Cluster_405"
"52","M12","D6","Ear",0.605292047539,"Cluster_409"
"53","M12","D6","Ear",0.0877496943362,"Cluster_514"
"54","M12","D6","Ear",0.280327090747,"Cluster_248"
"55","M12","D6","Gon",93.2370368202,"Cluster_56"
"56","M12","D6","Gon",0.0269375385028,"Cluster_4"
"57","M12","D6","Gon",0.00559728174414,"Cluster_1868"
"58","M12","D6","Gon",0.166436103763,"Cluster_1123"
"59","M12","D6","Gon",0.153780711125,"Cluster_1830"
"60","M12","D6","Gon",0.00384758495121,"Cluster_437"
"61","M12","D6","Gon",6.40636395976,"Cluster_294"
"62","M12","D6","Heart",0.0287561008047,"Cluster_1545"
"63","M12","D6","Heart",99.9712438992,"Cluster_56"
"64","M12","D6","Lung",0.0579362469462,"Cluster_888"
"65","M12","D6","Lung",0.00663836230668,"Cluster_39"
"66","M12","D6","Lung",3.16911106693,"Cluster_294"
"67","M12","D6","Lung",96.5370717534,"Cluster_56"
"68","M12","D6","Lung",0.014759849994,"Cluster_437"
"69","M12","D6","Lung",0.00347308257958,"Cluster_1132"
"70","M12","D6","Lung",0.00325750154739,"Cluster_21"
"71","M12","D6","Lung",0.0110076882699,"Cluster_2236"
"72","M12","D6","Lung",0.04317461105,"Cluster_1274"
"73","M12","D6","Lung",0.00388518100461,"Cluster_1830"
"74","M12","D6","Lung",0.0435362696085,"Cluster_1831"
"75","M12","D6","Lung",0.0969296845812,"Cluster_4"
"76","M12","D6","Lung",0.00921870174976,"Cluster_1868"
"77","M12","D6","Sub",0.0115765123317,"Cluster_856"
"78","M12","D6","Sub",0.00884082571349,"Cluster_503"
"79","M12","D6","Sub",0.046927935672,"Cluster_1830"
"80","M12","D6","Sub",0.0424662171419,"Cluster_294"
"81","M12","D6","Sub",0.0306818790328,"Cluster_156"
"82","M12","D6","Sub",0.00688763838161,"Cluster_315"
"83","M12","D6","Sub",0.132198658172,"Cluster_232"
"84","M12","D6","Sub",99.7037775169,"Cluster_56"
"85","M12","D6","Sub",0.0166428166243,"Cluster_1123"
"86","M12","D6","blood",0.00356451944779,"Cluster_39"
"87","M12","D6","blood",0.00197117556846,"Cluster_823"
"88","M12","D6","blood",99.9113299437,"Cluster_56"
"89","M12","D6","blood",0.0121098425972,"Cluster_1868"
"90","M12","D6","blood",0.00515677280453,"Cluster_1114"
"91","M12","D6","blood",0.0529139420815,"Cluster_4"
"92","M12","D6","blood",0.00262478250246,"Cluster_294"
"93","M12","D6","blood",0.00359953577757,"Cluster_2236"
"94","M12","D6","blood",0.00672948552411,"Cluster_2370"
"95","M27","D6","Brain",97.6106409336,"Cluster_1830"
"96","M27","D6","Brain",2.38935906643,"Cluster_56"
"97","M27","D6","Ear",10.3596771277,"Cluster_56"
"98","M27","D6","Ear",0.0363373666783,"Cluster_1831"
"99","M27","D6","Ear",0.0120007220186,"Cluster_409"
"100","M27","D6","Ear",0.00706118246814,"Cluster_588"
"101","M27","D6","Ear",0.00438758283786,"Cluster_357"
"102","M27","D6","Ear",0.0527397862445,"Cluster_294"
"103","M27","D6","Ear",0.00353924201294,"Cluster_52"
"104","M27","D6","Ear",0.0122211103024,"Cluster_504"
"105","M27","D6","Ear",89.3546456069,"Cluster_1830"
"106","M27","D6","Ear",0.00590544933312,"Cluster_357"
"107","M27","D6","Ear",0.00575500826634,"Cluster_129"
"108","M27","D6","Ear",0.00714896257356,"Cluster_888"
"109","M27","D6","Ear",0.00865584597113,"Cluster_1307"
"110","M27","D6","Ear",0.00804560248291,"Cluster_716"
"111","M27","D6","Ear",0.00656009498667,"Cluster_673"
"112","M27","D6","Ear",0.00457019549926,"Cluster_232"
"113","M27","D6","Ear",0.00433243028142,"Cluster_4075"
"114","M27","D6","Ear",0.070139887654,"Cluster_4"
"115","M27","D6","Ear",0.0274535562997,"Cluster_424"
"116","M27","D6","Ear",0.00882323950002,"Cluster_434"
"117","M27","D6","Gon",1.89167932938,"Cluster_56"
"118","M27","D6","Gon",0.0238154629974,"Cluster_1545"
"119","M27","D6","Gon",0.0310423136319,"Cluster_1831"
"120","M27","D6","Gon",1.27125538825,"Cluster_294"
"121","M27","D6","Gon",0.00716923408184,"Cluster_1678"
"122","M27","D6","Gon",0.00862926534077,"Cluster_493"
"123","M27","D6","Gon",0.0235916010893,"Cluster_4"
"124","M27","D6","Gon",0.00918763197807,"Cluster_254"
"125","M27","D6","Gon",0.0261185638895,"Cluster_1088"
"126","M27","D6","Gon",96.7075112094,"Cluster_1830"
"127","M27","D6","Heart",0.00505211905727,"Cluster_52"
"128","M27","D6","Heart",0.020318521957,"Cluster_294"
"129","M27","D6","Heart",0.00945042553159,"Cluster_1831"
"130","M27","D6","Heart",96.7459323683,"Cluster_1830"
"131","M27","D6","Heart",0.0215720271537,"Cluster_588"
"132","M27","D6","Heart",0.00635235306773,"Cluster_4"
"133","M27","D6","Heart",0.00499204498328,"Cluster_1868"
"134","M27","D6","Heart",3.18633013999,"Cluster_56"
"135","M27","D6","Lung",0.00515638227087,"Cluster_254"
"136","M27","D6","Lung",0.00387467877713,"Cluster_1831"
"137","M27","D6","Lung",0.00359885964755,"Cluster_327"
"138","M27","D6","Lung",97.6295693036,"Cluster_1830"
"139","M27","D6","Lung",0.00602642877864,"Cluster_1868"
"140","M27","D6","Lung",0.0180149372821,"Cluster_4"
"141","M27","D6","Lung",0.00811507567585,"Cluster_888"
"142","M27","D6","Lung",0.00389017005643,"Cluster_202"
"143","M27","D6","Lung",0.00261678623141,"Cluster_493"
"144","M27","D6","Lung",0.0048084479437,"Cluster_1545"
"145","M27","D6","Lung",0.00398566518701,"Cluster_403"
"146","M27","D6","Lung",0.00533983564913,"Cluster_1328"
"147","M27","D6","Lung",0.00351175489505,"Cluster_2305"
"148","M27","D6","Lung",0.012156225264,"Cluster_588"
"149","M27","D6","Lung",0.00506083478206,"Cluster_26"
"150","M27","D6","Lung",0.012417073868,"Cluster_437"
"151","M27","D6","Lung",0.00233046655617,"Cluster_52"
"152","M27","D6","Lung",0.117189558205,"Cluster_294"
"153","M27","D6","Lung",0.00526352021741,"Cluster_1088"
"154","M27","D6","Lung",2.14070303451,"Cluster_56"
"155","M27","D6","Lung",0.00445980144591,"Cluster_240"
"156","M27","D6","Lung",0.00191115912656,"Cluster_2236"
"157","M27","D6","Sub",0.0016703164957,"Cluster_1678"
"158","M27","D6","Sub",0.0063896737293,"Cluster_2174"
"159","M27","D6","Sub",0.00841000192286,"Cluster_588"
"160","M27","D6","Sub",98.0024489095,"Cluster_1830"
"161","M27","D6","Sub",0.00632390423348,"Cluster_437"
"162","M27","D6","Sub",0.00412937919422,"Cluster_156"
"163","M27","D6","Sub",0.00416907269116,"Cluster_294"
"164","M27","D6","Sub",0.00335422967254,"Cluster_1831"
"165","M27","D6","Sub",0.00320593816319,"Cluster_1545"
"166","M27","D6","Sub",0.0123799928505,"Cluster_888"
"167","M27","D6","Sub",1.93118609273,"Cluster_56"
"168","M27","D6","Sub",0.0163324888661,"Cluster_254"
"169","M27","D6","blood",0.0111269405453,"Cluster_588"
"170","M27","D6","blood",0.00344117624293,"Cluster_1831"
"171","M27","D6","blood",0.00257038972933,"Cluster_59"
"172","M27","D6","blood",93.9250944053,"Cluster_1830"
"173","M27","D6","blood",0.00461039713265,"Cluster_4"
"174","M27","D6","blood",0.00639020497542,"Cluster_1545"
"175","M27","D6","blood",0.00388547284666,"Cluster_1088"
"176","M27","D6","blood",0.00506751625998,"Cluster_437"
"177","M27","D6","blood",0.00297927630415,"Cluster_26"
"178","M27","D6","blood",0.00845282314151,"Cluster_294"
"179","M27","D6","blood",6.02638139747,"Cluster_56"
"180","M30","D10","Brain",0.0531102076113,"Cluster_128"
"181","M30","D10","Brain",0.546334860905,"Cluster_1123"
"182","M30","D10","Brain",0.205709160568,"Cluster_1613"
"183","M30","D10","Brain",0.311469291721,"Cluster_763"
"184","M30","D10","Brain",0.282856726893,"Cluster_1537"
"185","M30","D10","Brain",0.0999197783888,"Cluster_792"
"186","M30","D10","Brain",0.0325886617531,"Cluster_493"
"187","M30","D10","Brain",0.0322930000355,"Cluster_78"
"188","M30","D10","Brain",0.211671117291,"Cluster_1571"
"189","M30","D10","Brain",0.183356944859,"Cluster_29"
"190","M30","D10","Brain",0.205147429048,"Cluster_888"
"191","M30","D10","Brain",0.418136857379,"Cluster_4048"
"192","M30","D10","Brain",0.444525293408,"Cluster_261"
"193","M30","D10","Brain",0.815042389714,"Cluster_293"
"194","M30","D10","Brain",0.136675507265,"Cluster_21"
"195","M30","D10","Brain",2.06863913873,"Cluster_1830"
"196","M30","D10","Brain",0.0532634249529,"Cluster_491"
"197","M30","D10","Brain",0.523306052093,"Cluster_1307"
"198","M30","D10","Brain",0.0849357857833,"Cluster_943"
"199","M30","D10","Brain",0.837886988023,"Cluster_469"
"200","M30","D10","Brain",0.543523346866,"Cluster_50"
"201","M30","D10","Brain",0.0483218358265,"Cluster_84"
"202","M30","D10","Brain",0.120053299387,"Cluster_337"
"203","M30","D10","Brain",0.437582197624,"Cluster_1152"
"204","M30","D10","Brain",0.131645623449,"Cluster_2618"
"205","M30","D10","Brain",0.389691458513,"Cluster_3359"
"206","M30","D10","Brain",1.28216031847,"Cluster_3818"
"207","M30","D10","Brain",0.121768346522,"Cluster_338"
"208","M30","D10","Brain",0.119414718008,"Cluster_51"
"209","M30","D10","Brain",1.21077627069,"Cluster_609"
"210","M30","D10","Brain",0.251124967627,"Cluster_1274"
"211","M30","D10","Brain",0.384856576893,"Cluster_357"
"212","M30","D10","Brain",33.7821931211,"Cluster_294"
"213","M30","D10","Brain",0.0964859355912,"Cluster_26"
"214","M30","D10","Brain",0.0470380260648,"Cluster_80"
"215","M30","D10","Brain",0.0979832869036,"Cluster_1332"
"216","M30","D10","Brain",52.8250709572,"Cluster_56"
"217","M30","D10","Brain",0.0835370330652,"Cluster_2385"
"218","M30","D10","Brain",0.0791744299513,"Cluster_2314"
"219","M30","D10","Brain",0.400729633817,"Cluster_569"
"220","M30","D10","Ear",0.0100554467001,"Cluster_859"
"221","M30","D10","Ear",0.736401738291,"Cluster_151"
"222","M30","D10","Ear",0.0445902297143,"Cluster_3818"
"223","M30","D10","Ear",0.379125253227,"Cluster_493"
"224","M30","D10","Ear",0.0885727016348,"Cluster_144"
"225","M30","D10","Ear",0.196012961014,"Cluster_841"
"226","M30","D10","Ear",1.27909721008,"Cluster_43"
"227","M30","D10","Ear",0.15618032167,"Cluster_86"
"228","M30","D10","Ear",0.0653540959876,"Cluster_932"
"229","M30","D10","Ear",0.512140597893,"Cluster_1571"
"230","M30","D10","Ear",0.0086990200172,"Cluster_19"
"231","M30","D10","Ear",0.201723281601,"Cluster_84"
"232","M30","D10","Ear",2.49405337637,"Cluster_1989"
"233","M30","D10","Ear",0.0129641667991,"Cluster_3883"
"234","M30","D10","Ear",0.0754227817023,"Cluster_1705"
"235","M30","D10","Ear",11.309714719,"Cluster_504"
"236","M30","D10","Ear",0.12434669421,"Cluster_87"
"237","M30","D10","Ear",0.164750925765,"Cluster_254"
"238","M30","D10","Ear",0.05483290731,"Cluster_1789"
"239","M30","D10","Ear",0.496612754465,"Cluster_315"
"240","M30","D10","Ear",2.43182380165,"Cluster_294"
"241","M30","D10","Ear",0.0230558515822,"Cluster_107"
"242","M30","D10","Ear",0.0470250240957,"Cluster_206"
"243","M30","D10","Ear",0.394814146369,"Cluster_327"
"244","M30","D10","Ear",0.00381993349444,"Cluster_1007"
"245","M30","D10","Ear",0.0143039761284,"Cluster_1701"
"246","M30","D10","Ear",0.160810188477,"Cluster_1123"
"247","M30","D10","Ear",0.119704683343,"Cluster_340"
"248","M30","D10","Ear",0.13673769462,"Cluster_591"
"249","M30","D10","Ear",0.0574693647996,"Cluster_956"
"250","M30","D10","Ear",0.427153184458,"Cluster_1152"
"251","M30","D10","Ear",0.00686242744407,"Cluster_1472"
"252","M30","D10","Ear",0.0139611504294,"Cluster_1060"
"253","M30","D10","Ear",0.00731587835967,"Cluster_523"
"254","M30","D10","Ear",0.304695004099,"Cluster_18"
"255","M30","D10","Ear",0.0535500274391,"Cluster_1754"
"256","M30","D10","Ear",0.330181291325,"Cluster_161"
"257","M30","D10","Ear",0.0508742542307,"Cluster_23"
"258","M30","D10","Ear",0.0341065490575,"Cluster_1008"
"259","M30","D10","Ear",2.15664309301,"Cluster_12"
"260","M30","D10","Ear",0.0107407421107,"Cluster_1747"
"261","M30","D10","Ear",0.0274130018047,"Cluster_549"
"262","M30","D10","Ear",0.0993564320293,"Cluster_15"
"263","M30","D10","Ear",0.191722884788,"Cluster_39"
"264","M30","D10","Ear",0.00939128437292,"Cluster_673"
"265","M30","D10","Ear",6.17484548737,"Cluster_1274"
"266","M30","D10","Ear",0.030986848402,"Cluster_1064"
"267","M30","D10","Ear",6.90917653184,"Cluster_1276"
"268","M30","D10","Ear",0.101937653823,"Cluster_8"
"269","M30","D10","Ear",0.319552734436,"Cluster_88"
"270","M30","D10","Ear",0.563674599025,"Cluster_78"
"271","M30","D10","Ear",0.800827955495,"Cluster_469"
"272","M30","D10","Ear",0.0111777676113,"Cluster_1260"
"273","M30","D10","Ear",0.117907969218,"Cluster_2484"
"274","M30","D10","Ear",0.0349166112012,"Cluster_2089"
"275","M30","D10","Ear",0.19554248286,"Cluster_741"
"276","M30","D10","Ear",0.401850602624,"Cluster_1537"
"277","M30","D10","Ear",0.0698632054409,"Cluster_1108"
"278","M30","D10","Ear",0.0600816426965,"Cluster_21"
"279","M30","D10","Ear",0.244025555963,"Cluster_338"
"280","M30","D10","Ear",2.36480691676,"Cluster_56"
"281","M30","D10","Ear",0.0183417651549,"Cluster_650"
"282","M30","D10","Ear",0.0220136831549,"Cluster_1092"
"283","M30","D10","Ear",0.682689491283,"Cluster_1678"
"284","M30","D10","Ear",0.242541290144,"Cluster_3891"
"285","M30","D10","Ear",0.00736243583774,"Cluster_229"
"286","M30","D10","Ear",0.445953045045,"Cluster_615"
"287","M30","D10","Ear",0.0217322711228,"Cluster_3769"
"288","M30","D10","Ear",0.111816376739,"Cluster_1722"
"289","M30","D10","Ear",0.00408421696879,"Cluster_261"
"290","M30","D10","Ear",1.53686822444,"Cluster_437"
"291","M30","D10","Ear",0.0824109732931,"Cluster_290"
"292","M30","D10","Ear",1.89383131843,"Cluster_264"
"293","M30","D10","Ear",0.0624406874245,"Cluster_886"
"294","M30","D10","Ear",0.447065625196,"Cluster_128"
"295","M30","D10","Ear",0.0281362567692,"Cluster_634"
"296","M30","D10","Ear",0.0366384862622,"Cluster_234"
"297","M30","D10","Ear",0.0233634788154,"Cluster_303"
"298","M30","D10","Ear",0.902278743471,"Cluster_514"
"299","M30","D10","Ear",0.15301083269,"Cluster_221"
"300","M30","D10","Ear",0.00765170708623,"Cluster_5"
"301","M30","D10","Ear",0.156716736706,"Cluster_1685"
"302","M30","D10","Ear",0.0444918308334,"Cluster_3170"
"303","M30","D10","Ear",0.138914501913,"Cluster_853"
"304","M30","D10","Ear",2.5991805446,"Cluster_50"
"305","M30","D10","Ear",0.129733533096,"Cluster_595"
"306","M30","D10","Ear",0.52011424081,"Cluster_54"
"307","M30","D10","Ear",0.00910921975547,"Cluster_1277"
"308","M30","D10","Ear",0.955370438411,"Cluster_2315"
"309","M30","D10","Ear",10.6813433808,"Cluster_26"
"310","M30","D10","Ear",1.47442880716,"Cluster_357"
"311","M30","D10","Ear",0.00542978280629,"Cluster_647"
"312","M30","D10","Ear",0.631949244605,"Cluster_893"
"313","M30","D10","Ear",3.33005396388,"Cluster_4"
"314","M30","D10","Ear",0.295764930134,"Cluster_1909"
"315","M30","D10","Ear",0.039523246876,"Cluster_524"
"316","M30","D10","Ear",0.158175598855,"Cluster_103"
"317","M30","D10","Ear",0.022054007146,"Cluster_1673"
"318","M30","D10","Ear",1.02467702823,"Cluster_240"
"319","M30","D10","Ear",0.201709212329,"Cluster_662"
"320","M30","D10","Ear",0.963501938319,"Cluster_1613"
"321","M30","D10","Ear",1.12362341889,"Cluster_832"
"322","M30","D10","Ear",2.83981403352,"Cluster_588"
"323","M30","D10","Ear",0.0809411784425,"Cluster_215"
"324","M30","D10","Ear",0.865242687114,"Cluster_59"
"325","M30","D10","Ear",0.0596750841981,"Cluster_740"
"326","M30","D10","Ear",3.48749614684,"Cluster_1545"
"327","M30","D10","Ear",3.10241159059,"Cluster_1831"
"328","M30","D10","Ear",0.194825003675,"Cluster_824"
"329","M30","D10","Ear",0.007948832198,"Cluster_1855"
"330","M30","D10","Ear",0.0174165908301,"Cluster_509"
"331","M30","D10","Ear",0.0735116720624,"Cluster_359"
"332","M30","D10","Ear",0.300783618853,"Cluster_943"
"333","M30","D10","Ear",0.0133691946127,"Cluster_3824"
"334","M30","D10","Ear",0.0278854411127,"Cluster_62"
"335","M30","D10","Ear",0.00428984594813,"Cluster_402"
"336","M30","D10","Ear",0.654008956593,"Cluster_232"
"337","M30","D10","Ear",2.80947113603,"Cluster_1830"
"338","M30","D10","Ear",0.0157600864189,"Cluster_479"
"339","M30","D10","Ear",0.421152674228,"Cluster_409"
"340","M30","D10","Ear",0.105315424603,"Cluster_472"
"341","M30","D10","Ear",0.397613825628,"Cluster_293"
"342","M30","D10","Ear",2.51100347936,"Cluster_2305"
"343","M30","D10","Ear",0.0964022896593,"Cluster_764"
"344","M30","D10","Ear",0.0135526343329,"Cluster_1275"
"345","M30","D10","Ear",0.0253713746075,"Cluster_2001"
"346","M30","D10","Ear",0.0110022808331,"Cluster_3073"
"347","M30","D10","Ear",0.201573900269,"Cluster_22"
"348","M30","D10","Ear",0.28597989529,"Cluster_763"
"349","M30","D10","Ear",0.544244705916,"Cluster_503"
"350","M30","D10","Ear",0.563315953852,"Cluster_1088"
"351","M30","D10","Ear",0.0878548450607,"Cluster_888"
"352","M30","D10","Ear",3.14432217916,"Cluster_978"
"353","M30","D10","Ear",0.00505789696941,"Cluster_183"
"354","M30","D10","Ear",0.019003104817,"Cluster_532"
"355","M30","D10","Ear",0.224777269679,"Cluster_480"
"356","M30","D10","Ear",0.0874874986465,"Cluster_202"
"357","M30","D10","Ear",0.00508008072804,"Cluster_143"
"358","M30","D10","Ear",0.0141383655192,"Cluster_2090"
"359","M30","D10","Ear",0.5265070927,"Cluster_248"
"360","M30","D10","Ear",0.353456959942,"Cluster_119"
"361","M30","D10","Ear",0.180664733556,"Cluster_9"
"362","M30","D10","Ear",0.267498668799,"Cluster_826"
"363","M30","D10","Ear",0.0573191885039,"Cluster_2537"
"364","M30","D10","Ear",0.043470438941,"Cluster_2051"
"365","M30","D10","Ear",0.0905280062082,"Cluster_363"
"366","M30","D10","Gon",0.04199438153,"Cluster_254"
"367","M30","D10","Gon",0.0166503403103,"Cluster_268"
"368","M30","D10","Gon",0.0109640503502,"Cluster_126"
"369","M30","D10","Gon",0.0178425056456,"Cluster_59"
"370","M30","D10","Gon",0.0119661409736,"Cluster_1153"
"371","M30","D10","Gon",0.23647087489,"Cluster_467"
"372","M30","D10","Gon",0.204226522485,"Cluster_827"
"373","M30","D10","Gon",0.0557820105537,"Cluster_624"
"374","M30","D10","Gon",0.0127552214156,"Cluster_2245"
"375","M30","D10","Gon",0.0502983552789,"Cluster_1681"
"376","M30","D10","Gon",0.0878504686208,"Cluster_1231"
"377","M30","D10","Gon",0.0148715281101,"Cluster_1436"
"378","M30","D10","Gon",0.103578660478,"Cluster_86"
"379","M30","D10","Gon",0.0325834784619,"Cluster_33"
"380","M30","D10","Gon",0.00338252617187,"Cluster_3918"
"381","M30","D10","Gon",0.0481237299317,"Cluster_1571"
"382","M30","D10","Gon",0.14822952223,"Cluster_103"
"383","M30","D10","Gon",0.00955674061074,"Cluster_437"
"384","M30","D10","Gon",0.0233657499538,"Cluster_22"
"385","M30","D10","Gon",0.0485641077471,"Cluster_34"
"386","M30","D10","Gon",0.101360503716,"Cluster_87"
"387","M30","D10","Gon",0.035593438818,"Cluster_1831"
"388","M30","D10","Gon",0.0175388466421,"Cluster_144"
"389","M30","D10","Gon",0.00843172050028,"Cluster_810"
"390","M30","D10","Gon",0.00959577979263,"Cluster_518"
"391","M30","D10","Gon",0.0396108620396,"Cluster_480"
"392","M30","D10","Gon",0.00652453867177,"Cluster_1524"
"393","M30","D10","Gon",0.327907764741,"Cluster_763"
"394","M30","D10","Gon",0.200885257253,"Cluster_826"
"395","M30","D10","Gon",0.117778298993,"Cluster_19"
"396","M30","D10","Gon",0.0153827621647,"Cluster_109"
"397","M30","D10","Gon",0.0685881880863,"Cluster_987"
"398","M30","D10","Gon",0.0189891260926,"Cluster_1765"
"399","M30","D10","Gon",0.0212400732493,"Cluster_886"
"400","M30","D10","Gon",0.0316217507364,"Cluster_1004"
"401","M30","D10","Gon",0.00160584575836,"Cluster_3502"
"402","M30","D10","Gon",0.257481401452,"Cluster_21"
"403","M30","D10","Gon",0.010093887624,"Cluster_859"
"404","M30","D10","Gon",0.0592870870789,"Cluster_98"
"405","M30","D10","Gon",0.0214971238785,"Cluster_2647"
"406","M30","D10","Gon",0.0253924360541,"Cluster_11"
"407","M30","D10","Gon",0.200904447229,"Cluster_128"
"408","M30","D10","Gon",0.286462019505,"Cluster_550"
"409","M30","D10","Gon",0.180398241963,"Cluster_647"
"410","M30","D10","Gon",0.00716523853872,"Cluster_634"
"411","M30","D10","Gon",0.227819987028,"Cluster_119"
"412","M30","D10","Gon",0.052305964896,"Cluster_833"
"413","M30","D10","Gon",0.0180839736158,"Cluster_1514"
"414","M30","D10","Gon",0.155366374199,"Cluster_366"
"415","M30","D10","Gon",0.00916474315651,"Cluster_639"
"416","M30","D10","Gon",0.0152969224817,"Cluster_3154"
"417","M30","D10","Gon",0.00655217266821,"Cluster_2926"
"418","M30","D10","Gon",0.0522719180528,"Cluster_4127"
"419","M30","D10","Gon",0.0227597754599,"Cluster_735"
"420","M30","D10","Gon",0.0132703447477,"Cluster_2183"
"421","M30","D10","Gon",0.0517105439887,"Cluster_278"
"422","M30","D10","Gon",0.155186576883,"Cluster_2173"
"423","M30","D10","Gon",0.0146340253628,"Cluster_272"
"424","M30","D10","Gon",0.0334506741028,"Cluster_404"
"425","M30","D10","Gon",0.0439134976699,"Cluster_691"
"426","M30","D10","Gon",0.0106376911639,"Cluster_563"
"427","M30","D10","Gon",0.0134488135033,"Cluster_106"
"428","M30","D10","Gon",0.0140507979173,"Cluster_2675"
"429","M30","D10","Gon",0.0106807415556,"Cluster_69"
"430","M30","D10","Gon",0.0497076352804,"Cluster_27"
"431","M30","D10","Gon",0.0604524490288,"Cluster_409"
"432","M30","D10","Gon",0.556494556458,"Cluster_50"
"433","M30","D10","Gon",0.0333336389013,"Cluster_1088"
"434","M30","D10","Gon",0.0159516977548,"Cluster_793"
"435","M30","D10","Gon",0.0196943799947,"Cluster_493"
"436","M30","D10","Gon",0.0542291365429,"Cluster_532"
"437","M30","D10","Gon",0.0387103674053,"Cluster_200"
"438","M30","D10","Gon",0.0429811007269,"Cluster_792"
"439","M30","D10","Gon",0.0789579175172,"Cluster_240"
"440","M30","D10","Gon",0.036392120714,"Cluster_193"
"441","M30","D10","Gon",0.103408657254,"Cluster_2002"
"442","M30","D10","Gon",0.0356683048252,"Cluster_303"
"443","M30","D10","Gon",0.0288184211771,"Cluster_264"
"444","M30","D10","Gon",0.0142601804134,"Cluster_1059"
"445","M30","D10","Gon",0.00670392235268,"Cluster_3507"
"446","M30","D10","Gon",0.00218527464025,"Cluster_3383"
"447","M30","D10","Gon",0.703902861175,"Cluster_248"
"448","M30","D10","Gon",0.0470736755287,"Cluster_352"
"449","M30","D10","Gon",0.0618985404962,"Cluster_23"
"450","M30","D10","Gon",0.375508069441,"Cluster_1830"
"451","M30","D10","Gon",0.0640593411519,"Cluster_4"
"452","M30","D10","Gon",0.0743831450412,"Cluster_1909"
"453","M30","D10","Gon",0.00818051732524,"Cluster_1963"
"454","M30","D10","Gon",0.0300591671859,"Cluster_1229"
"455","M30","D10","Gon",0.038775300019,"Cluster_979"
"456","M30","D10","Gon",0.0238084088522,"Cluster_229"
"457","M30","D10","Gon",0.0320487625621,"Cluster_736"
"458","M30","D10","Gon",0.0385635152478,"Cluster_498"
"459","M30","D10","Gon",0.639970500161,"Cluster_161"
"460","M30","D10","Gon",0.175113442907,"Cluster_232"
"461","M30","D10","Gon",0.00748987938057,"Cluster_1453"
"462","M30","D10","Gon",0.171621261397,"Cluster_2537"
"463","M30","D10","Gon",0.0232108177344,"Cluster_654"
"464","M30","D10","Gon",0.00891469514456,"Cluster_524"
"465","M30","D10","Gon",0.035328606684,"Cluster_591"
"466","M30","D10","Gon",0.0120320272238,"Cluster_277"
"467","M30","D10","Gon",0.210115072045,"Cluster_2315"
"468","M30","D10","Gon",0.0193292146915,"Cluster_1720"
"469","M30","D10","Gon",0.412936499721,"Cluster_338"
"470","M30","D10","Gon",0.0334054768847,"Cluster_365"
"471","M30","D10","Gon",0.10968385983,"Cluster_648"
"472","M30","D10","Gon",0.0034066870731,"Cluster_221"
"473","M30","D10","Gon",0.0540534996676,"Cluster_782"
"474","M30","D10","Gon",0.725478260356,"Cluster_469"
"475","M30","D10","Gon",0.0311907088539,"Cluster_1328"
"476","M30","D10","Gon",0.0169116889139,"Cluster_1989"
"477","M30","D10","Gon",0.377782682507,"Cluster_54"
"478","M30","D10","Gon",0.151676557437,"Cluster_202"
"479","M30","D10","Gon",0.0595681012256,"Cluster_820"
"480","M30","D10","Gon",0.019437110681,"Cluster_1682"
"481","M30","D10","Gon",0.0281356249002,"Cluster_1906"
"482","M30","D10","Gon",0.00170944871052,"Cluster_1007"
"483","M30","D10","Gon",0.0208024922212,"Cluster_772"
"484","M30","D10","Gon",0.00592815622362,"Cluster_323"
"485","M30","D10","Gon",74.8598325643,"Cluster_56"
"486","M30","D10","Gon",0.00988619446301,"Cluster_265"
"487","M30","D10","Gon",0.0300329428484,"Cluster_472"
"488","M30","D10","Gon",0.0138071830712,"Cluster_617"
"489","M30","D10","Gon",0.0347847093103,"Cluster_453"
"490","M30","D10","Gon",0.00754747506431,"Cluster_2007"
"491","M30","D10","Gon",0.341415086324,"Cluster_343"
"492","M30","D10","Gon",0.0391922387289,"Cluster_2652"
"493","M30","D10","Gon",0.0343031028615,"Cluster_1099"
"494","M30","D10","Gon",0.291890677386,"Cluster_315"
"495","M30","D10","Gon",0.0140901528484,"Cluster_1695"
"496","M30","D10","Gon",0.0107167190658,"Cluster_8"
"497","M30","D10","Gon",0.482199322314,"Cluster_1274"
"498","M30","D10","Gon",0.260480534666,"Cluster_824"
"499","M30","D10","Gon",0.0503187830808,"Cluster_456"
"500","M30","D10","Gon",0.0346563921805,"Cluster_606"
"501","M30","D10","Gon",0.109098690291,"Cluster_1123"
"502","M30","D10","Gon",0.00216297591943,"Cluster_2471"
"503","M30","D10","Gon",0.255092916851,"Cluster_321"
"504","M30","D10","Gon",0.00612675504619,"Cluster_52"
"505","M30","D10","Gon",0.0349781244748,"Cluster_190"
"506","M30","D10","Gon",0.0198489344974,"Cluster_267"
"507","M30","D10","Gon",0.371743461352,"Cluster_357"
"508","M30","D10","Gon",0.108658433324,"Cluster_2305"
"509","M30","D10","Gon",0.164270567788,"Cluster_509"
"510","M30","D10","Gon",0.022952343196,"Cluster_1484"
"511","M30","D10","Gon",0.0537817084161,"Cluster_488"
"512","M30","D10","Gon",0.0234928857444,"Cluster_1679"
"513","M30","D10","Gon",0.105586777055,"Cluster_1325"
"514","M30","D10","Gon",0.0387636993309,"Cluster_2042"
"515","M30","D10","Gon",0.14146286626,"Cluster_978"
"516","M30","D10","Gon",0.130522478097,"Cluster_1613"
"517","M30","D10","Gon",0.164833890766,"Cluster_888"
"518","M30","D10","Gon",0.119843161467,"Cluster_853"
"519","M30","D10","Gon",0.0398655435423,"Cluster_228"
"520","M30","D10","Gon",0.0194108861443,"Cluster_514"
"521","M30","D10","Gon",0.00973923751829,"Cluster_2421"
"522","M30","D10","Gon",0.0468285343729,"Cluster_88"
"523","M30","D10","Gon",0.00908002594241,"Cluster_1755"
"524","M30","D10","Gon",0.123310425253,"Cluster_327"
"525","M30","D10","Gon",0.0447677556513,"Cluster_179"
"526","M30","D10","Gon",0.0616217640882,"Cluster_2766"
"527","M30","D10","Gon",0.0786593556048,"Cluster_151"
"528","M30","D10","Gon",0.00764722940623,"Cluster_1673"
"529","M30","D10","Gon",8.99605964936,"Cluster_294"
"530","M30","D10","Gon",0.235532918864,"Cluster_503"
"531","M30","D10","Gon",0.0965806652524,"Cluster_1545"
"532","M30","D10","Gon",0.00963507455018,"Cluster_3359"
"533","M30","D10","Gon",0.0873079911084,"Cluster_504"
"534","M30","D10","Gon",0.330159517667,"Cluster_893"
"535","M30","D10","Gon",0.0136755896841,"Cluster_1032"
"536","M30","D10","Gon",0.0692984208032,"Cluster_423"
"537","M30","D10","Gon",0.365478900049,"Cluster_1678"
"538","M30","D10","Gon",0.0376078716313,"Cluster_1013"
"539","M30","D10","Gon",0.0462111807043,"Cluster_66"
"540","M30","D10","Gon",0.201380903089,"Cluster_1537"
"541","M30","D10","Gon",0.00574621915944,"Cluster_3508"
"542","M30","D10","Gon",0.0727433350817,"Cluster_2441"
"543","M30","D10","Gon",0.00930898822374,"Cluster_2781"
"544","M30","D10","Gon",0.00792646456826,"Cluster_414"
"545","M30","D10","Gon",0.0424096660555,"Cluster_434"
"546","M30","D10","Gon",0.0430151654604,"Cluster_2303"
"547","M30","D10","Gon",0.298173440413,"Cluster_26"
"548","M30","D10","Heart",0.0197106630138,"Cluster_1675"
"549","M30","D10","Heart",0.042173624186,"Cluster_988"
"550","M30","D10","Heart",0.00813916622529,"Cluster_2853"
"551","M30","D10","Heart",0.309584033646,"Cluster_826"
"552","M30","D10","Heart",0.168686948667,"Cluster_39"
"553","M30","D10","Heart",1.81269213833,"Cluster_1274"
"554","M30","D10","Heart",0.0573407410847,"Cluster_1229"
"555","M30","D10","Heart",0.0956073565374,"Cluster_1325"
"556","M30","D10","Heart",0.0162575161687,"Cluster_394"
"557","M30","D10","Heart",0.00753552798038,"Cluster_62"
"558","M30","D10","Heart",0.0290933093418,"Cluster_92"
"559","M30","D10","Heart",4.50028708075,"Cluster_1830"
"560","M30","D10","Heart",1.34112938032,"Cluster_424"
"561","M30","D10","Heart",0.01278302308,"Cluster_229"
"562","M30","D10","Heart",0.040856199492,"Cluster_19"
"563","M30","D10","Heart",0.0263872512327,"Cluster_2215"
"564","M30","D10","Heart",0.013036905754,"Cluster_895"
"565","M30","D10","Heart",0.0805759723915,"Cluster_2472"
"566","M30","D10","Heart",0.583357712047,"Cluster_151"
"567","M30","D10","Heart",0.12481745256,"Cluster_78"
"568","M30","D10","Heart",1.98934548492,"Cluster_1123"
"569","M30","D10","Heart",0.484245274155,"Cluster_1909"
"570","M30","D10","Heart",0,"Cluster_634"
"571","M30","D10","Heart",0.379408636896,"Cluster_588"
"572","M30","D10","Heart",0.080918579936,"Cluster_286"
"573","M30","D10","Heart",1.02172360615,"Cluster_647"
"574","M30","D10","Heart",0.0582949931838,"Cluster_589"
"575","M30","D10","Heart",0.0630926883959,"Cluster_153"
"576","M30","D10","Heart",0.0413206041385,"Cluster_1369"
"577","M30","D10","Heart",1.01661799478,"Cluster_1545"
"578","M30","D10","Heart",0.0137590667142,"Cluster_2287"
"579","M30","D10","Heart",0.0749173651868,"Cluster_180"
"580","M30","D10","Heart",1.51073169701,"Cluster_467"
"581","M30","D10","Heart",0.0085738991394,"Cluster_1511"
"582","M30","D10","Heart",0.266621097962,"Cluster_783"
"583","M30","D10","Heart",1.10448571398,"Cluster_1571"
"584","M30","D10","Heart",0.22308389721,"Cluster_662"
"585","M30","D10","Heart",0.0139336741598,"Cluster_4210"
"586","M30","D10","Heart",0.464026590172,"Cluster_64"
"587","M30","D10","Heart",0.167437258014,"Cluster_260"
"588","M30","D10","Heart",1.94830837998,"Cluster_1537"
"589","M30","D10","Heart",0.237004629376,"Cluster_493"
"590","M30","D10","Heart",0.0113309961176,"Cluster_2801"
"591","M30","D10","Heart",0.0156438703737,"Cluster_18"
"592","M30","D10","Heart",0,"Cluster_4212"
"593","M30","D10","Heart",0.0128417955999,"Cluster_1294"
"594","M30","D10","Heart",0.0256014475179,"Cluster_617"
"595","M30","D10","Heart",1.86956407391,"Cluster_1613"
"596","M30","D10","Heart",0.0871890332835,"Cluster_1267"
"597","M30","D10","Heart",1.73648311218,"Cluster_248"
"598","M30","D10","Heart",0.0865937593204,"Cluster_34"
"599","M30","D10","Heart",0.0697069944643,"Cluster_22"
"600","M30","D10","Heart",0.0747616545354,"Cluster_505"
"601","M30","D10","Heart",1.88953583164,"Cluster_338"
"602","M30","D10","Heart",0.136775632792,"Cluster_2245"
"603","M30","D10","Heart",0.0190248823702,"Cluster_491"
"604","M30","D10","Heart",0.412208490161,"Cluster_2315"
"605","M30","D10","Heart",0.204543352077,"Cluster_432"
"606","M30","D10","Heart",0.027498393017,"Cluster_698"
"607","M30","D10","Heart",0.0588582298329,"Cluster_4068"
"608","M30","D10","Heart",0.00701737464475,"Cluster_855"
"609","M30","D10","Heart",0.865876953317,"Cluster_978"
"610","M30","D10","Heart",0.0115697947712,"Cluster_1472"
"611","M30","D10","Heart",0.199918387109,"Cluster_402"
"612","M30","D10","Heart",1.06571081965,"Cluster_88"
"613","M30","D10","Heart",0.00864120825414,"Cluster_1729"
"614","M30","D10","Heart",1.39754593089,"Cluster_128"
"615","M30","D10","Heart",0.162659646871,"Cluster_943"
"616","M30","D10","Heart",0.0846540964527,"Cluster_480"
"617","M30","D10","Heart",0.00813916622529,"Cluster_4205"
"618","M30","D10","Heart",0.0457488968246,"Cluster_409"
"619","M30","D10","Heart",0,"Cluster_1216"
"620","M30","D10","Heart",0.131883781516,"Cluster_1365"
"621","M30","D10","Heart",0.525040495911,"Cluster_87"
"622","M30","D10","Heart",0.466957988878,"Cluster_609"
"623","M30","D10","Heart",0.118319360868,"Cluster_1260"
"624","M30","D10","Heart",0.0746464316075,"Cluster_1673"
"625","M30","D10","Heart",0.81645157802,"Cluster_664"
"626","M30","D10","Heart",3.27306112117,"Cluster_503"
"627","M30","D10","Heart",0.0759856752455,"Cluster_66"
"628","M30","D10","Heart",0.522071668125,"Cluster_437"
"629","M30","D10","Heart",0.0284630849405,"Cluster_3802"
"630","M30","D10","Heart",0.107871083039,"Cluster_1626"
"631","M30","D10","Heart",0.260248417122,"Cluster_261"
"632","M30","D10","Heart",0.0149377063335,"Cluster_3220"
"633","M30","D10","Heart",0.164232790786,"Cluster_272"
"634","M30","D10","Heart",0.0251386631239,"Cluster_2441"
"635","M30","D10","Heart",0.0172662797982,"Cluster_4257"
"636","M30","D10","Heart",0.371405777846,"Cluster_606"
"637","M30","D10","Heart",0.0332020783673,"Cluster_853"
"638","M30","D10","Heart",1.14650625581,"Cluster_465"
"639","M30","D10","Heart",0.0385500984012,"Cluster_187"
"640","M30","D10","Heart",0.00139584734782,"Cluster_164"
"641","M30","D10","Heart",0.00811228210894,"Cluster_2329"
"642","M30","D10","Heart",0.0158203109292,"Cluster_2157"
"643","M30","D10","Heart",0.409112941789,"Cluster_23"
"644","M30","D10","Heart",0.0466611827698,"Cluster_2609"
"645","M30","D10","Heart",0.0265316343055,"Cluster_1705"
"646","M30","D10","Heart",1.46304164372,"Cluster_59"
"647","M30","D10","Heart",0.0130618859865,"Cluster_741"
"648","M30","D10","Heart",0.108015103177,"Cluster_340"
"649","M30","D10","Heart",0.606063624637,"Cluster_532"
"650","M30","D10","Heart",0.00780109078499,"Cluster_1485"
"651","M30","D10","Heart",0.0499819158189,"Cluster_364"
"652","M30","D10","Heart",0.0208872579035,"Cluster_1893"
"653","M30","D10","Heart",0.0397573032381,"Cluster_479"
"654","M30","D10","Heart",0.987516121079,"Cluster_888"
"655","M30","D10","Heart",0.186206036199,"Cluster_383"
"656","M30","D10","Heart",0.676595435762,"Cluster_232"
"657","M30","D10","Heart",4.72910221829,"Cluster_50"
"658","M30","D10","Heart",0.0833794286452,"Cluster_91"
"659","M30","D10","Heart",0.0882873447493,"Cluster_2068"
"660","M30","D10","Heart",0.0164814488983,"Cluster_3910"
"661","M30","D10","Heart",0.121288836455,"Cluster_1884"
"662","M30","D10","Heart",2.10632237587,"Cluster_357"
"663","M30","D10","Heart",1.38266743461,"Cluster_315"
"664","M30","D10","Heart",0.900186286241,"Cluster_84"
"665","M30","D10","Heart",0.0122432373304,"Cluster_3713"
"666","M30","D10","Heart",0.108769554957,"Cluster_8"
"667","M30","D10","Heart",0.0951162001443,"Cluster_896"
"668","M30","D10","Heart",0.109541067617,"Cluster_591"
"669","M30","D10","Heart",0.0220882709127,"Cluster_623"
"670","M30","D10","Heart",0.228205168534,"Cluster_206"
"671","M30","D10","Heart",0.0268685637552,"Cluster_899"
"672","M30","D10","Heart",0.0942672468212,"Cluster_1454"
"673","M30","D10","Heart",0.841205919217,"Cluster_1831"
"674","M30","D10","Heart",0.0182988603001,"Cluster_403"
"675","M30","D10","Heart",1.44720277571,"Cluster_469"
"676","M30","D10","Heart",0.0253218504787,"Cluster_650"
"677","M30","D10","Heart",0.0261743604584,"Cluster_359"
"678","M30","D10","Heart",0.326022330152,"Cluster_103"
"679","M30","D10","Heart",0.719972098436,"Cluster_119"
"680","M30","D10","Heart",0.00401306112497,"Cluster_3409"
"681","M30","D10","Heart",0.530142263242,"Cluster_86"
"682","M30","D10","Heart",0.574599718663,"Cluster_509"
"683","M30","D10","Heart",0.741051981506,"Cluster_763"
"684","M30","D10","Heart",0.0203204713611,"Cluster_466"
"685","M30","D10","Heart",1.86462872111,"Cluster_293"
"686","M30","D10","Heart",0.0225838474343,"Cluster_4069"
"687","M30","D10","Heart",0.0623393322175,"Cluster_2052"
"688","M30","D10","Heart",0.0281741714031,"Cluster_98"
"689","M30","D10","Heart",0.0686436906607,"Cluster_960"
"690","M30","D10","Heart",0.0336696305562,"Cluster_4155"
"691","M30","D10","Heart",1.28207664586,"Cluster_1678"
"692","M30","D10","Heart",0.419950644928,"Cluster_2305"
"693","M30","D10","Heart",0.0100501009043,"Cluster_3446"
"694","M30","D10","Heart",0.136464605416,"Cluster_393"
"695","M30","D10","Heart",1.95769396922,"Cluster_26"
"696","M30","D10","Heart",1.2778087188,"Cluster_1231"
"697","M30","D10","Heart",0.153985331854,"Cluster_641"
"698","M30","D10","Heart",0.176221115831,"Cluster_1289"
"699","M30","D10","Heart",0.761335024851,"Cluster_254"
"700","M30","D10","Heart",0.0484329671526,"Cluster_3397"
"701","M30","D10","Heart",0.0439189409517,"Cluster_148"
"702","M30","D10","Heart",0.174425963857,"Cluster_9"
"703","M30","D10","Heart",0.087620915826,"Cluster_1883"
"704","M30","D10","Heart",0.0899385148007,"Cluster_2314"
"705","M30","D10","Heart",0.0574630961084,"Cluster_1414"
"706","M30","D10","Heart",0.0198217689339,"Cluster_1894"
"707","M30","D10","Heart",0.0666682355134,"Cluster_1044"
"708","M30","D10","Heart",0,"Cluster_4206"
"709","M30","D10","Heart",0.0273677611145,"Cluster_1895"
"710","M30","D10","Heart",0.260888549663,"Cluster_200"
"711","M30","D10","Heart",0.820425171103,"Cluster_54"
"712","M30","D10","Heart",0.108313688616,"Cluster_1064"
"713","M30","D10","Heart",0.027895870332,"Cluster_290"
"714","M30","D10","Heart",0.168601255141,"Cluster_1010"
"715","M30","D10","Heart",0.015839706071,"Cluster_904"
"716","M30","D10","Heart",0.149222043127,"Cluster_221"
"717","M30","D10","Heart",0.0117716459666,"Cluster_2701"
"718","M30","D10","Heart",0.0163266418418,"Cluster_1232"
"719","M30","D10","Heart",1.83322899876,"Cluster_4"
"720","M30","D10","Heart",0.663787986353,"Cluster_201"
"721","M30","D10","Heart",0.0389655289876,"Cluster_69"
"722","M30","D10","Heart",0.0445618849531,"Cluster_694"
"723","M30","D10","Heart",0.727259350955,"Cluster_1088"
"724","M30","D10","Heart",0.0956980454849,"Cluster_15"
"725","M30","D10","Heart",0.129410147712,"Cluster_1592"
"726","M30","D10","Heart",0.028201813762,"Cluster_3165"
"727","M30","D10","Heart",0.0314885164556,"Cluster_1125"
"728","M30","D10","Heart",15.6241000497,"Cluster_294"
"729","M30","D10","Heart",0.175715361635,"Cluster_1004"
"730","M30","D10","Heart",0.594132866966,"Cluster_327"
"731","M30","D10","Heart",0.0764310622836,"Cluster_1012"
"732","M30","D10","Heart",0.0266398951275,"Cluster_1208"
"733","M30","D10","Heart",0.345632573039,"Cluster_1009"
"734","M30","D10","Heart",0.209330248555,"Cluster_536"
"735","M30","D10","Heart",0.860335912235,"Cluster_240"
"736","M30","D10","Heart",0.909113832414,"Cluster_1989"
"737","M30","D10","Heart",0.0920328684659,"Cluster_1093"
"738","M30","D10","Heart",0.137215599326,"Cluster_524"
"739","M30","D10","Heart",0.101050194884,"Cluster_3144"
"740","M30","D10","Heart",0.0306485590605,"Cluster_1963"
"741","M30","D10","Heart",0.0776843155906,"Cluster_1152"
"742","M30","D10","Heart",0.280933343171,"Cluster_2582"
"743","M30","D10","Heart",0.0866242743732,"Cluster_725"
"744","M30","D10","Heart",0.0604634542829,"Cluster_1092"
"745","M30","D10","Heart",0.907564070448,"Cluster_21"
"746","M30","D10","Heart",0.0112042511945,"Cluster_3162"
"747","M30","D10","Heart",0.0115865824961,"Cluster_712"
"748","M30","D10","Heart",2.06066335902,"Cluster_893"
"749","M30","D10","Heart",0.378105095143,"Cluster_109"
"750","M30","D10","Heart",0.279077707158,"Cluster_504"
"751","M30","D10","Heart",0.21684024756,"Cluster_264"
"752","M30","D10","Heart",0.0120478384312,"Cluster_36"
"753","M30","D10","Heart",1.8036885638,"Cluster_56"
"754","M30","D10","Heart",0.243130051265,"Cluster_303"
"755","M30","D10","Heart",0.103564247659,"Cluster_107"
"756","M30","D10","Heart",0.0572130744264,"Cluster_1725"
"757","M30","D10","Heart",0.0301064727112,"Cluster_1293"
"758","M30","D10","Heart",0.00990761678331,"Cluster_2542"
"759","M30","D10","Heart",0.620566061342,"Cluster_279"
"760","M30","D10","Heart",0.191990501397,"Cluster_3404"
"761","M30","D10","Lung",0.00323553310883,"Cluster_2290"
"762","M30","D10","Lung",0,"Cluster_862"
"763","M30","D10","Lung",0.0290171375707,"Cluster_1906"
"764","M30","D10","Lung",0.000782437595634,"Cluster_505"
"765","M30","D10","Lung",0.00687088244283,"Cluster_728"
"766","M30","D10","Lung",0.575840339435,"Cluster_1545"
"767","M30","D10","Lung",0.00158660956892,"Cluster_526"
"768","M30","D10","Lung",0.00764777374462,"Cluster_2421"
"769","M30","D10","Lung",0.00922674487774,"Cluster_1380"
"770","M30","D10","Lung",0.0131504104736,"Cluster_402"
"771","M30","D10","Lung",0.00522848876405,"Cluster_1303"
"772","M30","D10","Lung",0.0425160519008,"Cluster_359"
"773","M30","D10","Lung",0.00214562226678,"Cluster_1458"
"774","M30","D10","Lung",0.0255158030675,"Cluster_717"
"775","M30","D10","Lung",0.0285589722406,"Cluster_1046"
"776","M30","D10","Lung",0.0153876502316,"Cluster_3991"
"777","M30","D10","Lung",0.0023105964596,"Cluster_2092"
"778","M30","D10","Lung",0.00209393686489,"Cluster_4298"
"779","M30","D10","Lung",0.010263380649,"Cluster_3992"
"780","M30","D10","Lung",0,"Cluster_4304"
"781","M30","D10","Lung",0.306744516659,"Cluster_3891"
"782","M30","D10","Lung",0.00801356236006,"Cluster_3707"
"783","M30","D10","Lung",0.198348542729,"Cluster_1260"
"784","M30","D10","Lung",0.0243849686055,"Cluster_163"
"785","M30","D10","Lung",0.00282063923364,"Cluster_261"
"786","M30","D10","Lung",0.0665369712668,"Cluster_2245"
"787","M30","D10","Lung",0.0164024144168,"Cluster_189"
"788","M30","D10","Lung",0.00096810075392,"Cluster_3807"
"789","M30","D10","Lung",1.13921675704,"Cluster_503"
"790","M30","D10","Lung",0,"Cluster_787"
"791","M30","D10","Lung",0.0106491082931,"Cluster_1151"
"792","M30","D10","Lung",0.00515996487158,"Cluster_251"
"793","M30","D10","Lung",0.0137118001278,"Cluster_714"
"794","M30","D10","Lung",0.253660436671,"Cluster_2305"
"795","M30","D10","Lung",0.00361056436617,"Cluster_3783"
"796","M30","D10","Lung",0.00791625024572,"Cluster_2993"
"797","M30","D10","Lung",0.00996136951753,"Cluster_4098"
"798","M30","D10","Lung",0.00318903777762,"Cluster_3432"
"799","M30","D10","Lung",0.040082768057,"Cluster_624"
"800","M30","D10","Lung",0.0082779629683,"Cluster_43"
"801","M30","D10","Lung",0.00528869856308,"Cluster_2065"
"802","M30","D10","Lung",0.0165787254109,"Cluster_158"
"803","M30","D10","Lung",0.00565915118132,"Cluster_3438"
"804","M30","D10","Lung",0.00815970635447,"Cluster_488"
"805","M30","D10","Lung",0.0114235888963,"Cluster_4108"
"806","M30","D10","Lung",0.0292959779759,"Cluster_405"
"807","M30","D10","Lung",1.14989445002,"Cluster_469"
"808","M30","D10","Lung",0.00288209811603,"Cluster_307"
"809","M30","D10","Lung",0,"Cluster_2971"
"810","M30","D10","Lung",0.387031483409,"Cluster_88"
"811","M30","D10","Lung",0.00509602478643,"Cluster_2074"
"812","M30","D10","Lung",0,"Cluster_3346"
"813","M30","D10","Lung",0.0472058543818,"Cluster_32"
"814","M30","D10","Lung",0.00794243606692,"Cluster_933"
"815","M30","D10","Lung",0,"Cluster_3597"
"816","M30","D10","Lung",0.0194343213588,"Cluster_112"
"817","M30","D10","Lung",0.00413898148415,"Cluster_1295"
"818","M30","D10","Lung",0.0134395163485,"Cluster_3254"
"819","M30","D10","Lung",0.937361466922,"Cluster_26"
"820","M30","D10","Lung",0,"Cluster_3512"
"821","M30","D10","Lung",0.00572500600044,"Cluster_2321"
"822","M30","D10","Lung",0.00937757297454,"Cluster_3570"
"823","M30","D10","Lung",0.0034860717289,"Cluster_2238"
"824","M30","D10","Lung",0.00383986181387,"Cluster_2091"
"825","M30","D10","Lung",0.0259335509329,"Cluster_575"
"826","M30","D10","Lung",0.00718921010215,"Cluster_4114"
"827","M30","D10","Lung",0.230206208261,"Cluster_532"
"828","M30","D10","Lung",0.0685725968415,"Cluster_432"
"829","M30","D10","Lung",0.00671975817427,"Cluster_1333"
"830","M30","D10","Lung",0.00873568562655,"Cluster_3910"
"831","M30","D10","Lung",0.00234393292688,"Cluster_3939"
"832","M30","D10","Lung",0.0069311662966,"Cluster_1379"
"833","M30","D10","Lung",0.00352350956216,"Cluster_2597"
"834","M30","D10","Lung",1.28760770696,"Cluster_248"
"835","M30","D10","Lung",0.00497752173786,"Cluster_76"
"836","M30","D10","Lung",0.0284188791743,"Cluster_403"
"837","M30","D10","Lung",0,"Cluster_1823"
"838","M30","D10","Lung",0.0175611071542,"Cluster_2609"
"839","M30","D10","Lung",0.0404516854648,"Cluster_99"
"840","M30","D10","Lung",0.051621238527,"Cluster_272"
"841","M30","D10","Lung",0.0158111957042,"Cluster_3508"
"842","M30","D10","Lung",0,"Cluster_4165"
"843","M30","D10","Lung",0.00900308685622,"Cluster_1561"
"844","M30","D10","Lung",0.00324581677126,"Cluster_776"
"845","M30","D10","Lung",0.00449616472593,"Cluster_1109"
"846","M30","D10","Lung",0,"Cluster_2204"
"847","M30","D10","Lung",0.0108648263959,"Cluster_653"
"848","M30","D10","Lung",0.00222478480094,"Cluster_2711"
"849","M30","D10","Lung",0.0172746954041,"Cluster_181"
"850","M30","D10","Lung",0.00389038631142,"Cluster_3125"
"851","M30","D10","Lung",0.0365825826774,"Cluster_176"
"852","M30","D10","Lung",0.0148293793746,"Cluster_1310"
"853","M30","D10","Lung",0.410142726995,"Cluster_609"
"854","M30","D10","Lung",0.016610830793,"Cluster_114"
"855","M30","D10","Lung",0.112566858117,"Cluster_287"
"856","M30","D10","Lung",0.00367452574432,"Cluster_284"
"857","M30","D10","Lung",0.00364582624349,"Cluster_1219"
"858","M30","D10","Lung",0.00376340084572,"Cluster_2361"
"859","M30","D10","Lung",0,"Cluster_4300"
"860","M30","D10","Lung",0,"Cluster_1577"
"861","M30","D10","Lung",0.00295437643869,"Cluster_2450"
"862","M30","D10","Lung",0.0388068371058,"Cluster_153"
"863","M30","D10","Lung",0.0288959512641,"Cluster_177"
"864","M30","D10","Lung",0.465730931924,"Cluster_541"
"865","M30","D10","Lung",0.00815970635447,"Cluster_261"
"866","M30","D10","Lung",0.497512916269,"Cluster_437"
"867","M30","D10","Lung",0.00389440530554,"Cluster_3734"
"868","M30","D10","Lung",0.734106641162,"Cluster_54"
"869","M30","D10","Lung",0.00666473456588,"Cluster_1585"
"870","M30","D10","Lung",0.00330568748895,"Cluster_3043"
"871","M30","D10","Lung",0.0276416604984,"Cluster_2"
"872","M30","D10","Lung",0,"Cluster_3161"
"873","M30","D10","Lung",0.00366532264051,"Cluster_3911"
"874","M30","D10","Lung",0.444522874168,"Cluster_1989"
"875","M30","D10","Lung",0.17473554568,"Cluster_1004"
"876","M30","D10","Lung",0.00415907362728,"Cluster_2093"
"877","M30","D10","Lung",0.00676831134027,"Cluster_881"
"878","M30","D10","Lung",0.00397900287398,"Cluster_1324"
"879","M30","D10","Lung",0.00135995105908,"Cluster_1388"
"880","M30","D10","Lung",0.00893797938977,"Cluster_2100"
"881","M30","D10","Lung",0.0098857980833,"Cluster_1233"
"882","M30","D10","Lung",0.0137149969179,"Cluster_2328"
"883","M30","D10","Lung",0.00149436482654,"Cluster_2706"
"884","M30","D10","Lung",0.0343630163972,"Cluster_445"
"885","M30","D10","Lung",0.00626904268697,"Cluster_864"
"886","M30","D10","Lung",0,"Cluster_1095"
"887","M30","D10","Lung",0.201821827893,"Cluster_107"
"888","M30","D10","Lung",0,"Cluster_2273"
"889","M30","D10","Lung",0,"Cluster_3494"
"890","M30","D10","Lung",0.049524229319,"Cluster_1679"
"891","M30","D10","Lung",0.109409611508,"Cluster_1592"
"892","M30","D10","Lung",0.00263448811641,"Cluster_3509"
"893","M30","D10","Lung",0.0083597585905,"Cluster_2124"
"894","M30","D10","Lung",0.00772869436903,"Cluster_106"
"895","M30","D10","Lung",0.0051020386138,"Cluster_3148"
"896","M30","D10","Lung",0.0288441545597,"Cluster_190"
"897","M30","D10","Lung",0.000344084002899,"Cluster_618"
"898","M30","D10","Lung",0.00439368803702,"Cluster_4044"
"899","M30","D10","Lung",0.00387240301568,"Cluster_2013"
"900","M30","D10","Lung",0.00824382703853,"Cluster_1486"
"901","M30","D10","Lung",0.0112471628129,"Cluster_2267"
"902","M30","D10","Lung",0.656569953504,"Cluster_240"
"903","M30","D10","Lung",0.00610695003888,"Cluster_1766"
"904","M30","D10","Lung",0.00749929846607,"Cluster_3206"
"905","M30","D10","Lung",0.0093047878154,"Cluster_3406"
"906","M30","D10","Lung",0,"Cluster_2858"
"907","M30","D10","Lung",0.0172515857353,"Cluster_1747"
"908","M30","D10","Lung",0.00615787686683,"Cluster_2978"
"909","M30","D10","Lung",0.161556519356,"Cluster_634"
"910","M30","D10","Lung",0.0336313867132,"Cluster_1729"
"911","M30","D10","Lung",0.0785262063145,"Cluster_2071"
"912","M30","D10","Lung",0.00367317970941,"Cluster_3690"
"913","M30","D10","Lung",1.22886153934,"Cluster_202"
"914","M30","D10","Lung",0.00416819001427,"Cluster_2746"
"915","M30","D10","Lung",0.00305443553376,"Cluster_4043"
"916","M30","D10","Lung",0.00379101401424,"Cluster_935"
"917","M30","D10","Lung",0.00487182467634,"Cluster_1541"
"918","M30","D10","Lung",0.00644880018337,"Cluster_2027"
"919","M30","D10","Lung",0.00611087178948,"Cluster_755"
"920","M30","D10","Lung",0.00337794295319,"Cluster_3952"
"921","M30","D10","Lung",0.0117768957693,"Cluster_909"
"922","M30","D10","Lung",0.0482719859001,"Cluster_843"
"923","M30","D10","Lung",0,"Cluster_1346"
"924","M30","D10","Lung",0.00791223985027,"Cluster_1427"
"925","M30","D10","Lung",0.00832606122408,"Cluster_3411"
"926","M30","D10","Lung",0.00630053275471,"Cluster_1417"
"927","M30","D10","Lung",0.00688392164758,"Cluster_4116"
"928","M30","D10","Lung",0.155197614862,"Cluster_325"
"929","M30","D10","Lung",0.0025118790116,"Cluster_1496"
"930","M30","D10","Lung",0.000576948934154,"Cluster_2860"
"931","M30","D10","Lung",0,"Cluster_2972"
"932","M30","D10","Lung",0.0632362276025,"Cluster_741"
"933","M30","D10","Lung",0.00213678641225,"Cluster_1856"
"934","M30","D10","Lung",0.00286664715088,"Cluster_2658"
"935","M30","D10","Lung",0.0234230848324,"Cluster_2036"
"936","M30","D10","Lung",0.026000673082,"Cluster_117"
"937","M30","D10","Lung",0.974615038628,"Cluster_21"
"938","M30","D10","Lung",0.00524300786275,"Cluster_3861"
"939","M30","D10","Lung",0.00226958719793,"Cluster_1954"
"940","M30","D10","Lung",0.0826968500533,"Cluster_1044"
"941","M30","D10","Lung",0.352313325376,"Cluster_647"
"942","M30","D10","Lung",0,"Cluster_611"
"943","M30","D10","Lung",0.00252734267616,"Cluster_4092"
"944","M30","D10","Lung",0.00373015147633,"Cluster_3677"
"945","M30","D10","Lung",0.00280274177658,"Cluster_3304"
"946","M30","D10","Lung",0.00179899037736,"Cluster_263"
"947","M30","D10","Lung",0.0268963644241,"Cluster_725"
"948","M30","D10","Lung",0.00843408244533,"Cluster_2403"
"949","M30","D10","Lung",0.0718710621102,"Cluster_92"
"950","M30","D10","Lung",0.0103100982818,"Cluster_1701"
"951","M30","D10","Lung",0.0233575099425,"Cluster_3981"
"952","M30","D10","Lung",0.0273516367501,"Cluster_1261"
"953","M30","D10","Lung",0.0133893688995,"Cluster_3126"
"954","M30","D10","Lung",0.00300620760428,"Cluster_3174"
"955","M30","D10","Lung",0.00923704258408,"Cluster_2394"
"956","M30","D10","Lung",0.00374413304131,"Cluster_604"
"957","M30","D10","Lung",0.0101697803589,"Cluster_782"
"958","M30","D10","Lung",0,"Cluster_441"
"959","M30","D10","Lung",0.00403349120931,"Cluster_1917"
"960","M30","D10","Lung",0.00095728398572,"Cluster_2796"
"961","M30","D10","Lung",0.100182748935,"Cluster_206"
"962","M30","D10","Lung",0.0357218212654,"Cluster_2019"
"963","M30","D10","Lung",0.0163194127089,"Cluster_2386"
"964","M30","D10","Lung",0.00303525308838,"Cluster_1654"
"965","M30","D10","Lung",0.00160895618257,"Cluster_2345"
"966","M30","D10","Lung",0.0264110829635,"Cluster_1049"
"967","M30","D10","Lung",0.00177652419216,"Cluster_1935"
"968","M30","D10","Lung",0.0516888232855,"Cluster_783"
"969","M30","D10","Lung",0.0116920735481,"Cluster_2329"
"970","M30","D10","Lung",0.00255751990215,"Cluster_3105"
"971","M30","D10","Lung",0,"Cluster_2813"
"972","M30","D10","Lung",0.003214429776,"Cluster_3759"
"973","M30","D10","Lung",0,"Cluster_1957"
"974","M30","D10","Lung",0.0174424690674,"Cluster_2588"
"975","M30","D10","Lung",0.00675381100285,"Cluster_2967"
"976","M30","D10","Lung",0.0053281664628,"Cluster_3569"
"977","M30","D10","Lung",0.019816429718,"Cluster_326"
"978","M30","D10","Lung",0.0109927903553,"Cluster_252"
"979","M30","D10","Lung",0.00376262917209,"Cluster_3938"
"980","M30","D10","Lung",0.0193635136864,"Cluster_2521"
"981","M30","D10","Lung",0.00484482564796,"Cluster_1072"
"982","M30","D10","Lung",0.888566785796,"Cluster_467"
"983","M30","D10","Lung",0.00848686439226,"Cluster_2018"
"984","M30","D10","Lung",0,"Cluster_1956"
"985","M30","D10","Lung",0.00319581581533,"Cluster_1624"
"986","M30","D10","Lung",1.00794616142,"Cluster_1613"
"987","M30","D10","Lung",0.00430515850195,"Cluster_1515"
"988","M30","D10","Lung",0.00232186766184,"Cluster_4279"
"989","M30","D10","Lung",0.158970539247,"Cluster_1010"
"990","M30","D10","Lung",0.000874254252264,"Cluster_2519"
"991","M30","D10","Lung",0,"Cluster_2962"
"992","M30","D10","Lung",0.0081995098001,"Cluster_589"
"993","M30","D10","Lung",0.450912220454,"Cluster_888"
"994","M30","D10","Lung",0.00554860032104,"Cluster_1662"
"995","M30","D10","Lung",0,"Cluster_3923"
"996","M30","D10","Lung",0.00385458521039,"Cluster_1740"
"997","M30","D10","Lung",0.0213240326063,"Cluster_3881"
"998","M30","D10","Lung",0.00846633415067,"Cluster_2560"
"999","M30","D10","Lung",0.291172679386,"Cluster_78"
"1000","M30","D10","Lung",0.00320887328546,"Cluster_2574"
"1001","M30","D10","Lung",0,"Cluster_1576"
"1002","M30","D10","Lung",0.0250037513461,"Cluster_617"
"1003","M30","D10","Lung",0.00199605719961,"Cluster_2974"
"1004","M30","D10","Lung",0.0184762297305,"Cluster_1832"
"1005","M30","D10","Lung",0.0345682967628,"Cluster_82"
"1006","M30","D10","Lung",0.0063972097819,"Cluster_3511"
"1007","M30","D10","Lung",0.00776084746887,"Cluster_2558"
"1008","M30","D10","Lung",0.00629525732186,"Cluster_3059"
"1009","M30","D10","Lung",0.00430402093422,"Cluster_995"
"1010","M30","D10","Lung",0.0494840425936,"Cluster_63"
"1011","M30","D10","Lung",0.00580860452352,"Cluster_4123"
"1012","M30","D10","Lung",0.00505939834566,"Cluster_2589"
"1013","M30","D10","Lung",0.0441183811231,"Cluster_1372"
"1014","M30","D10","Lung",0.181241146592,"Cluster_215"
"1015","M30","D10","Lung",0.00755118588057,"Cluster_4124"
"1016","M30","D10","Lung",0.00399426185184,"Cluster_1870"
"1017","M30","D10","Lung",0.003679713731,"Cluster_3424"
"1018","M30","D10","Lung",0.00522910759336,"Cluster_3135"
"1019","M30","D10","Lung",0.0289663109889,"Cluster_1315"
"1020","M30","D10","Lung",0.110017429252,"Cluster_221"
"1021","M30","D10","Lung",0.0343010880926,"Cluster_353"
"1022","M30","D10","Lung",0.00541211533456,"Cluster_2399"
"1023","M30","D10","Lung",0.0126928765514,"Cluster_3660"
"1024","M30","D10","Lung",0.0196914432575,"Cluster_2152"
"1025","M30","D10","Lung",0.017490077218,"Cluster_623"
"1026","M30","D10","Lung",0.0103388564195,"Cluster_434"
"1027","M30","D10","Lung",0.0177712888893,"Cluster_318"
"1028","M30","D10","Lung",0.0051848761411,"Cluster_2017"
"1029","M30","D10","Lung",0.426528549774,"Cluster_254"
"1030","M30","D10","Lung",0.158242326399,"Cluster_87"
"1031","M30","D10","Lung",0.00105125051193,"Cluster_2063"
"1032","M30","D10","Lung",0.0701566505116,"Cluster_591"
"1033","M30","D10","Lung",0.0268930321933,"Cluster_656"
"1034","M30","D10","Lung",0,"Cluster_643"
"1035","M30","D10","Lung",0.0876193114669,"Cluster_64"
"1036","M30","D10","Lung",0.00713433825845,"Cluster_2313"
"1037","M30","D10","Lung",0.00446898969488,"Cluster_2158"
"1038","M30","D10","Lung",0.16322826812,"Cluster_524"
"1039","M30","D10","Lung",0.00320287539147,"Cluster_3241"
"1040","M30","D10","Lung",0.0043576446569,"Cluster_1312"
"1041","M30","D10","Lung",0.00184251433811,"Cluster_2514"
"1042","M30","D10","Lung",0.855660849516,"Cluster_161"
"1043","M30","D10","Lung",0.112931465317,"Cluster_792"
"1044","M30","D10","Lung",0.00890212277088,"Cluster_2934"
"1045","M30","D10","Lung",0.00539564346391,"Cluster_1964"
"1046","M30","D10","Lung",0.0223421832398,"Cluster_340"
"1047","M30","D10","Lung",0.00248546704019,"Cluster_2930"
"1048","M30","D10","Lung",0,"Cluster_1229"
"1049","M30","D10","Lung",0,"Cluster_2545"
"1050","M30","D10","Lung",0.0266852401037,"Cluster_1208"
"1051","M30","D10","Lung",0.00543980423631,"Cluster_2432"
"1052","M30","D10","Lung",0.00807320770053,"Cluster_4107"
"1053","M30","D10","Lung",0,"Cluster_791"
"1054","M30","D10","Lung",0.0144982091025,"Cluster_1365"
"1055","M30","D10","Lung",0.00946525937118,"Cluster_370"
"1056","M30","D10","Lung",0.0139133454506,"Cluster_97"
"1057","M30","D10","Lung",1.3707048571,"Cluster_1830"
"1058","M30","D10","Lung",0.023353233655,"Cluster_593"
"1059","M30","D10","Lung",0.0286148606403,"Cluster_3147"
"1060","M30","D10","Lung",0.00286934728948,"Cluster_996"
"1061","M30","D10","Lung",0.00709307807284,"Cluster_180"
"1062","M30","D10","Lung",0.0171762792474,"Cluster_613"
"1063","M30","D10","Lung",0.155045897115,"Cluster_3"
"1064","M30","D10","Lung",0.0126928765514,"Cluster_3661"
"1065","M30","D10","Lung",0.403231017273,"Cluster_1013"
"1066","M30","D10","Lung",0.0959798370872,"Cluster_662"
"1067","M30","D10","Lung",0.0126928765514,"Cluster_3659"
"1068","M30","D10","Lung",0.165352834213,"Cluster_18"
"1069","M30","D10","Lung",0.420001806146,"Cluster_978"
"1070","M30","D10","Lung",0.00548230270691,"Cluster_1377"
"1071","M30","D10","Lung",0.00423984741948,"Cluster_2797"
"1072","M30","D10","Lung",0,"Cluster_786"
"1073","M30","D10","Lung",0.00649349549859,"Cluster_1707"
"1074","M30","D10","Lung",0.00182568772315,"Cluster_738"
"1075","M30","D10","Lung",0.00200413840285,"Cluster_3345"
"1076","M30","D10","Lung",0.0710622313969,"Cluster_188"
"1077","M30","D10","Lung",0.0441165605137,"Cluster_1289"
"1078","M30","D10","Lung",0.00186438394449,"Cluster_2274"
"1079","M30","D10","Lung",0.00955397485195,"Cluster_1112"
"1080","M30","D10","Lung",0.00652776508357,"Cluster_2068"
"1081","M30","D10","Lung",0.0516988597209,"Cluster_514"
"1082","M30","D10","Lung",0.00554543150304,"Cluster_3496"
"1083","M30","D10","Lung",0,"Cluster_113"
"1084","M30","D10","Lung",0.0224133706192,"Cluster_523"
"1085","M30","D10","Lung",0.00919800112423,"Cluster_1358"
"1086","M30","D10","Lung",0.00715571563971,"Cluster_886"
"1087","M30","D10","Lung",0.00314180112658,"Cluster_246"
"1088","M30","D10","Lung",0.0014552342543,"Cluster_3466"
"1089","M30","D10","Lung",0.00930675772698,"Cluster_2451"
"1090","M30","D10","Lung",0.0164754897241,"Cluster_2236"
"1091","M30","D10","Lung",0.00498312931277,"Cluster_2859"
"1092","M30","D10","Lung",0.00257288038204,"Cluster_2311"
"1093","M30","D10","Lung",0.00543776532918,"Cluster_2146"
"1094","M30","D10","Lung",0,"Cluster_2704"
"1095","M30","D10","Lung",0.00496677778098,"Cluster_3792"
"1096","M30","D10","Lung",0.0156595547986,"Cluster_36"
"1097","M30","D10","Lung",0.00381085186884,"Cluster_2635"
"1098","M30","D10","Lung",0.0068892257598,"Cluster_599"
"1099","M30","D10","Lung",0.140018878629,"Cluster_480"
"1100","M30","D10","Lung",0.00288872362894,"Cluster_212"
"1101","M30","D10","Lung",0.00402457061386,"Cluster_1128"
"1102","M30","D10","Lung",0.0548780250898,"Cluster_1904"
"1103","M30","D10","Lung",0.0037427712908,"Cluster_1559"
"1104","M30","D10","Lung",0.00650122945315,"Cluster_2043"
"1105","M30","D10","Lung",0.00345007718343,"Cluster_1378"
"1106","M30","D10","Lung",0.187748798989,"Cluster_34"
"1107","M30","D10","Lung",0.00478987271123,"Cluster_3221"
"1108","M30","D10","Lung",0.00763179286318,"Cluster_538"
"1109","M30","D10","Lung",0.0102254547986,"Cluster_557"
"1110","M30","D10","Lung",0.00720097584798,"Cluster_3027"
"1111","M30","D10","Lung",0.0036625246843,"Cluster_2016"
"1112","M30","D10","Lung",0.00220577427875,"Cluster_3709"
"1113","M30","D10","Lung",0.00408870318413,"Cluster_1596"
"1114","M30","D10","Lung",0.075972824813,"Cluster_525"
"1115","M30","D10","Lung",0.00821992558956,"Cluster_1494"
"1116","M30","D10","Lung",0.00837998011756,"Cluster_2812"
"1117","M30","D10","Lung",0.00494166485962,"Cluster_1829"
"1118","M30","D10","Lung",0.00837113194422,"Cluster_1811"
"1119","M30","D10","Lung",0.00602147005074,"Cluster_1560"
"1120","M30","D10","Lung",0,"Cluster_3621"
"1121","M30","D10","Lung",0.0396174427556,"Cluster_694"
"1122","M30","D10","Lung",0.0808626277324,"Cluster_229"
"1123","M30","D10","Lung",0.00458294318051,"Cluster_622"
"1124","M30","D10","Lung",0.00566819296379,"Cluster_3445"
"1125","M30","D10","Lung",0.0231191680043,"Cluster_1581"
"1126","M30","D10","Lung",0.00408298911357,"Cluster_2457"
"1127","M30","D10","Lung",0.00792281165385,"Cluster_2627"
"1128","M30","D10","Lung",0.300398078383,"Cluster_853"
"1129","M30","D10","Lung",0.00362653615754,"Cluster_4210"
"1130","M30","D10","Lung",0.0238962828952,"Cluster_2816"
"1131","M30","D10","Lung",0.00552754301432,"Cluster_3324"
"1132","M30","D10","Lung",0.00321117630457,"Cluster_4183"
"1133","M30","D10","Lung",0.0207067925076,"Cluster_1543"
"1134","M30","D10","Lung",0.000641774657093,"Cluster_3953"
"1135","M30","D10","Lung",0.0480015403318,"Cluster_1730"
"1136","M30","D10","Lung",0.035007772424,"Cluster_1149"
"1137","M30","D10","Lung",0.0239564932432,"Cluster_479"
"1138","M30","D10","Lung",0.00360744912513,"Cluster_1234"
"1139","M30","D10","Lung",8.05950000015,"Cluster_294"
"1140","M30","D10","Lung",0.014437667739,"Cluster_3673"
"1141","M30","D10","Lung",0.00576016222251,"Cluster_2480"
"1142","M30","D10","Lung",0.0158660956892,"Cluster_1157"
"1143","M30","D10","Lung",0.00866495132998,"Cluster_310"
"1144","M30","D10","Lung",0.972556585943,"Cluster_59"
"1145","M30","D10","Lung",0.307088542165,"Cluster_84"
"1146","M30","D10","Lung",0.912747790999,"Cluster_315"
"1147","M30","D10","Lung",0.00313213404619,"Cluster_2387"
"1148","M30","D10","Lung",0.00863045864415,"Cluster_2679"
"1149","M30","D10","Lung",0,"Cluster_1818"
"1150","M30","D10","Lung",0.00313452134348,"Cluster_1955"
"1151","M30","D10","Lung",0.10053586025,"Cluster_39"
"1152","M30","D10","Lung",0.00343235721844,"Cluster_1661"
"1153","M30","D10","Lung",0.0143228010428,"Cluster_3692"
"1154","M30","D10","Lung",0.0332620010822,"Cluster_138"
"1155","M30","D10","Lung",0.006875308132,"Cluster_693"
"1156","M30","D10","Lung",0.00220532604175,"Cluster_2776"
"1157","M30","D10","Lung",0.00298143116798,"Cluster_784"
"1158","M30","D10","Lung",0.00831814725455,"Cluster_3162"
"1159","M30","D10","Lung",0.00504613419289,"Cluster_3294"
"1160","M30","D10","Lung",0.00779290567449,"Cluster_1855"
"1161","M30","D10","Lung",0.00474841424944,"Cluster_556"
"1162","M30","D10","Lung",0.768556276186,"Cluster_588"
"1163","M30","D10","Lung",0.00161654559853,"Cluster_2066"
"1164","M30","D10","Lung",0.00417636583304,"Cluster_2028"
"1165","M30","D10","Lung",0.438622705734,"Cluster_1274"
"1166","M30","D10","Lung",0.00516595743602,"Cluster_1738"
"1167","M30","D10","Lung",0,"Cluster_3596"
"1168","M30","D10","Lung",0.324281175654,"Cluster_826"
"1169","M30","D10","Lung",0.279221171105,"Cluster_151"
"1170","M30","D10","Lung",0.349979978121,"Cluster_380"
"1171","M30","D10","Lung",0.00512596937652,"Cluster_3497"
"1172","M30","D10","Lung",0.0109015431671,"Cluster_489"
"1173","M30","D10","Lung",0.0023537614484,"Cluster_785"
"1174","M30","D10","Lung",0.00565331191112,"Cluster_2963"
"1175","M30","D10","Lung",0.0134739766469,"Cluster_3453"
"1176","M30","D10","Lung",0.00477308728256,"Cluster_878"
"1177","M30","D10","Lung",0.00400189419932,"Cluster_2648"
"1178","M30","D10","Lung",0.00203454419656,"Cluster_484"
"1179","M30","D10","Lung",0.00349192673685,"Cluster_3095"
"1180","M30","D10","Lung",0.00340351388047,"Cluster_2414"
"1181","M30","D10","Lung",0.00586326205111,"Cluster_3013"
"1182","M30","D10","Lung",0.005631346639,"Cluster_2836"
"1183","M30","D10","Lung",0.064693587644,"Cluster_943"
"1184","M30","D10","Lung",0.0158101230314,"Cluster_603"
"1185","M30","D10","Lung",0.108124345778,"Cluster_109"
"1186","M30","D10","Lung",0.448516943213,"Cluster_119"
"1187","M30","D10","Lung",0.00236758319093,"Cluster_2054"
"1188","M30","D10","Lung",0.00746218306933,"Cluster_984"
"1189","M30","D10","Lung",0.00680598788503,"Cluster_3271"
"1190","M30","D10","Lung",0.00674880612027,"Cluster_2893"
"1191","M30","D10","Lung",0.0061919895566,"Cluster_1771"
"1192","M30","D10","Lung",0.348894446339,"Cluster_493"
"1193","M30","D10","Lung",0.00455253953548,"Cluster_2802"
"1194","M30","D10","Lung",0.598777592647,"Cluster_4"
"1195","M30","D10","Lung",0.00617359910563,"Cluster_2986"
"1196","M30","D10","Lung",0.0066619399873,"Cluster_3398"
"1197","M30","D10","Lung",0.00318342241482,"Cluster_3919"
"1198","M30","D10","Lung",0.575792817252,"Cluster_424"
"1199","M30","D10","Lung",0.00448854313281,"Cluster_1826"
"1200","M30","D10","Lung",0.00749087796476,"Cluster_3439"
"1201","M30","D10","Lung",0.00649576623512,"Cluster_2164"
"1202","M30","D10","Lung",0.0323541844985,"Cluster_1493"
"1203","M30","D10","Lung",0.00387315757589,"Cluster_2346"
"1204","M30","D10","Lung",0.030597457185,"Cluster_52"
"1205","M30","D10","Lung",0.709252281003,"Cluster_1678"
"1206","M30","D10","Lung",0.00998783728634,"Cluster_2941"
"1207","M30","D10","Lung",0.0071450911823,"Cluster_1356"
"1208","M30","D10","Lung",0.00381177247565,"Cluster_3747"
"1209","M30","D10","Lung",0.0025106788783,"Cluster_961"
"1210","M30","D10","Lung",0.813093233429,"Cluster_1537"
"1211","M30","D10","Lung",0.0130183349245,"Cluster_1115"
"1212","M30","D10","Lung",0.16193438295,"Cluster_606"
"1213","M30","D10","Lung",0.0035896674905,"Cluster_2126"
"1214","M30","D10","Lung",0.00242064638388,"Cluster_772"
"1215","M30","D10","Lung",0.0183891918818,"Cluster_301"
"1216","M30","D10","Lung",0.00407985317723,"Cluster_3341"
"1217","M30","D10","Lung",0.00869095278135,"Cluster_1850"
"1218","M30","D10","Lung",0.0370963281305,"Cluster_2674"
"1219","M30","D10","Lung",0,"Cluster_2008"
"1220","M30","D10","Lung",0.00190393148271,"Cluster_2857"
"1221","M30","D10","Lung",0.00672503270973,"Cluster_2636"
"1222","M30","D10","Lung",0.0144541587334,"Cluster_124"
"1223","M30","D10","Lung",0.00708762814731,"Cluster_442"
"1224","M30","D10","Lung",0.00465463912209,"Cluster_897"
"1225","M30","D10","Lung",0.00690641812355,"Cluster_1172"
"1226","M30","D10","Lung",0.00213082487184,"Cluster_3782"
"1227","M30","D10","Lung",0,"Cluster_3492"
"1228","M30","D10","Lung",0.720789288195,"Cluster_338"
"1229","M30","D10","Lung",0.00355040658171,"Cluster_3980"
"1230","M30","D10","Lung",0.267620032008,"Cluster_20"
"1231","M30","D10","Lung",0,"Cluster_849"
"1232","M30","D10","Lung",0.017088036141,"Cluster_1190"
"1233","M30","D10","Lung",0.0699202423822,"Cluster_3404"
"1234","M30","D10","Lung",0.00851547414207,"Cluster_2449"
"1235","M30","D10","Lung",0,"Cluster_2042"
"1236","M30","D10","Lung",0.0144932204101,"Cluster_770"
"1237","M30","D10","Lung",0.00998336565432,"Cluster_436"
"1238","M30","D10","Lung",0.019039316731,"Cluster_3770"
"1239","M30","D10","Lung",0,"Cluster_3385"
"1240","M30","D10","Lung",0.056396644472,"Cluster_2582"
"1241","M30","D10","Lung",0.164065251773,"Cluster_103"
"1242","M30","D10","Lung",0.00720406506971,"Cluster_422"
"1243","M30","D10","Lung",0.00607637707248,"Cluster_1368"
"1244","M30","D10","Lung",0.00360604326031,"Cluster_2590"
"1245","M30","D10","Lung",0.00142202351406,"Cluster_2064"
"1246","M30","D10","Lung",0,"Cluster_4305"
"1247","M30","D10","Lung",0.0214625003505,"Cluster_587"
"1248","M30","D10","Lung",0,"Cluster_1822"
"1249","M30","D10","Lung",0.00644318276161,"Cluster_2304"
"1250","M30","D10","Lung",0.574775147541,"Cluster_1152"
"1251","M30","D10","Lung",0.00823561059962,"Cluster_3312"
"1252","M30","D10","Lung",0.0081667771572,"Cluster_3042"
"1253","M30","D10","Lung",0.00508829869281,"Cluster_253"
"1254","M30","D10","Lung",0.00774480603136,"Cluster_3691"
"1255","M30","D10","Lung",0.00548190798427,"Cluster_306"
"1256","M30","D10","Lung",0.00250593099842,"Cluster_1648"
"1257","M30","D10","Lung",0.00354219810737,"Cluster_3452"
"1258","M30","D10","Lung",0.011995236905,"Cluster_835"
"1259","M30","D10","Lung",0.000344084002899,"Cluster_836"
"1260","M30","D10","Lung",0.00286504097185,"Cluster_3896"
"1261","M30","D10","Lung",0.0080652653087,"Cluster_2542"
"1262","M30","D10","Lung",0.0929730045206,"Cluster_574"
"1263","M30","D10","Lung",0.00531216377855,"Cluster_2998"
"1264","M30","D10","Lung",0.0014351242332,"Cluster_3917"
"1265","M30","D10","Lung",0.00910193572565,"Cluster_1628"
"1266","M30","D10","Lung",0.00328951512719,"Cluster_3433"
"1267","M30","D10","Lung",0.00457739624763,"Cluster_2127"
"1268","M30","D10","Lung",0.146182572291,"Cluster_265"
"1269","M30","D10","Lung",0.0426361390199,"Cluster_443"
"1270","M30","D10","Lung",0.0022534454747,"Cluster_2778"
"1271","M30","D10","Lung",0.0299248361304,"Cluster_2082"
"1272","M30","D10","Lung",0.0130634714872,"Cluster_971"
"1273","M30","D10","Lung",0.0026647316898,"Cluster_3560"
"1274","M30","D10","Lung",0.00547995039304,"Cluster_3179"
"1275","M30","D10","Lung",0.0276313484014,"Cluster_705"
"1276","M30","D10","Lung",0.101061061456,"Cluster_509"
"1277","M30","D10","Lung",39.2910661304,"Cluster_56"
"1278","M30","D10","Lung",0.0750130697154,"Cluster_303"
"1279","M30","D10","Lung",0.259503135629,"Cluster_86"
"1280","M30","D10","Lung",0.00183891918818,"Cluster_3480"
"1281","M30","D10","Lung",0.00434756007863,"Cluster_3072"
"1282","M30","D10","Lung",0.00466649873213,"Cluster_4283"
"1283","M30","D10","Lung",0,"Cluster_1683"
"1284","M30","D10","Lung",0.89817009342,"Cluster_293"
"1285","M30","D10","Lung",0.28156733195,"Cluster_23"
"1286","M30","D10","Lung",0.0161951532213,"Cluster_1050"
"1287","M30","D10","Lung",0.0118057907552,"Cluster_2142"
"1288","M30","D10","Lung",0.00397952891878,"Cluster_61"
"1289","M30","D10","Lung",0.178853707659,"Cluster_264"
"1290","M30","D10","Lung",0.608622467599,"Cluster_1831"
"1291","M30","D10","Lung",0.0441712103988,"Cluster_662"
"1292","M30","D10","Lung",0.00132832429026,"Cluster_1258"
"1293","M30","D10","Lung",0.0120335063409,"Cluster_277"
"1294","M30","D10","Lung",0.0284735515859,"Cluster_494"
"1295","M30","D10","Lung",0.0762554001064,"Cluster_342"
"1296","M30","D10","Lung",0.0348805029878,"Cluster_1386"
"1297","M30","D10","Lung",0.613239022113,"Cluster_128"
"1298","M30","D10","Lung",0.00417528833927,"Cluster_3300"
"1299","M30","D10","Lung",0.0052996030962,"Cluster_3323"
"1300","M30","D10","Lung",0.00506163602737,"Cluster_619"
"1301","M30","D10","Lung",0,"Cluster_3510"
"1302","M30","D10","Lung",0.139220476561,"Cluster_504"
"1303","M30","D10","Lung",0.00798471662327,"Cluster_1921"
"1304","M30","D10","Lung",0.201674631085,"Cluster_2315"
"1305","M30","D10","Lung",0.0362731773861,"Cluster_1963"
"1306","M30","D10","Lung",0.00758762362113,"Cluster_3177"
"1307","M30","D10","Lung",0.00486800663193,"Cluster_447"
"1308","M30","D10","Lung",0.0150379807641,"Cluster_354"
"1309","M30","D10","Lung",1.05236898526,"Cluster_357"
"1310","M30","D10","Lung",0.00442498768466,"Cluster_3178"
"1311","M30","D10","Lung",0.00037331989857,"Cluster_2360"
"1312","M30","D10","Lung",0.0218966265619,"Cluster_1060"
"1313","M30","D10","Lung",0.00196281596156,"Cluster_1367"
"1314","M30","D10","Lung",0.0179857559039,"Cluster_1415"
"1315","M30","D10","Lung",0.00238939608388,"Cluster_397"
"1316","M30","D10","Lung",0.0206270456749,"Cluster_595"
"1317","M30","D10","Lung",0.122938829028,"Cluster_290"
"1318","M30","D10","Lung",0.0194824449475,"Cluster_2441"
"1319","M30","D10","Lung",0.006694972181,"Cluster_2841"
"1320","M30","D10","Lung",0.00733270908881,"Cluster_1154"
"1321","M30","D10","Lung",0.0404483297829,"Cluster_1047"
"1322","M30","D10","Lung",0.162907402415,"Cluster_987"
"1323","M30","D10","Lung",0.16555614735,"Cluster_650"
"1324","M30","D10","Lung",0.0110878306443,"Cluster_610"
"1325","M30","D10","Lung",0.00351730314075,"Cluster_418"
"1326","M30","D10","Lung",0.00228471777925,"Cluster_2522"
"1327","M30","D10","Lung",0.0787751650971,"Cluster_409"
"1328","M30","D10","Lung",0.00352633651142,"Cluster_2258"
"1329","M30","D10","Lung",0.0246844508426,"Cluster_820"
"1330","M30","D10","Lung",1.6454391029,"Cluster_50"
"1331","M30","D10","Lung",0.0276212149432,"Cluster_288"
"1332","M30","D10","Lung",0.0154464574972,"Cluster_2125"
"1333","M30","D10","Lung",0.00307433695508,"Cluster_1833"
"1334","M30","D10","Lung",0.0125180644791,"Cluster_2109"
"1335","M30","D10","Lung",0.00590698166848,"Cluster_2484"
"1336","M30","D10","Lung",0.00213525026098,"Cluster_3240"
"1337","M30","D10","Lung",0.00153336763708,"Cluster_149"
"1338","M30","D10","Lung",0.0105256005938,"Cluster_4099"
"1339","M30","D10","Lung",0.00219036365267,"Cluster_4303"
"1340","M30","D10","Lung",0.00456759006757,"Cluster_2785"
"1341","M30","D10","Lung",0.034467725118,"Cluster_62"
"1342","M30","D10","Lung",0.0122843930831,"Cluster_2322"
"1343","M30","D10","Lung",0.00682399204694,"Cluster_331"
"1344","M30","D10","Lung",0.0052761152355,"Cluster_999"
"1345","M30","D10","Lung",0.00288574980829,"Cluster_1924"
"1346","M30","D10","Lung",0.00418287977262,"Cluster_737"
"1347","M30","D10","Lung",0.832495065903,"Cluster_763"
"1348","M30","D10","Lung",0.00474746551533,"Cluster_554"
"1349","M30","D10","Lung",0.0204189753218,"Cluster_3965"
"1350","M30","D10","Lung",0.00543980423631,"Cluster_2705"
"1351","M30","D10","Lung",0.0547882392915,"Cluster_260"
"1352","M30","D10","Lung",0.0063464382757,"Cluster_3658"
"1353","M30","D10","Lung",0.00870242464254,"Cluster_2000"
"1354","M30","D10","Lung",0.00657109095802,"Cluster_649"
"1355","M30","D10","Lung",0.00503027351966,"Cluster_1094"
"1356","M30","D10","Lung",0.00625081390834,"Cluster_2048"
"1357","M30","D10","Lung",0.00636608669141,"Cluster_3008"
"1358","M30","D10","Lung",0,"Cluster_1851"
"1359","M30","D10","Lung",0.0710634075344,"Cluster_673"
"1360","M30","D10","Lung",0.0026545198557,"Cluster_3280"
"1361","M30","D10","Lung",0.0036150597773,"Cluster_672"
"1362","M30","D10","Lung",0.00843733951673,"Cluster_1615"
"1363","M30","D10","Lung",0.00710704194691,"Cluster_2402"
"1364","M30","D10","Lung",0.00388851361824,"Cluster_111"
"1365","M30","D10","Lung",0.00398034456315,"Cluster_1923"
"1366","M30","D10","Lung",0.129976726002,"Cluster_14"
"1367","M30","D10","Lung",0.0108206084267,"Cluster_1702"
"1368","M30","D10","Lung",0.00585224840997,"Cluster_1768"
"1369","M30","D10","Lung",0.00667612338093,"Cluster_3676"
"1370","M30","D10","Lung",0.0553074134109,"Cluster_1325"
"1371","M30","D10","Lung",0,"Cluster_3493"
"1372","M30","D10","Lung",0.0079990119186,"Cluster_2388"
"1373","M30","D10","Lung",0.0103888137698,"Cluster_1607"
"1374","M30","D10","Lung",0.0223305749394,"Cluster_1426"
"1375","M30","D10","Lung",0.00286129589556,"Cluster_2970"
"1376","M30","D10","Lung",0.0176941458447,"Cluster_1369"
"1377","M30","D10","Lung",0.00742789412537,"Cluster_3203"
"1378","M30","D10","Lung",0.00337794295319,"Cluster_4193"
"1379","M30","D10","Lung",0.00691486926299,"Cluster_3484"
"1380","M30","D10","Lung",0.0554766242376,"Cluster_2051"
"1381","M30","D10","Lung",0,"Cluster_491"
"1382","M30","D10","Lung",0,"Cluster_1402"
"1383","M30","D10","Lung",0.00884016243208,"Cluster_1038"
"1384","M30","D10","Lung",0.877154157902,"Cluster_893"
"1385","M30","D10","Lung",0.00594978588347,"Cluster_1790"
"1386","M30","D10","Lung",0.0491532908683,"Cluster_472"
"1387","M30","D10","Lung",0.0117660331445,"Cluster_644"
"1388","M30","D10","Lung",0.0240305939784,"Cluster_69"
"1389","M30","D10","Lung",0,"Cluster_4301"
"1390","M30","D10","Lung",0.0070419383607,"Cluster_1767"
"1391","M30","D10","Lung",0.00255207837044,"Cluster_1045"
"1392","M30","D10","Lung",0.0094635769575,"Cluster_1990"
"1393","M30","D10","Lung",0.164007474025,"Cluster_66"
"1394","M30","D10","Lung",0.00862261277265,"Cluster_3415"
"1395","M30","D10","Lung",0,"Cluster_3012"
"1396","M30","D10","Lung",0.00755031827721,"Cluster_709"
"1397","M30","D10","Lung",0.00194997250007,"Cluster_2327"
"1398","M30","D10","Lung",0.00673813251302,"Cluster_1652"
"1399","M30","D10","Lung",0.00265388507645,"Cluster_967"
"1400","M30","D10","Lung",0.00433197893538,"Cluster_730"
"1401","M30","D10","Lung",0.0479990351558,"Cluster_2561"
"1402","M30","D10","Lung",0.00131305619497,"Cluster_2874"
"1403","M30","D10","Lung",0.00527153442981,"Cluster_3706"
"1404","M30","D10","Lung",0,"Cluster_1187"
"1405","M30","D10","Lung",0.00338643939612,"Cluster_1982"
"1406","M30","D10","Lung",0.0699563815436,"Cluster_712"
"1407","M30","D10","Lung",0.00560175987907,"Cluster_1474"
"1408","M30","D10","Lung",0.227869383496,"Cluster_1909"
"1409","M30","D10","Lung",0.121076100468,"Cluster_1439"
"1410","M30","D10","Lung",0.00935213475057,"Cluster_1139"
"1411","M30","D10","Lung",0.0782299878456,"Cluster_170"
"1412","M30","D10","Lung",0.00539867150107,"Cluster_945"
"1413","M30","D10","Lung",0.000713974306016,"Cluster_3269"
"1414","M30","D10","Lung",0.0148525758643,"Cluster_1722"
"1415","M30","D10","Lung",0.103244252111,"Cluster_144"
"1416","M30","D10","Lung",0.0394121225214,"Cluster_98"
"1417","M30","D10","Lung",0.00759855405726,"Cluster_4115"
"1418","M30","D10","Lung",0.0168424708086,"Cluster_566"
"1419","M30","D10","Lung",0.00341731291768,"Cluster_1334"
"1420","M30","D10","Lung",0.960989735135,"Cluster_1571"
"1421","M30","D10","Lung",0.0156809210976,"Cluster_345"
"1422","M30","D10","Lung",0.00542258966594,"Cluster_3671"
"1423","M30","D10","Lung",0.000810183609663,"Cluster_3187"
"1424","M30","D10","Lung",0.00402054391146,"Cluster_808"
"1425","M30","D10","Lung",0.00778881061108,"Cluster_3495"
"1426","M30","D10","Lung",0.0289741371011,"Cluster_1868"
"1427","M30","D10","Lung",0.0147848268829,"Cluster_3693"
"1428","M30","D10","Lung",0.00707852936284,"Cluster_2586"
"1429","M30","D10","Lung",0.00597584333989,"Cluster_95"
"1430","M30","D10","Lung",0.00226209681114,"Cluster_3000"
"1431","M30","D10","Lung",0.00933658707867,"Cluster_466"
"1432","M30","D10","Lung",0.536447200755,"Cluster_1231"
"1433","M30","D10","Lung",0.014695393483,"Cluster_1657"
"1434","M30","D10","Lung",0.00232263840629,"Cluster_2892"
"1435","M30","D10","Lung",0.0128146180696,"Cluster_2921"
"1436","M30","D10","Lung",0,"Cluster_2154"
"1437","M30","D10","Lung",0.0128209257474,"Cluster_323"
"1438","M30","D10","Lung",0.0399617909753,"Cluster_225"
"1439","M30","D10","Lung",0,"Cluster_1498"
"1440","M30","D10","Lung",0.00322700251307,"Cluster_3912"
"1441","M30","D10","Lung",0.566116358321,"Cluster_232"
"1442","M30","D10","Lung",0.0815629225139,"Cluster_9"
"1443","M30","D10","Lung",0.0114235888963,"Cluster_2842"
"1444","M30","D10","Lung",0.0045956966824,"Cluster_4020"
"1445","M30","D10","Lung",0.000505468535232,"Cluster_305"
"1446","M30","D10","Lung",0.0119238920596,"Cluster_1810"
"1447","M30","D10","Lung",0.0471332045681,"Cluster_1137"
"1448","M30","D10","Lung",0.00668604701286,"Cluster_767"
"1449","M30","D10","Lung",0.00639510728088,"Cluster_2326"
"1450","M30","D10","Lung",0.0351663061625,"Cluster_1037"
"1451","M30","D10","Lung",0.0135822960204,"Cluster_2837"
"1452","M30","D10","Lung",0.875593500368,"Cluster_1123"
"1453","M30","D10","Lung",0.00245739993698,"Cluster_4168"
"1454","M30","D10","Lung",0.000549211004628,"Cluster_3775"
"1455","M30","D10","Lung",0.0126794591343,"Cluster_572"
"1456","M30","D10","Lung",0.00843321606467,"Cluster_2287"
"1457","M30","D10","Lung",0.0035816532843,"Cluster_2999"
"1458","M30","D10","Lung",0.0144193755849,"Cluster_2001"
"1459","M30","D10","Lung",0.00243899862234,"Cluster_3595"
"1460","M30","D10","Lung",0.00806917706799,"Cluster_1608"
"1461","M30","D10","Lung",0.0145314770519,"Cluster_1174"
"1462","M30","D10","Lung",0.0048210483686,"Cluster_2762"
"1463","M30","D10","Lung",0.00684759276983,"Cluster_934"
"1464","M30","D10","Lung",0.000649067550923,"Cluster_3622"
"1465","M30","D10","Lung",0.215861969937,"Cluster_669"
"1466","M30","D10","Lung",0.102580012129,"Cluster_1705"
"1467","M30","D10","Lung",0.0388926621171,"Cluster_2215"
"1468","M30","D10","Lung",0.013127914659,"Cluster_104"
"1469","M30","D10","Lung",0.00432711700616,"Cluster_2961"
"1470","M30","D10","Lung",0.00339987764769,"Cluster_1042"
"1471","M30","D10","Lung",0,"Cluster_1434"
"1472","M30","D10","Lung",0.00933506571855,"Cluster_194"
"1473","M30","D10","Lung",0.000926236937534,"Cluster_2212"
"1474","M30","D10","Lung",0.00649820093012,"Cluster_1636"
"1475","M30","D10","Lung",0.00331877964876,"Cluster_1517"
"1476","M30","D10","Lung",0.00434255900633,"Cluster_2523"
"1477","M30","D10","Lung",0.0941674219826,"Cluster_529"
"1478","M30","D10","Lung",0.0115703772645,"Cluster_2259"
"1479","M30","D10","Lung",0,"Cluster_1809"
"1480","M30","D10","Lung",0.00535621386389,"Cluster_1429"
"1481","M30","D10","Lung",0.00709483901575,"Cluster_2130"
"1482","M30","D10","Lung",0.0116772520494,"Cluster_1942"
"1483","M30","D10","Lung",0,"Cluster_1536"
"1484","M30","D10","Lung",0.17176254861,"Cluster_2314"
"1485","M30","D10","Lung",0.552777940247,"Cluster_1088"
"1486","M30","D10","Lung",0.00525446167289,"Cluster_1014"
"1487","M30","D10","Lung",0.00721208652063,"Cluster_2587"
"1488","M30","D10","Lung",0.0058237904177,"Cluster_1869"
"1489","M30","D10","Lung",0,"Cluster_1877"
"1490","M30","D10","Lung",0.00702990085923,"Cluster_1808"
"1491","M30","D10","Lung",0.00770129588511,"Cluster_1651"
"1492","M30","D10","Lung",0.00817360704672,"Cluster_1015"
"1493","M30","D10","Lung",0.0693972329203,"Cluster_1472"
"1494","M30","D10","Lung",0.00302295527895,"Cluster_2185"
"1495","M30","D10","Lung",0.00591338719335,"Cluster_2549"
"1496","M30","D10","Lung",0.00740417798831,"Cluster_1473"
"1497","M30","D10","Lung",0.0174575871338,"Cluster_1048"
"1498","M30","D10","Lung",0,"Cluster_1618"
"1499","M30","D10","Lung",0.0286842308908,"Cluster_324"
"1500","M30","D10","Lung",0.0126251554113,"Cluster_1812"
"1501","M30","D10","Lung",0.0157926106145,"Cluster_774"
"1502","M30","D10","Lung",0.428308628896,"Cluster_327"
"1503","M30","D10","Lung",0.0107157589474,"Cluster_2690"
"1504","M30","D10","Lung",0.00405755889758,"Cluster_1512"
"1505","M30","D10","Lung",0.0153779081296,"Cluster_3776"
"1506","M30","D10","Lung",0.00454347285646,"Cluster_2873"
"1507","M30","D10","Lung",0.00329526602777,"Cluster_791"
"1508","M30","D10","Lung",0.0149385393259,"Cluster_1126"
"1509","M30","D10","Lung",0.0063464382757,"Cluster_3791"
"1510","M30","D10","Lung",0.00280489905935,"Cluster_261"
"1511","M30","D10","Lung",0.0158129874192,"Cluster_349"
"1512","M30","D10","Lung",0,"Cluster_834"
"1513","M30","D10","Lung",0.0104209267545,"Cluster_3526"
"1514","M30","D10","Sub",0.00567558139223,"Cluster_2835"
"1515","M30","D10","Sub",0.30115124389,"Cluster_467"
"1516","M30","D10","Sub",0.00421136747986,"Cluster_624"
"1517","M30","D10","Sub",0.0114364922957,"Cluster_2259"
"1518","M30","D10","Sub",0.00212302677556,"Cluster_703"
"1519","M30","D10","Sub",0.0267435838416,"Cluster_176"
"1520","M30","D10","Sub",0.0867866386779,"Cluster_107"
"1521","M30","D10","Sub",0.035351074821,"Cluster_153"
"1522","M30","D10","Sub",0.00951753405381,"Cluster_1151"
"1523","M30","D10","Sub",0.0230461814698,"Cluster_1098"
"1524","M30","D10","Sub",0.00369288529012,"Cluster_422"
"1525","M30","D10","Sub",0.00595594579162,"Cluster_1925"
"1526","M30","D10","Sub",0.0113012101686,"Cluster_1453"
"1527","M30","D10","Sub",0.0220356699768,"Cluster_1629"
"1528","M30","D10","Sub",0.00908364755028,"Cluster_739"
"1529","M30","D10","Sub",0,"Cluster_140"
"1530","M30","D10","Sub",0.0166914271785,"Cluster_69"
"1531","M30","D10","Sub",0.0292600340128,"Cluster_772"
"1532","M30","D10","Sub",0.0185985527304,"Cluster_1976"
"1533","M30","D10","Sub",0.00648114977115,"Cluster_1296"
"1534","M30","D10","Sub",0.148487209306,"Cluster_588"
"1535","M30","D10","Sub",0.00415423385762,"Cluster_3254"
"1536","M30","D10","Sub",0.804232466889,"Cluster_50"
"1537","M30","D10","Sub",0.00250162803656,"Cluster_837"
"1538","M30","D10","Sub",0.0116482055452,"Cluster_673"
"1539","M30","D10","Sub",0.0185718690105,"Cluster_1665"
"1540","M30","D10","Sub",0.00282882773008,"Cluster_2886"
"1541","M30","D10","Sub",0.0772223478833,"Cluster_504"
"1542","M30","D10","Sub",0.00274086319553,"Cluster_3555"
"1543","M30","D10","Sub",0.0031020550998,"Cluster_732"
"1544","M30","D10","Sub",0.00623398988971,"Cluster_3108"
"1545","M30","D10","Sub",0.00996459908212,"Cluster_791"
"1546","M30","D10","Sub",0.0031820097381,"Cluster_4019"
"1547","M30","D10","Sub",0.00706176480815,"Cluster_62"
"1548","M30","D10","Sub",0.0105037619814,"Cluster_2175"
"1549","M30","D10","Sub",0.0156071342734,"Cluster_886"
"1550","M30","D10","Sub",0.085437774078,"Cluster_22"
"1551","M30","D10","Sub",0,"Cluster_672"
"1552","M30","D10","Sub",3.6249474389,"Cluster_294"
"1553","M30","D10","Sub",0.00729531014725,"Cluster_2128"
"1554","M30","D10","Sub",0.0283846901271,"Cluster_130"
"1555","M30","D10","Sub",0.00326404508904,"Cluster_1525"
"1556","M30","D10","Sub",0.00399757819054,"Cluster_2441"
"1557","M30","D10","Sub",0.019684297331,"Cluster_3531"
"1558","M30","D10","Sub",0.00438375397416,"Cluster_2731"
"1559","M30","D10","Sub",0.42244174106,"Cluster_338"
"1560","M30","D10","Sub",0.144101902281,"Cluster_888"
"1561","M30","D10","Sub",0,"Cluster_1618"
"1562","M30","D10","Sub",0.373871331712,"Cluster_1571"
"1563","M30","D10","Sub",0.00215082068098,"Cluster_231"
"1564","M30","D10","Sub",0.00370539422949,"Cluster_2998"
"1565","M30","D10","Sub",0.0039167210265,"Cluster_839"
"1566","M30","D10","Sub",0.0750350827997,"Cluster_2305"
"1567","M30","D10","Sub",0.0146010082815,"Cluster_536"
"1568","M30","D10","Sub",0.00437358007416,"Cluster_1637"
"1569","M30","D10","Sub",0.0338103256346,"Cluster_99"
"1570","M30","D10","Sub",0.388394674393,"Cluster_1274"
"1571","M30","D10","Sub",0.0153485303493,"Cluster_1507"
"1572","M30","D10","Sub",0.00425249771482,"Cluster_2748"
"1573","M30","D10","Sub",0.00110743367063,"Cluster_3467"
"1574","M30","D10","Sub",0.028100692707,"Cluster_741"
"1575","M30","D10","Sub",0.00534565726725,"Cluster_899"
"1576","M30","D10","Sub",0.00627243740444,"Cluster_32"
"1577","M30","D10","Sub",0.00355456628902,"Cluster_589"
"1578","M30","D10","Sub",0.0042084038152,"Cluster_2365"
"1579","M30","D10","Sub",0.00466101166946,"Cluster_3203"
"1580","M30","D10","Sub",0.00483014685673,"Cluster_2009"
"1581","M30","D10","Sub",0.00474383586675,"Cluster_2361"
"1582","M30","D10","Sub",0.00270839756404,"Cluster_2735"
"1583","M30","D10","Sub",0.00916312053278,"Cluster_214"
"1584","M30","D10","Sub",0.137804716157,"Cluster_853"
"1585","M30","D10","Sub",0,"Cluster_2404"
"1586","M30","D10","Sub",0,"Cluster_2335"
"1587","M30","D10","Sub",0.00997173781763,"Cluster_838"
"1588","M30","D10","Sub",0.0493151504542,"Cluster_525"
"1589","M30","D10","Sub",0.0485864235638,"Cluster_2314"
"1590","M30","D10","Sub",0.00428868461087,"Cluster_291"
"1591","M30","D10","Sub",72.4071677162,"Cluster_56"
"1592","M30","D10","Sub",0.00153954222139,"Cluster_1811"
"1593","M30","D10","Sub",0.00380706762248,"Cluster_23"
"1594","M30","D10","Sub",0.0307282419598,"Cluster_74"
"1595","M30","D10","Sub",0.0101209756306,"Cluster_1729"
"1596","M30","D10","Sub",0.00439365869026,"Cluster_52"
"1597","M30","D10","Sub",0.306938981765,"Cluster_119"
"1598","M30","D10","Sub",0.0146543653911,"Cluster_342"
"1599","M30","D10","Sub",0.0829699286741,"Cluster_480"
"1600","M30","D10","Sub",0.00512259550743,"Cluster_445"
"1601","M30","D10","Sub",0.0252846755305,"Cluster_835"
"1602","M30","D10","Sub",0.0143108931264,"Cluster_632"
"1603","M30","D10","Sub",0.00362162230763,"Cluster_572"
"1604","M30","D10","Sub",0.472814700577,"Cluster_202"
"1605","M30","D10","Sub",0.00781439297165,"Cluster_436"
"1606","M30","D10","Sub",0.0199164244645,"Cluster_3714"
"1607","M30","D10","Sub",0.0669979819317,"Cluster_1260"
"1608","M30","D10","Sub",0.0421103979798,"Cluster_662"
"1609","M30","D10","Sub",0.147723741421,"Cluster_824"
"1610","M30","D10","Sub",0.0198878032542,"Cluster_1249"
"1611","M30","D10","Sub",0.00395512025225,"Cluster_3326"
"1612","M30","D10","Sub",0.0099419233288,"Cluster_272"
"1613","M30","D10","Sub",0.0185347792213,"Cluster_1416"
"1614","M30","D10","Sub",0.00391727221155,"Cluster_3795"
"1615","M30","D10","Sub",0.00375794416929,"Cluster_610"
"1616","M30","D10","Sub",0.0379846900821,"Cluster_1739"
"1617","M30","D10","Sub",0.00932862845702,"Cluster_1246"
"1618","M30","D10","Sub",0.00118398986092,"Cluster_1591"
"1619","M30","D10","Sub",0.0224246981983,"Cluster_2042"
"1620","M30","D10","Sub",0.00241617766844,"Cluster_3398"
"1621","M30","D10","Sub",0.00663982649158,"Cluster_2524"
"1622","M30","D10","Sub",0.00180008678147,"Cluster_1437"
"1623","M30","D10","Sub",0.00200945625719,"Cluster_1458"
"1624","M30","D10","Sub",0.0231068602806,"Cluster_3692"
"1625","M30","D10","Sub",0.00466139172586,"Cluster_1190"
"1626","M30","D10","Sub",0.00365713174009,"Cluster_4223"
"1627","M30","D10","Sub",0.00776784455125,"Cluster_324"
"1628","M30","D10","Sub",0.0579835553961,"Cluster_1009"
"1629","M30","D10","Sub",0.00825416400469,"Cluster_3678"
"1630","M30","D10","Sub",0.00367984064411,"Cluster_3735"
"1631","M30","D10","Sub",0.0289996909092,"Cluster_290"
"1632","M30","D10","Sub",0.00219052813971,"Cluster_3994"
"1633","M30","D10","Sub",0.181532567502,"Cluster_254"
"1634","M30","D10","Sub",0.0230478230527,"Cluster_712"
"1635","M30","D10","Sub",0.00589232200845,"Cluster_2952"
"1636","M30","D10","Sub",0.0435246214143,"Cluster_109"
"1637","M30","D10","Sub",0,"Cluster_2804"
"1638","M30","D10","Sub",0.00327099134375,"Cluster_179"
"1639","M30","D10","Sub",0.0357461711624,"Cluster_92"
"1640","M30","D10","Sub",0.00945605849621,"Cluster_1297"
"1641","M30","D10","Sub",0.0134920634411,"Cluster_170"
"1642","M30","D10","Sub",0.0410086372456,"Cluster_717"
"1643","M30","D10","Sub",0.00324397794088,"Cluster_810"
"1644","M30","D10","Sub",0.0874486430575,"Cluster_524"
"1645","M30","D10","Sub",0.0395575357815,"Cluster_264"
"1646","M30","D10","Sub",0.209854854863,"Cluster_723"
"1647","M30","D10","Sub",0.00571204350479,"Cluster_701"
"1648","M30","D10","Sub",0.0230818345971,"Cluster_1365"
"1649","M30","D10","Sub",0.248714835045,"Cluster_1989"
"1650","M30","D10","Sub",0.0685370838148,"Cluster_505"
"1651","M30","D10","Sub",0.0143226839904,"Cluster_2068"
"1652","M30","D10","Sub",0.342826302755,"Cluster_763"
"1653","M30","D10","Sub",0.139257819335,"Cluster_493"
"1654","M30","D10","Sub",0.00183721714943,"Cluster_1907"
"1655","M30","D10","Sub",1.46809646583,"Cluster_1830"
"1656","M30","D10","Sub",0.00627596004628,"Cluster_649"
"1657","M30","D10","Sub",0.0128494355442,"Cluster_82"
"1658","M30","D10","Sub",0,"Cluster_1067"
"1659","M30","D10","Sub",0.00565017178892,"Cluster_1708"
"1660","M30","D10","Sub",0.0962867206237,"Cluster_2315"
"1661","M30","D10","Sub",0.00121512730641,"Cluster_2262"
"1662","M30","D10","Sub",0.00269157521892,"Cluster_1666"
"1663","M30","D10","Sub",0.00615663193692,"Cluster_766"
"1664","M30","D10","Sub",0.00127128865251,"Cluster_2824"
"1665","M30","D10","Sub",0.0621237629079,"Cluster_987"
"1666","M30","D10","Sub",0.0159408542341,"Cluster_2082"
"1667","M30","D10","Sub",0.00420303595319,"Cluster_1465"
"1668","M30","D10","Sub",0.0103343464655,"Cluster_715"
"1669","M30","D10","Sub",0.0134365729117,"Cluster_1369"
"1670","M30","D10","Sub",0.00641646118176,"Cluster_714"
"1671","M30","D10","Sub",0.00802805259711,"Cluster_64"
"1672","M30","D10","Sub",0.0408680138861,"Cluster_1886"
"1673","M30","D10","Sub",0.0219241363638,"Cluster_2421"
"1674","M30","D10","Sub",0.00360549636254,"Cluster_4094"
"1675","M30","D10","Sub",0.056437054374,"Cluster_39"
"1676","M30","D10","Sub",0.00203330737003,"Cluster_971"
"1677","M30","D10","Sub",0.015481136372,"Cluster_623"
"1678","M30","D10","Sub",0.0104136327901,"Cluster_9"
"1679","M30","D10","Sub",0.0459099545476,"Cluster_1705"
"1680","M30","D10","Sub",0.0241613562282,"Cluster_1904"
"1681","M30","D10","Sub",0.0427152987243,"Cluster_1229"
"1682","M30","D10","Sub",0.0136846268931,"Cluster_4082"
"1683","M30","D10","Sub",0.0177306753473,"Cluster_1137"
"1684","M30","D10","Sub",0.00550923587353,"Cluster_694"
"1685","M30","D10","Sub",0.00863709677483,"Cluster_1543"
"1686","M30","D10","Sub",0.00328313380162,"Cluster_693"
"1687","M30","D10","Sub",0.0894784312428,"Cluster_78"
"1688","M30","D10","Sub",0.0190936839764,"Cluster_2619"
"1689","M30","D10","Sub",0.00298547786782,"Cluster_2260"
"1690","M30","D10","Sub",0.00101703092201,"Cluster_3643"
"1691","M30","D10","Sub",0.00562043404267,"Cluster_3323"
"1692","M30","D10","Sub",0.0132214019861,"Cluster_339"
"1693","M30","D10","Sub",0.00062816615771,"Cluster_3217"
"1694","M30","D10","Sub",0.00598490467747,"Cluster_3139"
"1695","M30","D10","Sub",0.0849354100137,"Cluster_34"
"1696","M30","D10","Sub",0,"Cluster_4219"
"1697","M30","D10","Sub",0.00729765439859,"Cluster_194"
"1698","M30","D10","Sub",0.00302606515944,"Cluster_1399"
"1699","M30","D10","Sub",0,"Cluster_1931"
"1700","M30","D10","Sub",0.0206629679845,"Cluster_1179"
"1701","M30","D10","Sub",0.0285212568775,"Cluster_2245"
"1702","M30","D10","Sub",0.0189770911788,"Cluster_1668"
"1703","M30","D10","Sub",0.00265077208395,"Cluster_3954"
"1704","M30","D10","Sub",0.00830575252972,"Cluster_402"
"1705","M30","D10","Sub",0.0127276689513,"Cluster_1749"
"1706","M30","D10","Sub",0.255710157014,"Cluster_84"
"1707","M30","D10","Sub",0.0271914517342,"Cluster_1314"
"1708","M30","D10","Sub",0.00525403428343,"Cluster_289"
"1709","M30","D10","Sub",0.00123692949974,"Cluster_4187"
"1710","M30","D10","Sub",0.00340389799939,"Cluster_36"
"1711","M30","D10","Sub",0.00182137907056,"Cluster_3991"
"1712","M30","D10","Sub",0.00711921645404,"Cluster_952"
"1713","M30","D10","Sub",0.00369899047687,"Cluster_2261"
"1714","M30","D10","Sub",0.318645965291,"Cluster_978"
"1715","M30","D10","Sub",0.00400911506798,"Cluster_4327"
"1716","M30","D10","Sub",0.00100879585381,"Cluster_3924"
"1717","M30","D10","Sub",0.00705024664986,"Cluster_3933"
"1718","M30","D10","Sub",0.0146122970858,"Cluster_1667"
"1719","M30","D10","Sub",0.00602993743375,"Cluster_1542"
"1720","M30","D10","Sub",0.00137436611082,"Cluster_976"
"1721","M30","D10","Sub",0.0494035312226,"Cluster_1090"
"1722","M30","D10","Sub",0.00549322257256,"Cluster_227"
"1723","M30","D10","Sub",0.0263533227108,"Cluster_591"
"1724","M30","D10","Sub",0.0225903435918,"Cluster_1472"
"1725","M30","D10","Sub",0.004019580885,"Cluster_2861"
"1726","M30","D10","Sub",0.0429789734077,"Cluster_668"
"1727","M30","D10","Sub",0.409319230975,"Cluster_315"
"1728","M30","D10","Sub",0.0901638795715,"Cluster_1515"
"1729","M30","D10","Sub",0.000927585205739,"Cluster_1561"
"1730","M30","D10","Sub",0.00537009861835,"Cluster_1942"
"1731","M30","D10","Sub",0.0217896862446,"Cluster_213"
"1732","M30","D10","Sub",0.00220676520813,"Cluster_1939"
"1733","M30","D10","Sub",0.00479758696008,"Cluster_3351"
"1734","M30","D10","Sub",0.00326569562112,"Cluster_2236"
"1735","M30","D10","Sub",0.135244786527,"Cluster_1004"
"1736","M30","D10","Sub",0.00262153933312,"Cluster_3165"
"1737","M30","D10","Sub",0.0089735744337,"Cluster_2388"
"1738","M30","D10","Sub",0.00494615266169,"Cluster_2029"
"1739","M30","D10","Sub",0.00315439038523,"Cluster_556"
"1740","M30","D10","Sub",0.0166469240468,"Cluster_3171"
"1741","M30","D10","Sub",0.0577267032667,"Cluster_144"
"1742","M30","D10","Sub",0.0105230367075,"Cluster_2875"
"1743","M30","D10","Sub",0.0170598735304,"Cluster_439"
"1744","M30","D10","Sub",0.00204575185461,"Cluster_1336"
"1745","M30","D10","Sub",0.0624319939392,"Cluster_3"
"1746","M30","D10","Sub",0.00385981614978,"Cluster_1359"
"1747","M30","D10","Sub",0.220749643533,"Cluster_1231"
"1748","M30","D10","Sub",0.275048189542,"Cluster_424"
"1749","M30","D10","Sub",0.0038938599192,"Cluster_3359"
"1750","M30","D10","Sub",0.160449074129,"Cluster_609"
"1751","M30","D10","Sub",0.0104137474727,"Cluster_1655"
"1752","M30","D10","Sub",0.000920588334575,"Cluster_2331"
"1753","M30","D10","Sub",0.0132528424581,"Cluster_3386"
"1754","M30","D10","Sub",0.0608512773493,"Cluster_18"
"1755","M30","D10","Sub",0.0408462418971,"Cluster_221"
"1756","M30","D10","Sub",0.00185215387422,"Cluster_2396"
"1757","M30","D10","Sub",0,"Cluster_4222"
"1758","M30","D10","Sub",0.0133059674711,"Cluster_1581"
"1759","M30","D10","Sub",0.015044906647,"Cluster_2611"
"1760","M30","D10","Sub",0.0176291209863,"Cluster_1516"
"1761","M30","D10","Sub",0.0619919463537,"Cluster_859"
"1762","M30","D10","Sub",0.016638979122,"Cluster_1673"
"1763","M30","D10","Sub",0.00360549636254,"Cluster_4093"
"1764","M30","D10","Sub",0.00573010104838,"Cluster_2395"
"1765","M30","D10","Sub",0.0231876844079,"Cluster_229"
"1766","M30","D10","Sub",0.0307009933826,"Cluster_1044"
"1767","M30","D10","Sub",0.003065691296,"Cluster_3796"
"1768","M30","D10","Sub",0.35894881501,"Cluster_161"
"1769","M30","D10","Sub",0.00999369024663,"Cluster_1710"
"1770","M30","D10","Sub",0.481021725078,"Cluster_293"
"1771","M30","D10","Sub",0.00886492470331,"Cluster_1064"
"1772","M30","D10","Sub",0.0925907681679,"Cluster_1909"
"1773","M30","D10","Sub",0.00260459138563,"Cluster_3411"
"1774","M30","D10","Sub",0.0046059628254,"Cluster_1065"
"1775","M30","D10","Sub",0,"Cluster_3642"
"1776","M30","D10","Sub",0.00219898577731,"Cluster_1050"
"1777","M30","D10","Sub",0.00336038537952,"Cluster_249"
"1778","M30","D10","Sub",0.00201759170762,"Cluster_472"
"1779","M30","D10","Sub",0.484623359749,"Cluster_357"
"1780","M30","D10","Sub",0.00562660356412,"Cluster_3050"
"1781","M30","D10","Sub",0.0263388967882,"Cluster_1289"
"1782","M30","D10","Sub",0.0250134632169,"Cluster_3299"
"1783","M30","D10","Sub",0.0186212985444,"Cluster_3404"
"1784","M30","D10","Sub",0.466118796309,"Cluster_21"
"1785","M30","D10","Sub",0.0348631498968,"Cluster_514"
"1786","M30","D10","Sub",0.00474156308233,"Cluster_1906"
"1787","M30","D10","Sub",0.0389008326305,"Cluster_2432"
"1788","M30","D10","Sub",0.0226837779173,"Cluster_3266"
"1789","M30","D10","Sub",0.137157819496,"Cluster_1088"
"1790","M30","D10","Sub",0.00643427726167,"Cluster_3014"
"1791","M30","D10","Sub",0.117962816016,"Cluster_527"
"1792","M30","D10","Sub",0.00621280693924,"Cluster_2963"
"1793","M30","D10","Sub",0.0152739553014,"Cluster_1810"
"1794","M30","D10","Sub",0.266932935923,"Cluster_88"
"1795","M30","D10","Sub",0,"Cluster_3325"
"1796","M30","D10","Sub",0.0156966416273,"Cluster_163"
"1797","M30","D10","Sub",0.0224766589945,"Cluster_1010"
"1798","M30","D10","Sub",0.0165049205771,"Cluster_340"
"1799","M30","D10","Sub",0.003022308872,"Cluster_770"
"1800","M30","D10","Sub",0.00461476889978,"Cluster_1155"
"1801","M30","D10","Sub",0.004268635882,"Cluster_4150"
"1802","M30","D10","Sub",0.00370278248303,"Cluster_728"
"1803","M30","D10","Sub",0.00855622316511,"Cluster_2485"
"1804","M30","D10","Sub",0.00225291659938,"Cluster_2231"
"1805","M30","D10","Sub",0.0101405714738,"Cluster_1747"
"1806","M30","D10","Sub",0.00526313502138,"Cluster_997"
"1807","M30","D10","Sub",0.00785624568876,"Cluster_1492"
"1808","M30","D10","Sub",0.1010116896,"Cluster_826"
"1809","M30","D10","Sub",0.00358349821512,"Cluster_23"
"1810","M30","D10","Sub",0.0184280602903,"Cluster_61"
"1811","M30","D10","Sub",0.0272845578485,"Cluster_606"
"1812","M30","D10","Sub",0.0084430935176,"Cluster_83"
"1813","M30","D10","Sub",0.0779502216663,"Cluster_1963"
"1814","M30","D10","Sub",0.00654081390235,"Cluster_988"
"1815","M30","D10","Sub",0.00339609265476,"Cluster_2124"
"1816","M30","D10","Sub",0.00451849493934,"Cluster_862"
"1817","M30","D10","Sub",0.0174480432395,"Cluster_1592"
"1818","M30","D10","Sub",0.00442913084736,"Cluster_608"
"1819","M30","D10","Sub",0.00598130890606,"Cluster_2843"
"1820","M30","D10","Sub",0.00464874208753,"Cluster_576"
"1821","M30","D10","Sub",0.0389969818502,"Cluster_2561"
"1822","M30","D10","Sub",0.00212550388298,"Cluster_765"
"1823","M30","D10","Sub",0.0116506453379,"Cluster_2652"
"1824","M30","D10","Sub",0.0429151363791,"Cluster_647"
"1825","M30","D10","Sub",0.000204575185461,"Cluster_2177"
"1826","M30","D10","Sub",0.331540516104,"Cluster_59"
"1827","M30","D10","Sub",0,"Cluster_2803"
"1828","M30","D10","Sub",0.038775197916,"Cluster_509"
"1829","M30","D10","Sub",0.304868737138,"Cluster_437"
"1830","M30","D10","Sub",0.00809985126608,"Cluster_557"
"1831","M30","D10","Sub",0.0205810075671,"Cluster_3155"
"1832","M30","D10","Sub",0.199950254084,"Cluster_232"
"1833","M30","D10","Sub",0.00557376377185,"Cluster_2472"
"1834","M30","D10","Sub",0.0265908047407,"Cluster_634"
"1835","M30","D10","Sub",0.00289511126133,"Cluster_1409"
"1836","M30","D10","Sub",0.00555119982189,"Cluster_2043"
"1837","M30","D10","Sub",0.00569170109801,"Cluster_98"
"1838","M30","D10","Sub",0.00421779993692,"Cluster_2277"
"1839","M30","D10","Sub",0.0280863602723,"Cluster_302"
"1840","M30","D10","Sub",0.00383929173057,"Cluster_1104"
"1841","M30","D10","Sub",0.00235512831655,"Cluster_3360"
"1842","M30","D10","Sub",0.0382889301015,"Cluster_825"
"1843","M30","D10","Sub",0.0756132535378,"Cluster_532"
"1844","M30","D10","Sub",0.00499944975705,"Cluster_2659"
"1845","M30","D10","Sub",0.0151455458124,"Cluster_2834"
"1846","M30","D10","Sub",0.021755962464,"Cluster_403"
"1847","M30","D10","Sub",0.010735326399,"Cluster_432"
"1848","M30","D10","Sub",0.0306854182595,"Cluster_158"
"1849","M30","D10","Sub",0.00509699431809,"Cluster_2862"
"1850","M30","D10","Sub",0.00355467118371,"Cluster_112"
"1851","M30","D10","Sub",0.00180559837603,"Cluster_4262"
"1852","M30","D10","Sub",0.00342333937799,"Cluster_775"
"1853","M30","D10","Sub",0.00607902733267,"Cluster_95"
"1854","M30","D10","Sub",0.0739918564044,"Cluster_26"
"1855","M30","D10","Sub",0.00134520078347,"Cluster_3473"
"1856","M30","D10","Sub",0,"Cluster_3940"
"1857","M30","D10","Sub",0.0147372315131,"Cluster_595"
"1858","M30","D10","Sub",0.0169298440066,"Cluster_447"
"1859","M30","D10","Sub",0.0225041335871,"Cluster_523"
"1860","M30","D10","Sub",0.257988067746,"Cluster_1678"
"1861","M30","D10","Sub",0.00405490539622,"Cluster_2296"
"1862","M30","D10","Sub",0.00265642405002,"Cluster_3172"
"1863","M30","D10","Sub",0.0174950957541,"Cluster_215"
"1864","M30","D10","Sub",0.00347698675947,"Cluster_1615"
"1865","M30","D10","Sub",0.238911595267,"Cluster_26"
"1866","M30","D10","Sub",0.00205129965625,"Cluster_1997"
"1867","M30","D10","Sub",0.0678191940158,"Cluster_103"
"1868","M30","D10","Sub",0.00145290131715,"Cluster_3955"
"1869","M30","D10","Sub",0.26270014814,"Cluster_1545"
"1870","M30","D10","Sub",0.0253564631954,"Cluster_1358"
"1871","M30","D10","Sub",0.00846421500236,"Cluster_405"
"1872","M30","D10","Sub",0.00486285276916,"Cluster_1174"
"1873","M30","D10","Sub",0.00335184899198,"Cluster_2480"
"1874","M30","D10","Sub",0.0168240189834,"Cluster_1328"
"1875","M30","D10","Sub",0.225653263924,"Cluster_1537"
"1876","M30","D10","Sub",0.00245490222553,"Cluster_2332"
"1877","M30","D10","Sub",0.00317218556389,"Cluster_1596"
"1878","M30","D10","Sub",0.0147304112809,"Cluster_1748"
"1879","M30","D10","Sub",0.00640829610491,"Cluster_635"
"1880","M30","D10","Sub",0.00691186063499,"Cluster_3983"
"1881","M30","D10","Sub",0.0127909195881,"Cluster_3814"
"1882","M30","D10","Sub",0.00218828374612,"Cluster_2987"
"1883","M30","D10","Sub",0.0124117918442,"Cluster_15"
"1884","M30","D10","Sub",0.00462932150024,"Cluster_1966"
"1885","M30","D10","Sub",0.00156657574783,"Cluster_208"
"1886","M30","D10","Sub",0,"Cluster_2603"
"1887","M30","D10","Sub",0.00700814398336,"Cluster_2125"
"1888","M30","D10","Sub",0.0113216649808,"Cluster_2707"
"1889","M30","D10","Sub",0.00440526101024,"Cluster_4032"
"1890","M30","D10","Sub",0.0661886991611,"Cluster_1092"
"1891","M30","D10","Sub",0.0181986401317,"Cluster_40"
"1892","M30","D10","Sub",0.0288091895297,"Cluster_225"
"1893","M30","D10","Sub",0,"Cluster_3641"
"1894","M30","D10","Sub",0.0067243898916,"Cluster_3546"
"1895","M30","D10","Sub",0.0174048590776,"Cluster_124"
"1896","M30","D10","Sub",0.00327228558986,"Cluster_2382"
"1897","M30","D10","Sub",0.741933509564,"Cluster_1613"
"1898","M30","D10","Sub",0,"Cluster_1861"
"1899","M30","D10","Sub",0.00487104283698,"Cluster_2215"
"1900","M30","D10","Sub",0.0144209769197,"Cluster_3870"
"1901","M30","D10","Sub",0.00252753246889,"Cluster_406"
"1902","M30","D10","Sub",0.0291493486204,"Cluster_792"
"1903","M30","D10","Sub",0.00704708097945,"Cluster_2018"
"1904","M30","D10","Sub",0.00517068473344,"Cluster_2165"
"1905","M30","D10","Sub",0.00187142601202,"Cluster_1530"
"1906","M30","D10","Sub",0.0637834692643,"Cluster_206"
"1907","M30","D10","Sub",0.00502276007494,"Cluster_2333"
"1908","M30","D10","Sub",0.0318143291018,"Cluster_730"
"1909","M30","D10","Sub",0.0237861671245,"Cluster_617"
"1910","M30","D10","Sub",0.109917572725,"Cluster_2056"
"1911","M30","D10","Sub",0.197195083836,"Cluster_1152"
"1912","M30","D10","Sub",0.00222475514189,"Cluster_4174"
"1913","M30","D10","Sub",0.0164221327182,"Cluster_1486"
"1914","M30","D10","Sub",0.00235068467822,"Cluster_567"
"1915","M30","D10","Sub",0.00338047209871,"Cluster_2805"
"1916","M30","D10","Sub",0.189607784929,"Cluster_240"
"1917","M30","D10","Sub",0,"Cluster_2176"
"1918","M30","D10","Sub",0.00803782502876,"Cluster_3188"
"1919","M30","D10","Sub",0.0305414385878,"Cluster_409"
"1920","M30","D10","Sub",0.0078898532867,"Cluster_909"
"1921","M30","D10","Sub",0.0449188657219,"Cluster_188"
"1922","M30","D10","Sub",0.00266494733574,"Cluster_3910"
"1923","M30","D10","Sub",0.424094996754,"Cluster_503"
"1924","M30","D10","Sub",0.00225904420573,"Cluster_106"
"1925","M30","D10","Sub",0.00625802091525,"Cluster_1908"
"1926","M30","D10","Sub",0.00301283454952,"Cluster_3849"
"1927","M30","D10","Sub",0.0207086463312,"Cluster_488"
"1928","M30","D10","Sub",0.00415854304259,"Cluster_1049"
"1929","M30","D10","Sub",0.00489053142083,"Cluster_3508"
"1930","M30","D10","Sub",0.0636982524835,"Cluster_14"
"1931","M30","D10","Sub",0.0111789349278,"Cluster_454"
"1932","M30","D10","Sub",0.00179907997034,"Cluster_2716"
"1933","M30","D10","Sub",0.00208897196421,"Cluster_4231"
"1934","M30","D10","Sub",0.0067072025812,"Cluster_1586"
"1935","M30","D10","Sub",0.00467097912143,"Cluster_4129"
"1936","M30","D10","Sub",0.00435870395146,"Cluster_566"
"1937","M30","D10","Sub",0.0166683727211,"Cluster_190"
"1938","M30","D10","Sub",0.00971627755845,"Cluster_4031"
"1939","M30","D10","Sub",0.416238986393,"Cluster_54"
"1940","M30","D10","Sub",0.0344486627685,"Cluster_1675"
"1941","M30","D10","Sub",0.142197104454,"Cluster_87"
"1942","M30","D10","Sub",0.00896613233654,"Cluster_260"
"1943","M30","D10","Sub",0.00245310244384,"Cluster_1679"
"1944","M30","D10","Sub",0.344423460861,"Cluster_327"
"1945","M30","D10","Sub",0.00322326729218,"Cluster_1709"
"1946","M30","D10","Sub",0.106048716016,"Cluster_650"
"1947","M30","D10","Sub",0.0140193800941,"Cluster_898"
"1948","M30","D10","Sub",0.00258187992685,"Cluster_4186"
"1949","M30","D10","Sub",0.0182675338269,"Cluster_1097"
"1950","M30","D10","Sub",0.00638904040747,"Cluster_555"
"1951","M30","D10","Sub",0.0110489794068,"Cluster_1681"
"1952","M30","D10","Sub",0.00311498999672,"Cluster_277"
"1953","M30","D10","Sub",0.0280520005649,"Cluster_1868"
"1954","M30","D10","Sub",0.00552847578116,"Cluster_1426"
"1955","M30","D10","Sub",0.00393150759402,"Cluster_366"
"1956","M30","D10","Sub",0.321446259444,"Cluster_4"
"1957","M30","D10","Sub",0.0128497068285,"Cluster_1060"
"1958","M30","D10","Sub",0.00254257730502,"Cluster_3852"
"1959","M30","D10","Sub",0.00508515461003,"Cluster_2019"
"1960","M30","D10","Sub",0,"Cluster_2449"
"1961","M30","D10","Sub",0.00759758277704,"Cluster_2330"
"1962","M30","D10","Sub",0.0461818452983,"Cluster_337"
"1963","M30","D10","Sub",0.0667426542567,"Cluster_151"
"1964","M30","D10","Sub",0.130590608238,"Cluster_1831"
"1965","M30","D10","Sub",0.0134865684641,"Cluster_318"
"1966","M30","D10","Sub",0.314872376175,"Cluster_128"
"1967","M30","D10","Sub",0.00680513337519,"Cluster_3352"
"1968","M30","D10","Sub",0.00228180014553,"Cluster_3468"
"1969","M30","D10","Sub",0.00346393757032,"Cluster_434"
"1970","M30","D10","Sub",0.0141652544717,"Cluster_150"
"1971","M30","D10","Sub",0,"Cluster_1066"
"1972","M30","D10","Sub",0.00383096849545,"Cluster_3204"
"1973","M30","D10","Sub",0.00255989993616,"Cluster_515"
"1974","M30","D10","Sub",0.00518117641227,"Cluster_549"
"1975","M30","D10","Sub",0.499531687859,"Cluster_469"
"1976","M30","D10","Sub",0.00449769992584,"Cluster_2715"
"1977","M30","D10","Sub",0.00357557059575,"Cluster_1738"
"1978","M30","D10","Sub",0.00190367326427,"Cluster_1114"
"1979","M30","D10","Sub",0.00162045898043,"Cluster_2347"
"1980","M30","D10","Sub",0.0041416825283,"Cluster_1645"
"1981","M30","D10","Sub",0.000941695298154,"Cluster_605"
"1982","M30","D10","Sub",0.0707626492189,"Cluster_1740"
"1983","M30","D10","Sub",0.482445568369,"Cluster_248"
"1984","M30","D10","Sub",0.0226170053414,"Cluster_1652"
"1985","M30","D10","Sub",0.00543981154694,"Cluster_3314"
"1986","M30","D10","Sub",0.00425605331492,"Cluster_2736"
"1987","M30","D10","Sub",0.531969291996,"Cluster_893"
"1988","M30","D10","Sub",0.0550079650774,"Cluster_66"
"1989","M30","D10","Sub",0,"Cluster_2334"
"1990","M30","D10","Sub",0.325566460191,"Cluster_1123"
"1991","M30","D10","Sub",0.0235915383961,"Cluster_1363"
"1992","M30","D10","Sub",0.00268429472857,"Cluster_4196"
"1993","M30","D10","Sub",0.00237307215135,"Cluster_3594"
"1994","M30","D10","Sub",0.00241212561366,"Cluster_3454"
"1995","M30","D10","Sub",0,"Cluster_1722"
"1996","M30","D10","Sub",0.00451251750964,"Cluster_355"
"1997","M30","D10","Sub",0.0215630113752,"Cluster_303"
"1998","M30","D10","blood",0.00361069142626,"Cluster_1862"
"1999","M30","D10","blood",0.50757346153,"Cluster_1231"
"2000","M30","D10","blood",0.0495159061162,"Cluster_1868"
"2001","M30","D10","blood",0.182988669908,"Cluster_978"
"2002","M30","D10","blood",0.0598456145681,"Cluster_107"
"2003","M30","D10","blood",0.0528272717211,"Cluster_662"
"2004","M30","D10","blood",0.0458956393954,"Cluster_1493"
"2005","M30","D10","blood",0.0898050034211,"Cluster_826"
"2006","M30","D10","blood",0.823358188271,"Cluster_1830"
"2007","M30","D10","blood",0.150200015015,"Cluster_315"
"2008","M30","D10","blood",0.0739958741198,"Cluster_509"
"2009","M30","D10","blood",3.53911413229,"Cluster_1123"
"2010","M30","D10","blood",0.0157131412203,"Cluster_64"
"2011","M30","D10","blood",75.9397288351,"Cluster_294"
"2012","M30","D10","blood",0.795410418077,"Cluster_1545"
"2013","M30","D10","blood",0.112143910762,"Cluster_1537"
"2014","M30","D10","blood",0.0260785349026,"Cluster_523"
"2015","M30","D10","blood",0.0404100177344,"Cluster_514"
"2016","M30","D10","blood",0.211543347466,"Cluster_86"
"2017","M30","D10","blood",1.19584938152,"Cluster_1831"
"2018","M30","D10","blood",0.0114005606535,"Cluster_717"
"2019","M30","D10","blood",0.0478457608603,"Cluster_591"
"2020","M30","D10","blood",0.0897305380868,"Cluster_54"
"2021","M30","D10","blood",0.0202827372216,"Cluster_536"
"2022","M30","D10","blood",0.437908848573,"Cluster_893"
"2023","M30","D10","blood",0.0161767107638,"Cluster_1088"
"2024","M30","D10","blood",0.0156661640327,"Cluster_3293"
"2025","M30","D10","blood",0.00794407280949,"Cluster_1008"
"2026","M30","D10","blood",0.0822971484432,"Cluster_491"
"2027","M30","D10","blood",0.0064379513717,"Cluster_853"
"2028","M30","D10","blood",0.0582019485846,"Cluster_1909"
"2029","M30","D10","blood",0.0155308454353,"Cluster_1701"
"2030","M30","D10","blood",0.0989197069836,"Cluster_357"
"2031","M30","D10","blood",0.212016862238,"Cluster_161"
"2032","M30","D10","blood",0.00624637747789,"Cluster_2757"
"2033","M30","D10","blood",0.0725411239675,"Cluster_2214"
"2034","M30","D10","blood",0.618139731276,"Cluster_50"
"2035","M30","D10","blood",0.0242830478655,"Cluster_1613"
"2036","M30","D10","blood",1.77256758604,"Cluster_26"
"2037","M30","D10","blood",0.0388995299114,"Cluster_78"
"2038","M30","D10","blood",1.06618287473,"Cluster_327"
"2039","M30","D10","blood",0.0394961065783,"Cluster_647"
"2040","M30","D10","blood",0.0483812631923,"Cluster_422"
"2041","M30","D10","blood",0.60169372638,"Cluster_338"
"2042","M30","D10","blood",0.154506867062,"Cluster_469"
"2043","M30","D10","blood",0.105639189714,"Cluster_151"
"2044","M30","D10","blood",0.236510512434,"Cluster_84"
"2045","M30","D10","blood",0.00478289107895,"Cluster_698"
"2046","M30","D10","blood",0.083046121141,"Cluster_240"
"2047","M30","D10","blood",0.363406860758,"Cluster_119"
"2048","M30","D10","blood",0.00814113337391,"Cluster_437"
"2049","M30","D10","blood",0.210265831829,"Cluster_293"
"2050","M30","D10","blood",0.466796288053,"Cluster_88"
"2051","M30","D10","blood",0.191839229528,"Cluster_128"
"2052","M30","D10","blood",0.310978528506,"Cluster_1419"
"2053","M30","D10","blood",0.048084526554,"Cluster_303"
"2054","M30","D10","blood",0.0596904379487,"Cluster_504"
"2055","M30","D10","blood",0.0561373928934,"Cluster_2315"
"2056","M30","D10","blood",0.0278845846918,"Cluster_23"
"2057","M30","D10","blood",1.70074834145,"Cluster_1274"
"2058","M30","D10","blood",0.760050911572,"Cluster_2305"
"2059","M30","D10","blood",0.140838880021,"Cluster_763"
"2060","M30","D10","blood",0.0332779388713,"Cluster_272"
"2061","M30","D10","blood",0.123596151705,"Cluster_232"
"2062","M30","D10","blood",0.178310983782,"Cluster_467"
"2063","M30","D10","blood",0.523255618135,"Cluster_248"
"2064","M30","D10","blood",2.62371182077,"Cluster_888"
"2065","M30","D10","blood",0.00418827367825,"Cluster_431"
"2066","M30","D10","blood",0.00545426439192,"Cluster_73"
"2067","M30","D10","blood",0.069467335988,"Cluster_363"
"2068","M30","D10","blood",0.00378092648353,"Cluster_1004"
"2069","M30","D10","blood",0.108789663752,"Cluster_740"
"2070","M30","D10","blood",0.0354042311345,"Cluster_1311"
"2071","M30","D10","blood",0.0305770424107,"Cluster_286"
"2072","M30","D10","blood",0,"Cluster_1518"
"2073","M30","D10","blood",0.050166483617,"Cluster_634"
"2074","M30","D10","blood",0.286309259478,"Cluster_1678"
"2075","M30","D10","blood",0.0546196039086,"Cluster_221"
"2076","M30","D10","blood",1.41974381525,"Cluster_4"
"2077","M30","D10","blood",0.185102760148,"Cluster_1571"
"2078","M30","D10","blood",0.0104960198049,"Cluster_532"
"2079","M30","D6","blood",0.00280063345425,"Cluster_4"
"2080","M30","D6","blood",0.00468143704091,"Cluster_1830"
"2081","M30","D6","blood",0.00177045497349,"Cluster_1545"
"2082","M30","D6","blood",99.9773071594,"Cluster_56"
"2083","M30","D6","blood",0.00794710352035,"Cluster_294"
"2084","M30","D6","blood",0.00549321165166,"Cluster_588"
"2085","M32","D6","Brain",0.155783717662,"Cluster_1830"
"2086","M32","D6","Brain",0.163986188646,"Cluster_437"
"2087","M32","D6","Brain",99.6802300937,"Cluster_56"
"2088","M32","D6","Ear",99.3335232414,"Cluster_56"
"2089","M32","D6","Ear",0.0357051231856,"Cluster_336"
"2090","M32","D6","Ear",0.375952975587,"Cluster_1830"
"2091","M32","D6","Ear",0.0339505022021,"Cluster_26"
"2092","M32","D6","Ear",0.0173891351636,"Cluster_523"
"2093","M32","D6","Ear",0.179106595702,"Cluster_1231"
"2094","M32","D6","Ear",0.0243724267383,"Cluster_129"
"2095","M32","D6","Gon",0.00901350736313,"Cluster_4"
"2096","M32","D6","Gon",0.0104396423207,"Cluster_437"
"2097","M32","D6","Gon",0.920805661613,"Cluster_294"
"2098","M32","D6","Gon",0.0139447214058,"Cluster_1123"
"2099","M32","D6","Gon",0.455195470319,"Cluster_1830"
"2100","M32","D6","Gon",98.5754269938,"Cluster_56"
"2101","M32","D6","Gon",0.015174003214,"Cluster_588"
"2102","M32","D6","Heart",0.00234751375661,"Cluster_1868"
"2103","M32","D6","Heart",0.00547862958063,"Cluster_4"
"2104","M32","D6","Heart",99.5793877804,"Cluster_56"
"2105","M32","D6","Heart",0.00791667959794,"Cluster_1831"
"2106","M32","D6","Heart",0.0114568358925,"Cluster_588"
"2107","M32","D6","Heart",0.0053232654582,"Cluster_254"
"2108","M32","D6","Heart",0.00993069866842,"Cluster_52"
"2109","M32","D6","Heart",0.362002544428,"Cluster_1830"
"2110","M32","D6","Heart",0.00483795025936,"Cluster_437"
"2111","M32","D6","Heart",0.00548904522622,"Cluster_294"
"2112","M32","D6","Heart",0.0058290567457,"Cluster_1088"
"2113","M32","D6","Lung",0.00430135857507,"Cluster_1682"
"2114","M32","D6","Lung",0.00493672527786,"Cluster_705"
"2115","M32","D6","Lung",0.00563357595483,"Cluster_616"
"2116","M32","D6","Lung",0.00645550006388,"Cluster_504"
"2117","M32","D6","Lung",0.00308777640596,"Cluster_1678"
"2118","M32","D6","Lung",0.303822010338,"Cluster_294"
"2119","M32","D6","Lung",3.87465887834,"Cluster_1830"
"2120","M32","D6","Lung",0.00994260674093,"Cluster_336"
"2121","M32","D6","Lung",0.0112122918172,"Cluster_588"
"2122","M32","D6","Lung",0.00696661171973,"Cluster_437"
"2123","M32","D6","Lung",0.00510766076638,"Cluster_119"
"2124","M32","D6","Lung",0.00505849543106,"Cluster_240"
"2125","M32","D6","Lung",95.7529358528,"Cluster_56"
"2126","M32","D6","Lung",0.00588065576077,"Cluster_1868"
"2127","M32","D6","Sub",0.667635642392,"Cluster_1830"
"2128","M32","D6","Sub",0.0037024026554,"Cluster_254"
"2129","M32","D6","Sub",0.0542810769212,"Cluster_1868"
"2130","M32","D6","Sub",99.1785413388,"Cluster_56"
"2131","M32","D6","Sub",0.00740872665518,"Cluster_21"
"2132","M32","D6","Sub",0.0192882127205,"Cluster_1810"
"2133","M32","D6","Sub",0.00192181756373,"Cluster_3235"
"2134","M32","D6","Sub",0.0218218217999,"Cluster_437"
"2135","M32","D6","Sub",0.00736063723025,"Cluster_294"
"2136","M32","D6","Sub",0.00400611802338,"Cluster_488"
"2137","M32","D6","Sub",0.00220568668832,"Cluster_2667"
"2138","M32","D6","Sub",0.0128890537177,"Cluster_1088"
"2139","M32","D6","Sub",0.00708853988736,"Cluster_825"
"2140","M32","D6","Sub",0.00491662380802,"Cluster_853"
"2141","M32","D6","Sub",0.00218227686569,"Cluster_1530"
"2142","M32","D6","Sub",0.00475002426212,"Cluster_588"
"2143","M32","D6","blood",0.00255085455605,"Cluster_437"
"2144","M32","D6","blood",0.00796819971171,"Cluster_294"
"2145","M32","D6","blood",99.9618792819,"Cluster_56"
"2146","M32","D6","blood",0.00179663653822,"Cluster_1868"
"2147","M32","D6","blood",0.00315912370196,"Cluster_4"
"2148","M32","D6","blood",0.00919273732218,"Cluster_1830"
"2149","M32","D6","blood",0.00615036974358,"Cluster_588"
"2150","M32","D6","blood",0.00289094817456,"Cluster_1545"
"2151","M32","D6","blood",0.00233670274462,"Cluster_254"
"2152","M32","D6","blood",0.00207514558445,"Cluster_616"
"2153","M33","D6","Brain",99.8284350712,"Cluster_56"
"2154","M33","D6","Brain",0.122821342295,"Cluster_1830"
"2155","M33","D6","Brain",0.0487435864635,"Cluster_4"
"2156","M33","D6","Ear",0.0785044608506,"Cluster_4"
"2157","M33","D6","Ear",0.182516837724,"Cluster_1231"
"2158","M33","D6","Ear",99.2310868822,"Cluster_56"
"2159","M33","D6","Ear",0.154213509759,"Cluster_1831"
"2160","M33","D6","Ear",0.0140037391143,"Cluster_248"
"2161","M33","D6","Ear",0.0128741677074,"Cluster_2305"
"2162","M33","D6","Ear",0.174589231411,"Cluster_1830"
"2163","M33","D6","Ear",0.0163939680782,"Cluster_577"
"2164","M33","D6","Ear",0.0672547751767,"Cluster_294"
"2165","M33","D6","Ear",0.0685624280231,"Cluster_108"
"2166","M33","D6","Gon",0.0170726195594,"Cluster_3254"
"2167","M33","D6","Gon",5.29156098235,"Cluster_294"
"2168","M33","D6","Gon",94.5229739786,"Cluster_56"
"2169","M33","D6","Gon",0.0289575989667,"Cluster_1830"
"2170","M33","D6","Gon",0.139434820523,"Cluster_1123"
"2171","M33","D6","Heart",0.0734653141007,"Cluster_1830"
"2172","M33","D6","Heart",0.0688932534298,"Cluster_4"
"2173","M33","D6","Heart",99.8576414325,"Cluster_56"
"2174","M33","D6","Lung",0.00714251141243,"Cluster_717"
"2175","M33","D6","Lung",0.00220696904266,"Cluster_254"
"2176","M33","D6","Lung",0.0049623405018,"Cluster_2236"
"2177","M33","D6","Lung",0.0148658191364,"Cluster_1830"
"2178","M33","D6","Lung",98.9834837824,"Cluster_56"
"2179","M33","D6","Lung",0.0154808613371,"Cluster_3692"
"2180","M33","D6","Lung",0.0139745855576,"Cluster_355"
"2181","M33","D6","Lung",0.0227298606443,"Cluster_1231"
"2182","M33","D6","Lung",0.0794609713537,"Cluster_4"
"2183","M33","D6","Lung",0.00744224619364,"Cluster_1682"
"2184","M33","D6","Lung",0.824210144418,"Cluster_294"
"2185","M33","D6","Lung",0.0190956522296,"Cluster_1868"
"2186","M33","D6","Lung",0.00494425579922,"Cluster_609"
"2187","M33","D6","Sub",0.037312773885,"Cluster_4"
"2188","M33","D6","Sub",0.0782938646824,"Cluster_1830"
"2189","M33","D6","Sub",89.3321010045,"Cluster_56"
"2190","M33","D6","Sub",0.128674559971,"Cluster_151"
"2191","M33","D6","Sub",0.109768081156,"Cluster_1088"
"2192","M33","D6","Sub",9.81301515769,"Cluster_294"
"2193","M33","D6","Sub",0.230871273944,"Cluster_1678"
"2194","M33","D6","Sub",0.114495795356,"Cluster_86"
"2195","M33","D6","Sub",0.155467488824,"Cluster_248"
"2196","M33","D6","blood",0.010393015816,"Cluster_1868"
"2197","M33","D6","blood",0.0424984634792,"Cluster_3505"
"2198","M33","D6","blood",99.9471085207,"Cluster_56"
"2199","M36","D10","Brain",0.094722305924,"Cluster_248"
"2200","M36","D10","Brain",0.143515743129,"Cluster_469"
"2201","M36","D10","Brain",0.0798856339716,"Cluster_673"
"2202","M36","D10","Brain",0.0562830602981,"Cluster_232"
"2203","M36","D10","Brain",0.0767218030408,"Cluster_61"
"2204","M36","D10","Brain",0.263948144846,"Cluster_184"
"2205","M36","D10","Brain",0.0875420018503,"Cluster_503"
"2206","M36","D10","Brain",0.100200600616,"Cluster_254"
"2207","M36","D10","Brain",28.9355736401,"Cluster_294"
"2208","M36","D10","Brain",4.07026756063,"Cluster_740"
"2209","M36","D10","Brain",1.13447421185,"Cluster_591"
"2210","M36","D10","Brain",4.37760644024,"Cluster_932"
"2211","M36","D10","Brain",0.191990946804,"Cluster_465"
"2212","M36","D10","Brain",0.346829957622,"Cluster_1571"
"2213","M36","D10","Brain",0.172319504244,"Cluster_1231"
"2214","M36","D10","Brain",0.351967306653,"Cluster_279"
"2215","M36","D10","Brain",0.0598452793043,"Cluster_86"
"2216","M36","D10","Brain",0.0930939660341,"Cluster_840"
"2217","M36","D10","Brain",0.140600485741,"Cluster_2390"
"2218","M36","D10","Brain",0.139589147957,"Cluster_1831"
"2219","M36","D10","Brain",0.113898264035,"Cluster_615"
"2220","M36","D10","Brain",0.302485370218,"Cluster_66"
"2221","M36","D10","Brain",8.01586975931,"Cluster_50"
"2222","M36","D10","Brain",0.525972669689,"Cluster_258"
"2223","M36","D10","Brain",40.0095902257,"Cluster_1830"
"2224","M36","D10","Brain",2.75118684444,"Cluster_437"
"2225","M36","D10","Brain",0.0913716627434,"Cluster_18"
"2226","M36","D10","Brain",0.518137459541,"Cluster_357"
"2227","M36","D10","Brain",0.676494929632,"Cluster_26"
"2228","M36","D10","Brain",0.962963680925,"Cluster_4"
"2229","M36","D10","Brain",0.164973720646,"Cluster_119"
"2230","M36","D10","Brain",0.200259274035,"Cluster_888"
"2231","M36","D10","Brain",1.04242295507,"Cluster_588"
"2232","M36","D10","Brain",0.0507147209992,"Cluster_1009"
"2233","M36","D10","Brain",0.125587908326,"Cluster_128"
"2234","M36","D10","Brain",0.0637746621808,"Cluster_338"
"2235","M36","D10","Brain",0.402489326551,"Cluster_1746"
"2236","M36","D10","Brain",0.187500165685,"Cluster_1537"
"2237","M36","D10","Brain",0.0996895532956,"Cluster_54"
"2238","M36","D10","Brain",0.316129748472,"Cluster_1123"
"2239","M36","D10","Brain",0.472637872814,"Cluster_2554"
"2240","M36","D10","Brain",0.175227660287,"Cluster_1088"
"2241","M36","D10","Brain",1.48493863319,"Cluster_56"
"2242","M36","D10","Brain",0.0754530399637,"Cluster_359"
"2243","M36","D10","Brain",0.0894050339124,"Cluster_240"
"2244","M36","D10","Brain",0.163847117453,"Cluster_893"
"2245","M36","D10","Ear",0.0256094121211,"Cluster_290"
"2246","M36","D10","Ear",0.758446726183,"Cluster_78"
"2247","M36","D10","Ear",0.0532415249981,"Cluster_98"
"2248","M36","D10","Ear",0.538820256772,"Cluster_1610"
"2249","M36","D10","Ear",0.0766245623887,"Cluster_8"
"2250","M36","D10","Ear",0.0117084466541,"Cluster_741"
"2251","M36","D10","Ear",0.29960922612,"Cluster_161"
"2252","M36","D10","Ear",0.493195924325,"Cluster_221"
"2253","M36","D10","Ear",0.346190084868,"Cluster_853"
"2254","M36","D10","Ear",7.86868800199,"Cluster_26"
"2255","M36","D10","Ear",4.8732034817,"Cluster_1830"
"2256","M36","D10","Ear",0.147054077705,"Cluster_1705"
"2257","M36","D10","Ear",0.835612524555,"Cluster_264"
"2258","M36","D10","Ear",0.0310689035475,"Cluster_1885"
"2259","M36","D10","Ear",0.0136903002974,"Cluster_928"
"2260","M36","D10","Ear",0.170167920714,"Cluster_35"
"2261","M36","D10","Ear",1.63311592247,"Cluster_248"
"2262","M36","D10","Ear",1.37656147749,"Cluster_128"
"2263","M36","D10","Ear",0.321567125606,"Cluster_88"
"2264","M36","D10","Ear",0.0419108870244,"Cluster_793"
"2265","M36","D10","Ear",0.0429489926296,"Cluster_21"
"2266","M36","D10","Ear",0.164297828735,"Cluster_2537"
"2267","M36","D10","Ear",0.0172809363457,"Cluster_2555"
"2268","M36","D10","Ear",7.62267533219,"Cluster_294"
"2269","M36","D10","Ear",0.176588750356,"Cluster_509"
"2270","M36","D10","Ear",0.967140733507,"Cluster_888"
"2271","M36","D10","Ear",1.05332144674,"Cluster_315"
"2272","M36","D10","Ear",0.32988001099,"Cluster_503"
"2273","M36","D10","Ear",0.027911922336,"Cluster_87"
"2274","M36","D10","Ear",1.62919309804,"Cluster_1831"
"2275","M36","D10","Ear",2.13686132533,"Cluster_12"
"2276","M36","D10","Ear",0.0909944238514,"Cluster_2239"
"2277","M36","D10","Ear",0.379529035996,"Cluster_22"
"2278","M36","D10","Ear",1.32523831339,"Cluster_893"
"2279","M36","D10","Ear",0.826531385992,"Cluster_1613"
"2280","M36","D10","Ear",1.99249272584,"Cluster_2305"
"2281","M36","D10","Ear",0.0162811528268,"Cluster_977"
"2282","M36","D10","Ear",0.0261539992285,"Cluster_1009"
"2283","M36","D10","Ear",0.501468897259,"Cluster_84"
"2284","M36","D10","Ear",7.71440189615,"Cluster_1274"
"2285","M36","D10","Ear",1.10119096508,"Cluster_467"
"2286","M36","D10","Ear",1.4924105057,"Cluster_978"
"2287","M36","D10","Ear",1.64014589167,"Cluster_357"
"2288","M36","D10","Ear",0.0482138785437,"Cluster_436"
"2289","M36","D10","Ear",2.7572912048,"Cluster_240"
"2290","M36","D10","Ear",0.128629010804,"Cluster_358"
"2291","M36","D10","Ear",0.0356228710221,"Cluster_832"
"2292","M36","D10","Ear",0.0412770223601,"Cluster_144"
"2293","M36","D10","Ear",0.114433517509,"Cluster_2245"
"2294","M36","D10","Ear",0.190673808117,"Cluster_293"
"2295","M36","D10","Ear",0.0421985701362,"Cluster_55"
"2296","M36","D10","Ear",0.0480681654885,"Cluster_595"
"2297","M36","D10","Ear",0.0385656617703,"Cluster_402"
"2298","M36","D10","Ear",5.63099687613,"Cluster_588"
"2299","M36","D10","Ear",0.0172930109019,"Cluster_109"
"2300","M36","D10","Ear",0.538130143891,"Cluster_363"
"2301","M36","D10","Ear",0.483015060977,"Cluster_338"
"2302","M36","D10","Ear",0.456627204274,"Cluster_15"
"2303","M36","D10","Ear",1.43276447726,"Cluster_232"
"2304","M36","D10","Ear",0.499854775702,"Cluster_151"
"2305","M36","D10","Ear",0.266181668155,"Cluster_2441"
"2306","M36","D10","Ear",0.103496986202,"Cluster_1673"
"2307","M36","D10","Ear",0.688476328611,"Cluster_2315"
"2308","M36","D10","Ear",0.137533914249,"Cluster_29"
"2309","M36","D10","Ear",1.71194753069,"Cluster_1909"
"2310","M36","D10","Ear",0.651591579073,"Cluster_119"
"2311","M36","D10","Ear",0.64552176832,"Cluster_469"
"2312","M36","D10","Ear",1.26225945933,"Cluster_1989"
"2313","M36","D10","Ear",0.031106058419,"Cluster_536"
"2314","M36","D10","Ear",0.0389098035617,"Cluster_37"
"2315","M36","D10","Ear",0.570224978728,"Cluster_504"
"2316","M36","D10","Ear",0.470254595976,"Cluster_1537"
"2317","M36","D10","Ear",0.196547955519,"Cluster_824"
"2318","M36","D10","Ear",0.261986429914,"Cluster_673"
"2319","M36","D10","Ear",0.214799380624,"Cluster_367"
"2320","M36","D10","Ear",0.237452115574,"Cluster_303"
"2321","M36","D10","Ear",0.0655217125955,"Cluster_2653"
"2322","M36","D10","Ear",0.0173710025421,"Cluster_3315"
"2323","M36","D10","Ear",0.0246611017476,"Cluster_409"
"2324","M36","D10","Ear",0.256008080365,"Cluster_2579"
"2325","M36","D10","Ear",0.305196748153,"Cluster_591"
"2326","M36","D10","Ear",0.408194090697,"Cluster_420"
"2327","M36","D10","Ear",0.311980881776,"Cluster_841"
"2328","M36","D10","Ear",0.0659328626658,"Cluster_943"
"2329","M36","D10","Ear",0.0263738062372,"Cluster_368"
"2330","M36","D10","Ear",0.0192991778345,"Cluster_826"
"2331","M36","D10","Ear",0.233470377594,"Cluster_405"
"2332","M36","D10","Ear",0.0553692167873,"Cluster_69"
"2333","M36","D10","Ear",0.134410260434,"Cluster_54"
"2334","M36","D10","Ear",0.0762271795789,"Cluster_1325"
"2335","M36","D10","Ear",2.67081652566,"Cluster_1088"
"2336","M36","D10","Ear",0.0557511226219,"Cluster_1229"
"2337","M36","D10","Ear",0.583944832535,"Cluster_3404"
"2338","M36","D10","Ear",0.206365069803,"Cluster_196"
"2339","M36","D10","Ear",0.0112769035185,"Cluster_3458"
"2340","M36","D10","Ear",0.0336297799593,"Cluster_13"
"2341","M36","D10","Ear",2.87662711699,"Cluster_1276"
"2342","M36","D10","Ear",1.16098850362,"Cluster_1123"
"2343","M36","D10","Ear",0.125750681313,"Cluster_493"
"2344","M36","D10","Ear",0.390931738977,"Cluster_254"
"2345","M36","D10","Ear",0.899118672398,"Cluster_59"
"2346","M36","D10","Ear",0.0250355028586,"Cluster_613"
"2347","M36","D10","Ear",2.45967218036,"Cluster_4"
"2348","M36","D10","Ear",3.37354785546,"Cluster_50"
"2349","M36","D10","Ear",0.334026029042,"Cluster_1678"
"2350","M36","D10","Ear",0.0770829956436,"Cluster_1124"
"2351","M36","D10","Ear",2.65985628082,"Cluster_1545"
"2352","M36","D10","Ear",0.476133372294,"Cluster_1571"
"2353","M36","D10","Ear",0.244155080945,"Cluster_763"
"2354","M36","D10","Ear",1.18824824831,"Cluster_437"
"2355","M36","D10","Ear",0.217749309506,"Cluster_86"
"2356","M36","D10","Ear",0.0236628999992,"Cluster_9"
"2357","M36","D10","Ear",0.563152818945,"Cluster_39"
"2358","M36","D10","Ear",6.15948780905,"Cluster_56"
"2359","M36","D10","Gon",0.292945746363,"Cluster_888"
"2360","M36","D10","Gon",0.0246472542257,"Cluster_107"
"2361","M36","D10","Gon",0.276694218113,"Cluster_541"
"2362","M36","D10","Gon",0.00757399864876,"Cluster_2360"
"2363","M36","D10","Gon",0.0331429799902,"Cluster_606"
"2364","M36","D10","Gon",0.00496242539503,"Cluster_2637"
"2365","M36","D10","Gon",0.315289035886,"Cluster_327"
"2366","M36","D10","Gon",0.0212934628897,"Cluster_2441"
"2367","M36","D10","Gon",0.00797440185218,"Cluster_1229"
"2368","M36","D10","Gon",0.0106574231942,"Cluster_953"
"2369","M36","D10","Gon",0.0895059757731,"Cluster_66"
"2370","M36","D10","Gon",0.0251573391765,"Cluster_363"
"2371","M36","D10","Gon",0.00903185394964,"Cluster_1289"
"2372","M36","D10","Gon",0.0133017085159,"Cluster_69"
"2373","M36","D10","Gon",0.0670572850533,"Cluster_524"
"2374","M36","D10","Gon",0.0568410987972,"Cluster_1004"
"2375","M36","D10","Gon",0.00712000165373,"Cluster_439"
"2376","M36","D10","Gon",0.0192524844717,"Cluster_432"
"2377","M36","D10","Gon",0.00367064070631,"Cluster_3264"
"2378","M36","D10","Gon",0.0337830345529,"Cluster_1705"
"2379","M36","D10","Gon",0.370598457654,"Cluster_1537"
"2380","M36","D10","Gon",0.289537221558,"Cluster_315"
"2381","M36","D10","Gon",0.0908516455429,"Cluster_1545"
"2382","M36","D10","Gon",0.0115389404646,"Cluster_1991"
"2383","M36","D10","Gon",0.026274116532,"Cluster_1414"
"2384","M36","D10","Gon",0.0121219250123,"Cluster_1472"
"2385","M36","D10","Gon",0.316220943013,"Cluster_978"
"2386","M36","D10","Gon",0.0101241977078,"Cluster_1137"
"2387","M36","D10","Gon",0.00401641118929,"Cluster_414"
"2388","M36","D10","Gon",0.0609215179094,"Cluster_98"
"2389","M36","D10","Gon",0.0113033489289,"Cluster_3469"
"2390","M36","D10","Gon",0.00803057197309,"Cluster_535"
"2391","M36","D10","Gon",0.0871823261318,"Cluster_1064"
"2392","M36","D10","Gon",0.0099440145608,"Cluster_218"
"2393","M36","D10","Gon",0.0819911843141,"Cluster_2315"
"2394","M36","D10","Gon",0.290533872791,"Cluster_1831"
"2395","M36","D10","Gon",0.0232013846992,"Cluster_987"
"2396","M36","D10","Gon",0.318503120909,"Cluster_893"
"2397","M36","D10","Gon",0.00804351651259,"Cluster_619"
"2398","M36","D10","Gon",0.590373075813,"Cluster_4"
"2399","M36","D10","Gon",0.00452112416025,"Cluster_1711"
"2400","M36","D10","Gon",0.00413419450862,"Cluster_1332"
"2401","M36","D10","Gon",0.28692178584,"Cluster_240"
"2402","M36","D10","Gon",0.0612491708526,"Cluster_445"
"2403","M36","D10","Gon",0.11379805641,"Cluster_1008"
"2404","M36","D10","Gon",0.270540475492,"Cluster_338"
"2405","M36","D10","Gon",0.0142830895505,"Cluster_1730"
"2406","M36","D10","Gon",0.0130672971527,"Cluster_792"
"2407","M36","D10","Gon",0.00567498286792,"Cluster_650"
"2408","M36","D10","Gon",0.0272605588179,"Cluster_261"
"2409","M36","D10","Gon",0.428693805865,"Cluster_1123"
"2410","M36","D10","Gon",0.296771006635,"Cluster_84"
"2411","M36","D10","Gon",0.0162099642393,"Cluster_2119"
"2412","M36","D10","Gon",0.445159256336,"Cluster_26"
"2413","M36","D10","Gon",0.00562954145855,"Cluster_472"
"2414","M36","D10","Gon",0.00106136670615,"Cluster_1039"
"2415","M36","D10","Gon",0.00657230921883,"Cluster_496"
"2416","M36","D10","Gon",0.0118000618249,"Cluster_2030"
"2417","M36","D10","Gon",0.0524415506419,"Cluster_303"
"2418","M36","D10","Gon",0.00304124653508,"Cluster_479"
"2419","M36","D10","Gon",0.0568607797573,"Cluster_530"
"2420","M36","D10","Gon",0.026179552142,"Cluster_109"
"2421","M36","D10","Gon",0.00067275606177,"Cluster_3040"
"2422","M36","D10","Gon",0.010525219836,"Cluster_1111"
"2423","M36","D10","Gon",0.00534879860643,"Cluster_2100"
"2424","M36","D10","Gon",0.122169047624,"Cluster_609"
"2425","M36","D10","Gon",0.0165797205648,"Cluster_403"
"2426","M36","D10","Gon",0.0176576041013,"Cluster_825"
"2427","M36","D10","Gon",0.282893696538,"Cluster_356"
"2428","M36","D10","Gon",0.699140250492,"Cluster_1830"
"2429","M36","D10","Gon",0.0227924002828,"Cluster_1999"
"2430","M36","D10","Gon",0.0175261579169,"Cluster_950"
"2431","M36","D10","Gon",0.103770564059,"Cluster_1592"
"2432","M36","D10","Gon",0.0421174709954,"Cluster_1044"
"2433","M36","D10","Gon",0.34082239033,"Cluster_128"
"2434","M36","D10","Gon",0.289994761233,"Cluster_161"
"2435","M36","D10","Gon",0,"Cluster_202"
"2436","M36","D10","Gon",0.00478243383415,"Cluster_1386"
"2437","M36","D10","Gon",0.0258025558965,"Cluster_204"
"2438","M36","D10","Gon",0.064299574406,"Cluster_588"
"2439","M36","D10","Gon",0.0312322761618,"Cluster_536"
"2440","M36","D10","Gon",0.0622008355615,"Cluster_706"
"2441","M36","D10","Gon",0.00700806724633,"Cluster_712"
"2442","M36","D10","Gon",0.00380035036641,"Cluster_656"
"2443","M36","D10","Gon",0.217532660866,"Cluster_59"
"2444","M36","D10","Gon",0,"Cluster_1778"
"2445","M36","D10","Gon",0.421171618029,"Cluster_54"
"2446","M36","D10","Gon",0.00178000041343,"Cluster_1454"
"2447","M36","D10","Gon",0.00699299218037,"Cluster_3825"
"2448","M36","D10","Gon",0.588453094424,"Cluster_293"
"2449","M36","D10","Gon",0.0181460085344,"Cluster_493"
"2450","M36","D10","Gon",0.0182137125946,"Cluster_2067"
"2451","M36","D10","Gon",0.024517570912,"Cluster_3966"
"2452","M36","D10","Gon",0.0394290789255,"Cluster_1501"
"2453","M36","D10","Gon",0.0713056545441,"Cluster_409"
"2454","M36","D10","Gon",0.684256181901,"Cluster_467"
"2455","M36","D10","Gon",0.0873818384776,"Cluster_529"
"2456","M36","D10","Gon",0.00482270134898,"Cluster_225"
"2457","M36","D10","Gon",0.00333480561978,"Cluster_2487"
"2458","M36","D10","Gon",0.00920123290636,"Cluster_2798"
"2459","M36","D10","Gon",0.221585098196,"Cluster_119"
"2460","M36","D10","Gon",0.00820562566826,"Cluster_3571"
"2461","M36","D10","Gon",0.0139304380182,"Cluster_4224"
"2462","M36","D10","Gon",0.0302173969799,"Cluster_272"
"2463","M36","D10","Gon",0.0514119599932,"Cluster_480"
"2464","M36","D10","Gon",0.0271643541354,"Cluster_1741"
"2465","M36","D10","Gon",0.00213600049612,"Cluster_1235"
"2466","M36","D10","Gon",0.0130616580127,"Cluster_971"
"2467","M36","D10","Gon",0,"Cluster_56"
"2468","M36","D10","Gon",0.0595151751137,"Cluster_34"
"2469","M36","D10","Gon",0.0242367733061,"Cluster_1989"
"2470","M36","D10","Gon",0.162419362556,"Cluster_1613"
"2471","M36","D10","Gon",0.572277379405,"Cluster_1419"
"2472","M36","D10","Gon",0.00735344433091,"Cluster_1615"
"2473","M36","D10","Gon",0.00887261744542,"Cluster_874"
"2474","M36","D10","Gon",1.08831598611,"Cluster_248"
"2475","M36","D10","Gon",0.110612670853,"Cluster_532"
"2476","M36","D10","Gon",0.40648736714,"Cluster_1231"
"2477","M36","D10","Gon",0.0464297529821,"Cluster_525"
"2478","M36","D10","Gon",0.00817011534983,"Cluster_782"
"2479","M36","D10","Gon",0.0304330879283,"Cluster_3106"
"2480","M36","D10","Gon",0.0520234787499,"Cluster_863"
"2481","M36","D10","Gon",0.0570630523276,"Cluster_1152"
"2482","M36","D10","Gon",0.0120730462824,"Cluster_4225"
"2483","M36","D10","Gon",0.00634848444667,"Cluster_1486"
"2484","M36","D10","Gon",0.0452292616065,"Cluster_853"
"2485","M36","D10","Gon",0.202881210759,"Cluster_1130"
"2486","M36","D10","Gon",0.0781116042557,"Cluster_254"
"2487","M36","D10","Gon",0.0630973512171,"Cluster_709"
"2488","M36","D10","Gon",0.00844268970798,"Cluster_1752"
"2489","M36","D10","Gon",0,"Cluster_201"
"2490","M36","D10","Gon",0.377907780083,"Cluster_424"
"2491","M36","D10","Gon",0.564404878345,"Cluster_1274"
"2492","M36","D10","Gon",0.384265415885,"Cluster_763"
"2493","M36","D10","Gon",0.0163849410442,"Cluster_206"
"2494","M36","D10","Gon",0.758644432687,"Cluster_647"
"2495","M36","D10","Gon",1.274708209,"Cluster_50"
"2496","M36","D10","Gon",0.0372500403979,"Cluster_505"
"2497","M36","D10","Gon",0.0941782036926,"Cluster_78"
"2498","M36","D10","Gon",0.0237537986206,"Cluster_937"
"2499","M36","D10","Gon",76.9099267008,"Cluster_294"
"2500","M36","D10","Gon",0.0237962919992,"Cluster_1742"
"2501","M36","D10","Gon",0.0219702908172,"Cluster_200"
"2502","M36","D10","Gon",0.0133947902079,"Cluster_216"
"2503","M36","D10","Gon",0.266315156993,"Cluster_88"
"2504","M36","D10","Gon",0.0448132609262,"Cluster_405"
"2505","M36","D10","Gon",0.193784783164,"Cluster_87"
"2506","M36","D10","Gon",0.0168679867505,"Cluster_899"
"2507","M36","D10","Gon",0.0417750211446,"Cluster_229"
"2508","M36","D10","Gon",0.672564740741,"Cluster_469"
"2509","M36","D10","Gon",0.0504956005935,"Cluster_1009"
"2510","M36","D10","Gon",0.0810097965936,"Cluster_504"
"2511","M36","D10","Gon",0.0763379337494,"Cluster_221"
"2512","M36","D10","Gon",0,"Cluster_15"
"2513","M36","D10","Gon",0.00854400198448,"Cluster_1236"
"2514","M36","D10","Gon",0.00883664409409,"Cluster_40"
"2515","M36","D10","Gon",0.00659108724517,"Cluster_1487"
"2516","M36","D10","Gon",0.00856865999887,"Cluster_436"
"2517","M36","D10","Gon",0.176184519857,"Cluster_437"
"2518","M36","D10","Gon",0.0190945498896,"Cluster_481"
"2519","M36","D10","Gon",0.00672612922183,"Cluster_859"
"2520","M36","D10","Gon",0.0189494057752,"Cluster_3508"
"2521","M36","D10","Gon",0.00413917666638,"Cluster_1466"
"2522","M36","D10","Gon",0.00980047286455,"Cluster_886"
"2523","M36","D10","Gon",0.041220009574,"Cluster_509"
"2524","M36","D10","Gon",0.00932072943762,"Cluster_2215"
"2525","M36","D10","Gon",0.266868971732,"Cluster_1678"
"2526","M36","D10","Gon",0.0358139138978,"Cluster_1297"
"2527","M36","D10","Gon",0.0111654571388,"Cluster_944"
"2528","M36","D10","Gon",0.232856642157,"Cluster_151"
"2529","M36","D10","Gon",0.0153176817356,"Cluster_928"
"2530","M36","D10","Gon",0.220207585603,"Cluster_1571"
"2531","M36","D10","Gon",0.599205908939,"Cluster_232"
"2532","M36","D10","Gon",0.0518742977629,"Cluster_636"
"2533","M36","D10","Gon",0.150236813418,"Cluster_1909"
"2534","M36","D10","Gon",0.0271584285818,"Cluster_549"
"2535","M36","D10","Gon",0.107187164376,"Cluster_2305"
"2536","M36","D10","Gon",0.0092255274346,"Cluster_3470"
"2537","M36","D10","Gon",0.0134741891761,"Cluster_368"
"2538","M36","D10","Gon",0.00755051338163,"Cluster_2178"
"2539","M36","D10","Gon",0.0242100486648,"Cluster_9"
"2540","M36","D10","Gon",0.0617490328734,"Cluster_3"
"2541","M36","D10","Gon",0.0334726907014,"Cluster_1088"
"2542","M36","D10","Gon",0.0131446184377,"Cluster_2979"
"2543","M36","D10","Gon",0.033777116279,"Cluster_1900"
"2544","M36","D10","Gon",0.0491396835446,"Cluster_144"
"2545","M36","D10","Gon",0.00555157022763,"Cluster_611"
"2546","M36","D10","Gon",0.170699022698,"Cluster_826"
"2547","M36","D10","Gon",0.00275955343598,"Cluster_3203"
"2548","M36","D10","Gon",0.00950770849144,"Cluster_1060"
"2549","M36","D10","Gon",0.0447431263841,"Cluster_290"
"2550","M36","D10","Gon",0.00634697290276,"Cluster_18"
"2551","M36","D10","Gon",0.00454059985702,"Cluster_1689"
"2552","M36","D10","Gon",0.00650087107515,"Cluster_2659"
"2553","M36","D10","Gon",0.0536094242163,"Cluster_3679"
"2554","M36","D10","Gon",0.0112913665802,"Cluster_1050"
"2555","M36","D10","Gon",0.0332675939338,"Cluster_39"
"2556","M36","D10","Gon",0.00970645123407,"Cluster_448"
"2557","M36","D10","Gon",0.558789354278,"Cluster_357"
"2558","M36","D10","Gon",0.0169674232958,"Cluster_22"
"2559","M36","D10","Gon",0.00296504178457,"Cluster_68"
"2560","M36","D10","Gon",0.0396727664163,"Cluster_514"
"2561","M36","D10","Gon",0.261018494577,"Cluster_23"
"2562","M36","D10","Gon",0.0959820377972,"Cluster_103"
"2563","M36","D10","Gon",0.0271182255897,"Cluster_632"
"2564","M36","D10","Gon",0.03730858459,"Cluster_2245"
"2565","M36","D10","Gon",0.052192973496,"Cluster_591"
"2566","M36","D10","Gon",0.0145267147835,"Cluster_1209"
"2567","M36","D10","Gon",0.0433500985643,"Cluster_3863"
"2568","M36","D10","Gon",0.00407175094573,"Cluster_634"
"2569","M36","D10","Gon",0.00551225934483,"Cluster_1630"
"2570","M36","D10","Gon",0.0053400012403,"Cluster_2220"
"2571","M36","D10","Gon",0.0171869215028,"Cluster_1673"
"2572","M36","D10","Gon",0.0517932863661,"Cluster_528"
"2573","M36","D10","Gon",0.268353865146,"Cluster_86"
"2574","M36","D10","Gon",0.034296345994,"Cluster_2015"
"2575","M36","D10","Heart",0.935134125824,"Cluster_588"
"2576","M36","D10","Heart",0.119921690314,"Cluster_1064"
"2577","M36","D10","Heart",0.0423293793821,"Cluster_215"
"2578","M36","D10","Heart",0.166517035829,"Cluster_1989"
"2579","M36","D10","Heart",0.0123467896067,"Cluster_225"
"2580","M36","D10","Heart",0.170198889354,"Cluster_66"
"2581","M36","D10","Heart",0.0323430777127,"Cluster_18"
"2582","M36","D10","Heart",0.136326645968,"Cluster_34"
"2583","M36","D10","Heart",0.04680732923,"Cluster_1527"
"2584","M36","D10","Heart",0.0629211027847,"Cluster_684"
"2585","M36","D10","Heart",0.0127799653858,"Cluster_705"
"2586","M36","D10","Heart",0.0370558023071,"Cluster_491"
"2587","M36","D10","Heart",0.0136035744571,"Cluster_1152"
"2588","M36","D10","Heart",0.0780440571039,"Cluster_524"
"2589","M36","D10","Heart",0.0297871018982,"Cluster_2575"
"2590","M36","D10","Heart",0.0744286540483,"Cluster_56"
"2591","M36","D10","Heart",0.00589676420076,"Cluster_82"
"2592","M36","D10","Heart",0.0393016085075,"Cluster_792"
"2593","M36","D10","Heart",0.0188785597958,"Cluster_1111"
"2594","M36","D10","Heart",0.0275341557925,"Cluster_1716"
"2595","M36","D10","Heart",0.153803556971,"Cluster_1673"
"2596","M36","D10","Heart",0.0434754717931,"Cluster_1289"
"2597","M36","D10","Heart",1.17706505846,"Cluster_1613"
"2598","M36","D10","Heart",0.00804104209195,"Cluster_2245"
"2599","M36","D10","Heart",0.0207595531132,"Cluster_3819"
"2600","M36","D10","Heart",0.0375327814041,"Cluster_1381"
"2601","M36","D10","Heart",0.0720055144676,"Cluster_22"
"2602","M36","D10","Heart",0.0849799019977,"Cluster_382"
"2603","M36","D10","Heart",0.12613599192,"Cluster_480"
"2604","M36","D10","Heart",0.0941413232052,"Cluster_340"
"2605","M36","D10","Heart",0.0747745339898,"Cluster_261"
"2606","M36","D10","Heart",0.0054644501098,"Cluster_454"
"2607","M36","D10","Heart",0.20873936039,"Cluster_303"
"2608","M36","D10","Heart",0.0150486116124,"Cluster_366"
"2609","M36","D10","Heart",0.0136547874757,"Cluster_899"
"2610","M36","D10","Heart",0.0426605548971,"Cluster_3781"
"2611","M36","D10","Heart",0.0126859525334,"Cluster_3399"
"2612","M36","D10","Heart",0.620152277691,"Cluster_2214"
"2613","M36","D10","Heart",0.0162141280701,"Cluster_2451"
"2614","M36","D10","Heart",0.024734031658,"Cluster_1489"
"2615","M36","D10","Heart",1.21599497552,"Cluster_293"
"2616","M36","D10","Heart",0.0902646203322,"Cluster_447"
"2617","M36","D10","Heart",0.0186337748744,"Cluster_1325"
"2618","M36","D10","Heart",0.00726662934106,"Cluster_1224"
"2619","M36","D10","Heart",0.0494347795054,"Cluster_1167"
"2620","M36","D10","Heart",0.0639456927742,"Cluster_290"
"2621","M36","D10","Heart",0.148391498453,"Cluster_509"
"2622","M36","D10","Heart",0.165257590447,"Cluster_505"
"2623","M36","D10","Heart",0.0507637545093,"Cluster_1208"
"2624","M36","D10","Heart",0.24635226624,"Cluster_333"
"2625","M36","D10","Heart",0.00792610656177,"Cluster_904"
"2626","M36","D10","Heart",1.79940902951,"Cluster_888"
"2627","M36","D10","Heart",1.30978219937,"Cluster_4"
"2628","M36","D10","Heart",0.0230373374131,"Cluster_1973"
"2629","M36","D10","Heart",0.0115920132347,"Cluster_3253"
"2630","M36","D10","Heart",0.208180486381,"Cluster_662"
"2631","M36","D10","Heart",0.0169571873274,"Cluster_2374"
"2632","M36","D10","Heart",2.02824750813,"Cluster_1274"
"2633","M36","D10","Heart",0,"Cluster_1744"
"2634","M36","D10","Heart",1.18344985073,"Cluster_1419"
"2635","M36","D10","Heart",0.0593469020428,"Cluster_1229"
"2636","M36","D10","Heart",0.0341528131862,"Cluster_323"
"2637","M36","D10","Heart",0.273984700276,"Cluster_606"
"2638","M36","D10","Heart",0.118653605236,"Cluster_404"
"2639","M36","D10","Heart",0.069820250773,"Cluster_1592"
"2640","M36","D10","Heart",0.151378446732,"Cluster_103"
"2641","M36","D10","Heart",0.256030411901,"Cluster_591"
"2642","M36","D10","Heart",0.0281525563586,"Cluster_853"
"2643","M36","D10","Heart",0.0213079186671,"Cluster_1148"
"2644","M36","D10","Heart",0.00328290607372,"Cluster_1488"
"2645","M36","D10","Heart",0.0216252706473,"Cluster_740"
"2646","M36","D10","Heart",0.0277941374324,"Cluster_617"
"2647","M36","D10","Heart",0.724389223306,"Cluster_119"
"2648","M36","D10","Heart",0.0274816941213,"Cluster_859"
"2649","M36","D10","Heart",2.08247087758,"Cluster_615"
"2650","M36","D10","Heart",0.323541479631,"Cluster_1705"
"2651","M36","D10","Heart",0.657529017917,"Cluster_356"
"2652","M36","D10","Heart",0.813241313187,"Cluster_254"
"2653","M36","D10","Heart",0.0510953756414,"Cluster_109"
"2654","M36","D10","Heart",0.00623491900976,"Cluster_2329"
"2655","M36","D10","Heart",1.47279735969,"Cluster_59"
"2656","M36","D10","Heart",0.0456768075194,"Cluster_158"
"2657","M36","D10","Heart",0.0376439896453,"Cluster_195"
"2658","M36","D10","Heart",0.0297508950422,"Cluster_980"
"2659","M36","D10","Heart",0.0112708783226,"Cluster_1991"
"2660","M36","D10","Heart",0.00928422486299,"Cluster_2542"
"2661","M36","D10","Heart",0.0194791218239,"Cluster_2903"
"2662","M36","D10","Heart",1.00233568319,"Cluster_1545"
"2663","M36","D10","Heart",0.300999854367,"Cluster_23"
"2664","M36","D10","Heart",0.692154948631,"Cluster_1909"
"2665","M36","D10","Heart",0.182090937307,"Cluster_9"
"2666","M36","D10","Heart",1.35043352664,"Cluster_1571"
"2667","M36","D10","Heart",0.00836130923852,"Cluster_2291"
"2668","M36","D10","Heart",0.0873244166805,"Cluster_190"
"2669","M36","D10","Heart",0.00200233987475,"Cluster_3422"
"2670","M36","D10","Heart",0.0366314139744,"Cluster_550"
"2671","M36","D10","Heart",0,"Cluster_2166"
"2672","M36","D10","Heart",0.0138890038131,"Cluster_1614"
"2673","M36","D10","Heart",0.0292131709977,"Cluster_2"
"2674","M36","D10","Heart",0.0328607141015,"Cluster_599"
"2675","M36","D10","Heart",0.00338795906807,"Cluster_3703"
"2676","M36","D10","Heart",0.00926172420076,"Cluster_99"
"2677","M36","D10","Heart",0.0441418241643,"Cluster_3826"
"2678","M36","D10","Heart",1.00431865504,"Cluster_327"
"2679","M36","D10","Heart",0.027426335313,"Cluster_497"
"2680","M36","D10","Heart",0.00957983745848,"Cluster_1610"
"2681","M36","D10","Heart",0.0381945415962,"Cluster_405"
"2682","M36","D10","Heart",0.0432310146268,"Cluster_3013"
"2683","M36","D10","Heart",1.47101709172,"Cluster_1831"
"2684","M36","D10","Heart",0.0106085892663,"Cluster_234"
"2685","M36","D10","Heart",0.45711959301,"Cluster_151"
"2686","M36","D10","Heart",0.831443884377,"Cluster_437"
"2687","M36","D10","Heart",0.196144998678,"Cluster_2305"
"2688","M36","D10","Heart",0.0174401730811,"Cluster_163"
"2689","M36","D10","Heart",0.415556262766,"Cluster_826"
"2690","M36","D10","Heart",0.0136366867677,"Cluster_2314"
"2691","M36","D10","Heart",0.00911873041097,"Cluster_782"
"2692","M36","D10","Heart",0.111038292627,"Cluster_64"
"2693","M36","D10","Heart",0.102134251707,"Cluster_265"
"2694","M36","D10","Heart",0.0393972161437,"Cluster_1004"
"2695","M36","D10","Heart",1.17762819041,"Cluster_202"
"2696","M36","D10","Heart",0.067957095041,"Cluster_443"
"2697","M36","D10","Heart",0.0116103578896,"Cluster_1044"
"2698","M36","D10","Heart",0.0854289702118,"Cluster_8"
"2699","M36","D10","Heart",0.00595273932644,"Cluster_1490"
"2700","M36","D10","Heart",0.0237473766454,"Cluster_1051"
"2701","M36","D10","Heart",0.193540653477,"Cluster_1008"
"2702","M36","D10","Heart",0.248450331659,"Cluster_221"
"2703","M36","D10","Heart",0.0503599618081,"Cluster_650"
"2704","M36","D10","Heart",0.856524977905,"Cluster_978"
"2705","M36","D10","Heart",0.0258695969565,"Cluster_1370"
"2706","M36","D10","Heart",0.0493261659016,"Cluster_432"
"2707","M36","D10","Heart",0.0983196648041,"Cluster_72"
"2708","M36","D10","Heart",2.40523756092,"Cluster_893"
"2709","M36","D10","Heart",0.870739817918,"Cluster_315"
"2710","M36","D10","Heart",0.0365368134792,"Cluster_528"
"2711","M36","D10","Heart",0.00798419261919,"Cluster_1868"
"2712","M36","D10","Heart",0.0659193737595,"Cluster_409"
"2713","M36","D10","Heart",0.00992903396607,"Cluster_1720"
"2714","M36","D10","Heart",0.0213754783631,"Cluster_495"
"2715","M36","D10","Heart",0.0218273716183,"Cluster_402"
"2716","M36","D10","Heart",0.0161476466374,"Cluster_832"
"2717","M36","D10","Heart",0.00527053840896,"Cluster_3689"
"2718","M36","D10","Heart",0.0365506847068,"Cluster_2184"
"2719","M36","D10","Heart",0.105632916357,"Cluster_71"
"2720","M36","D10","Heart",0.0321955174598,"Cluster_948"
"2721","M36","D10","Heart",0.119732047811,"Cluster_27"
"2722","M36","D10","Heart",0.00910741684966,"Cluster_886"
"2723","M36","D10","Heart",0.011255677967,"Cluster_2167"
"2724","M36","D10","Heart",1.71839076758,"Cluster_1231"
"2725","M36","D10","Heart",6.17083660655,"Cluster_1830"
"2726","M36","D10","Heart",0.0241385972563,"Cluster_147"
"2727","M36","D10","Heart",0.0291536332851,"Cluster_4013"
"2728","M36","D10","Heart",1.0136342845,"Cluster_1678"
"2729","M36","D10","Heart",0.0104185007838,"Cluster_13"
"2730","M36","D10","Heart",0.154043168154,"Cluster_87"
"2731","M36","D10","Heart",0.0375319539618,"Cluster_2031"
"2732","M36","D10","Heart",0.0169485429755,"Cluster_2441"
"2733","M36","D10","Heart",2.58303069765,"Cluster_357"
"2734","M36","D10","Heart",0.0106376854649,"Cluster_1012"
"2735","M36","D10","Heart",0.00684059283202,"Cluster_430"
"2736","M36","D10","Heart",1.66873683121,"Cluster_338"
"2737","M36","D10","Heart",0.0173487296829,"Cluster_589"
"2738","M36","D10","Heart",1.24003004579,"Cluster_84"
"2739","M36","D10","Heart",0.850397197116,"Cluster_647"
"2740","M36","D10","Heart",12.0686554908,"Cluster_294"
"2741","M36","D10","Heart",0.0118967387625,"Cluster_3710"
"2742","M36","D10","Heart",0.0106223139098,"Cluster_462"
"2743","M36","D10","Heart",0.0678261215104,"Cluster_943"
"2744","M36","D10","Heart",0.0250336686107,"Cluster_1386"
"2745","M36","D10","Heart",0.0103734857829,"Cluster_1116"
"2746","M36","D10","Heart",0.0154765572047,"Cluster_1743"
"2747","M36","D10","Heart",0.00673792068181,"Cluster_1260"
"2748","M36","D10","Heart",0.00620505323823,"Cluster_2336"
"2749","M36","D10","Heart",0.0117877055152,"Cluster_1089"
"2750","M36","D10","Heart",0.985981566503,"Cluster_54"
"2751","M36","D10","Heart",0.0349241694424,"Cluster_658"
"2752","M36","D10","Heart",0.45553369863,"Cluster_723"
"2753","M36","D10","Heart",0.643021577156,"Cluster_161"
"2754","M36","D10","Heart",0.0258192395692,"Cluster_712"
"2755","M36","D10","Heart",0.0700840167389,"Cluster_987"
"2756","M36","D10","Heart",0.441528732346,"Cluster_532"
"2757","M36","D10","Heart",0.0196322131428,"Cluster_531"
"2758","M36","D10","Heart",0.00926220693841,"Cluster_1845"
"2759","M36","D10","Heart",0.0303256386433,"Cluster_33"
"2760","M36","D10","Heart",0,"Cluster_78"
"2761","M36","D10","Heart",0.0167410627248,"Cluster_2405"
"2762","M36","D10","Heart",3.48509092209,"Cluster_1123"
"2763","M36","D10","Heart",1.79801700364,"Cluster_1088"
"2764","M36","D10","Heart",1.25327182415,"Cluster_840"
"2765","M36","D10","Heart",0.0223075494194,"Cluster_3370"
"2766","M36","D10","Heart",1.38738056393,"Cluster_240"
"2767","M36","D10","Heart",0.0298925803044,"Cluster_928"
"2768","M36","D10","Heart",0,"Cluster_3820"
"2769","M36","D10","Heart",0.418480142438,"Cluster_363"
"2770","M36","D10","Heart",0.0359368117612,"Cluster_1730"
"2771","M36","D10","Heart",0.0387795913868,"Cluster_98"
"2772","M36","D10","Heart",0.0193959204546,"Cluster_515"
"2773","M36","D10","Heart",0.0161772984698,"Cluster_403"
"2774","M36","D10","Heart",0.769857388651,"Cluster_232"
"2775","M36","D10","Heart",0.220702654162,"Cluster_272"
"2776","M36","D10","Heart",0.00760529563958,"Cluster_677"
"2777","M36","D10","Heart",0.0255653079284,"Cluster_3821"
"2778","M36","D10","Heart",0.0489264922236,"Cluster_1011"
"2779","M36","D10","Heart",0.269885628242,"Cluster_200"
"2780","M36","D10","Heart",0.0191741735199,"Cluster_514"
"2781","M36","D10","Heart",2.99091954395,"Cluster_248"
"2782","M36","D10","Heart",0.082059757475,"Cluster_783"
"2783","M36","D10","Heart",0.0289759657138,"Cluster_4088"
"2784","M36","D10","Heart",7.37163237872,"Cluster_50"
"2785","M36","D10","Heart",0.596961814302,"Cluster_504"
"2786","M36","D10","Heart",0.0659312462795,"Cluster_2537"
"2787","M36","D10","Heart",0.0135904155163,"Cluster_673"
"2788","M36","D10","Heart",0.0167871845715,"Cluster_1211"
"2789","M36","D10","Heart",0.0161424245697,"Cluster_189"
"2790","M36","D10","Heart",0.0157741149792,"Cluster_3598"
"2791","M36","D10","Heart",0.00361961438897,"Cluster_63"
"2792","M36","D10","Heart",2.27458271551,"Cluster_26"
"2793","M36","D10","Heart",0.00745589583643,"Cluster_771"
"2794","M36","D10","Heart",0.0294633290515,"Cluster_2296"
"2795","M36","D10","Heart",0.0290328776383,"Cluster_1426"
"2796","M36","D10","Heart",0.0176208717309,"Cluster_634"
"2797","M36","D10","Heart",0.131774601911,"Cluster_229"
"2798","M36","D10","Heart",0.0107213894559,"Cluster_176"
"2799","M36","D10","Heart",0,"Cluster_525"
"2800","M36","D10","Heart",1.87961092608,"Cluster_503"
"2801","M36","D10","Heart",0.440215787022,"Cluster_763"
"2802","M36","D10","Heart",0.0504746808834,"Cluster_1740"
"2803","M36","D10","Heart",2.06648734939,"Cluster_469"
"2804","M36","D10","Heart",0.00853555579166,"Cluster_1254"
"2805","M36","D10","Heart",0.107430687361,"Cluster_1009"
"2806","M36","D10","Heart",0.0140288160169,"Cluster_1455"
"2807","M36","D10","Heart",0.0165171211834,"Cluster_1787"
"2808","M36","D10","Heart",1.38339839287,"Cluster_128"
"2809","M36","D10","Heart",1.61705668215,"Cluster_1537"
"2810","M36","D10","Heart",0.010180165469,"Cluster_3425"
"2811","M36","D10","Heart",0.522412567483,"Cluster_2315"
"2812","M36","D10","Heart",0.0223037867991,"Cluster_3508"
"2813","M36","D10","Heart",0.0175145234141,"Cluster_2124"
"2814","M36","D10","Heart",0.366988246785,"Cluster_493"
"2815","M36","D10","Heart",0.134156771608,"Cluster_662"
"2816","M36","D10","Heart",0.0198513226645,"Cluster_289"
"2817","M36","D10","Heart",0.0221590408564,"Cluster_1059"
"2818","M36","D10","Heart",0.0685095736661,"Cluster_1332"
"2819","M36","D10","Heart",0.00971376408407,"Cluster_2043"
"2820","M36","D10","Heart",0.724379008062,"Cluster_88"
"2821","M36","D10","Heart",0.0382596623731,"Cluster_1190"
"2822","M36","D10","Heart",0.171552523005,"Cluster_39"
"2823","M36","D10","Lung",0.0224594624243,"Cluster_2720"
"2824","M36","D10","Lung",0.160858311958,"Cluster_574"
"2825","M36","D10","Lung",0.0184550621471,"Cluster_190"
"2826","M36","D10","Lung",0.0739948235007,"Cluster_928"
"2827","M36","D10","Lung",0.0141166399247,"Cluster_1868"
"2828","M36","D10","Lung",0.0367081091366,"Cluster_359"
"2829","M36","D10","Lung",0.00661306393606,"Cluster_2844"
"2830","M36","D10","Lung",0.72003780059,"Cluster_888"
"2831","M36","D10","Lung",0.00826632992007,"Cluster_2367"
"2832","M36","D10","Lung",0.0112670774659,"Cluster_1125"
"2833","M36","D10","Lung",0.628893985738,"Cluster_4"
"2834","M36","D10","Lung",0.0169012223207,"Cluster_1386"
"2835","M36","D10","Lung",0.01406509867,"Cluster_215"
"2836","M36","D10","Lung",0.00913865619304,"Cluster_2558"
"2837","M36","D10","Lung",0.213589642655,"Cluster_1009"
"2838","M36","D10","Lung",0.299929899004,"Cluster_2315"
"2839","M36","D10","Lung",0.00615168738238,"Cluster_596"
"2840","M36","D10","Lung",0.0234717198857,"Cluster_1151"
"2841","M36","D10","Lung",0.0182729398233,"Cluster_1586"
"2842","M36","D10","Lung",0.2695213367,"Cluster_647"
"2843","M36","D10","Lung",0.00707859302702,"Cluster_1365"
"2844","M36","D10","Lung",0,"Cluster_3110"
"2845","M36","D10","Lung",0.0314867173213,"Cluster_72"
"2846","M36","D10","Lung",0.0504246125124,"Cluster_409"
"2847","M36","D10","Lung",0.329834241517,"Cluster_609"
"2848","M36","D10","Lung",0.0156911383917,"Cluster_225"
"2849","M36","D10","Lung",0.00268097186597,"Cluster_2068"
"2850","M36","D10","Lung",0,"Cluster_1342"
"2851","M36","D10","Lung",0.113969825281,"Cluster_290"
"2852","M36","D10","Lung",0.02678017627,"Cluster_479"
"2853","M36","D10","Lung",0,"Cluster_3727"
"2854","M36","D10","Lung",0.0149327250169,"Cluster_366"
"2855","M36","D10","Lung",0.0123608671702,"Cluster_599"
"2856","M36","D10","Lung",0.0166807815341,"Cluster_791"
"2857","M36","D10","Lung",0.0451545769968,"Cluster_2215"
"2858","M36","D10","Lung",0.0247332099465,"Cluster_381"
"2859","M36","D10","Lung",0.00675483201539,"Cluster_4207"
"2860","M36","D10","Lung",0.0222121688534,"Cluster_466"
"2861","M36","D10","Lung",0.0232226198685,"Cluster_402"
"2862","M36","D10","Lung",0.028633885084,"Cluster_1963"
"2863","M36","D10","Lung",0.434236756403,"Cluster_254"
"2864","M36","D10","Lung",0.400599065357,"Cluster_424"
"2865","M36","D10","Lung",0.0141905330295,"Cluster_92"
"2866","M36","D10","Lung",1.14273744815,"Cluster_26"
"2867","M36","D10","Lung",0.0309290771167,"Cluster_455"
"2868","M36","D10","Lung",0.0834672128927,"Cluster_943"
"2869","M36","D10","Lung",0.00776835823814,"Cluster_1949"
"2870","M36","D10","Lung",0.189036226854,"Cluster_103"
"2871","M36","D10","Lung",0.353079341526,"Cluster_119"
"2872","M36","D10","Lung",0.117117918027,"Cluster_265"
"2873","M36","D10","Lung",0.13911715494,"Cluster_1592"
"2874","M36","D10","Lung",0.542027529557,"Cluster_1231"
"2875","M36","D10","Lung",0.319232880654,"Cluster_87"
"2876","M36","D10","Lung",0.0128670474774,"Cluster_170"
"2877","M36","D10","Lung",11.6472841367,"Cluster_56"
"2878","M36","D10","Lung",0.0626791446131,"Cluster_650"
"2879","M36","D10","Lung",0.0265610720543,"Cluster_239"
"2880","M36","D10","Lung",0.0386825940661,"Cluster_98"
"2881","M36","D10","Lung",0.0149642426547,"Cluster_2480"
"2882","M36","D10","Lung",0.044087092907,"Cluster_9"
"2883","M36","D10","Lung",0.0696497864662,"Cluster_662"
"2884","M36","D10","Lung",0.0257455160869,"Cluster_158"
"2885","M36","D10","Lung",0.00275544330669,"Cluster_1669"
"2886","M36","D10","Lung",0.0258772067063,"Cluster_1343"
"2887","M36","D10","Lung",0.927213635915,"Cluster_1678"
"2888","M36","D10","Lung",0.0206599287018,"Cluster_436"
"2889","M36","D10","Lung",0.481068899456,"Cluster_1123"
"2890","M36","D10","Lung",0.00694082512239,"Cluster_3014"
"2891","M36","D10","Lung",0.0601095635504,"Cluster_1260"
"2892","M36","D10","Lung",0.0139712618367,"Cluster_1051"
"2893","M36","D10","Lung",0,"Cluster_491"
"2894","M36","D10","Lung",0.176817383255,"Cluster_2305"
"2895","M36","D10","Lung",0,"Cluster_14"
"2896","M36","D10","Lung",1.21815068231,"Cluster_1571"
"2897","M36","D10","Lung",0.0305957107415,"Cluster_448"
"2898","M36","D10","Lung",0.0775099595326,"Cluster_525"
"2899","M36","D10","Lung",0.746830451875,"Cluster_232"
"2900","M36","D10","Lung",0.0741110470313,"Cluster_2245"
"2901","M36","D10","Lung",0.124919955524,"Cluster_363"
"2902","M36","D10","Lung",0.0243977116087,"Cluster_1064"
"2903","M36","D10","Lung",0.859496077316,"Cluster_465"
"2904","M36","D10","Lung",0.114179404602,"Cluster_509"
"2905","M36","D10","Lung",0.00483882727028,"Cluster_2504"
"2906","M36","D10","Lung",0.018422106679,"Cluster_2238"
"2907","M36","D10","Lung",0.0599823295518,"Cluster_673"
"2908","M36","D10","Lung",0.0267509978522,"Cluster_52"
"2909","M36","D10","Lung",0.108773499914,"Cluster_272"
"2910","M36","D10","Lung",0.522935218857,"Cluster_978"
"2911","M36","D10","Lung",0.55299365918,"Cluster_88"
"2912","M36","D10","Lung",1.04648362776,"Cluster_357"
"2913","M36","D10","Lung",0.0317248337473,"Cluster_1926"
"2914","M36","D10","Lung",0.689351817996,"Cluster_1088"
"2915","M36","D10","Lung",0.698662306737,"Cluster_128"
"2916","M36","D10","Lung",0.06561479974,"Cluster_1152"
"2917","M36","D10","Lung",0.977722209298,"Cluster_293"
"2918","M36","D10","Lung",0.0503874283294,"Cluster_206"
"2919","M36","D10","Lung",0.0131013530809,"Cluster_1931"
"2920","M36","D10","Lung",0.0653526318387,"Cluster_792"
"2921","M36","D10","Lung",1.37822694954,"Cluster_469"
"2922","M36","D10","Lung",0.0466063553589,"Cluster_1289"
"2923","M36","D10","Lung",0.0106181589959,"Cluster_843"
"2924","M36","D10","Lung",0.0698738830979,"Cluster_859"
"2925","M36","D10","Lung",0.0138951537956,"Cluster_1681"
"2926","M36","D10","Lung",0.141182542703,"Cluster_1004"
"2927","M36","D10","Lung",0.0275388214901,"Cluster_403"
"2928","M36","D10","Lung",0.0317373951951,"Cluster_445"
"2929","M36","D10","Lung",0.0105512846565,"Cluster_740"
"2930","M36","D10","Lung",0.0152609167755,"Cluster_1233"
"2931","M36","D10","Lung",0.0199165375852,"Cluster_1811"
"2932","M36","D10","Lung",0.00187162186869,"Cluster_3329"
"2933","M36","D10","Lung",0.0495979795204,"Cluster_825"
"2934","M36","D10","Lung",0.0664363952889,"Cluster_109"
"2935","M36","D10","Lung",0.0679822972626,"Cluster_144"
"2936","M36","D10","Lung",0.0118442936168,"Cluster_3111"
"2937","M36","D10","Lung",0.054295281202,"Cluster_261"
"2938","M36","D10","Lung",0.0141382746219,"Cluster_537"
"2939","M36","D10","Lung",0.0850251077493,"Cluster_634"
"2940","M36","D10","Lung",0.0141115590267,"Cluster_1072"
"2941","M36","D10","Lung",0.0142183089315,"Cluster_340"
"2942","M36","D10","Lung",0,"Cluster_608"
"2943","M36","D10","Lung",0.00776991846273,"Cluster_2994"
"2944","M36","D10","Lung",0.0113493147788,"Cluster_1679"
"2945","M36","D10","Lung",0.0414955071312,"Cluster_712"
"2946","M36","D10","Lung",0.167566082204,"Cluster_380"
"2947","M36","D10","Lung",0.025738194046,"Cluster_414"
"2948","M36","D10","Lung",0.0950888982805,"Cluster_3"
"2949","M36","D10","Lung",0.0145014310262,"Cluster_2546"
"2950","M36","D10","Lung",0.772274683339,"Cluster_1537"
"2951","M36","D10","Lung",0.0153975817019,"Cluster_2258"
"2952","M36","D10","Lung",0.856802425829,"Cluster_467"
"2953","M36","D10","Lung",0.0785470043017,"Cluster_32"
"2954","M36","D10","Lung",0.0154398827505,"Cluster_3057"
"2955","M36","D10","Lung",0.0735042927396,"Cluster_2314"
"2956","M36","D10","Lung",0.509343377061,"Cluster_1545"
"2957","M36","D10","Lung",0.135984668453,"Cluster_34"
"2958","M36","D10","Lung",0.0147693339159,"Cluster_326"
"2959","M36","D10","Lung",1.96960802407,"Cluster_248"
"2960","M36","D10","Lung",0.0272302632661,"Cluster_717"
"2961","M36","D10","Lung",40.0524268769,"Cluster_294"
"2962","M36","D10","Lung",0.035336220881,"Cluster_1297"
"2963","M36","D10","Lung",0.0124871857916,"Cluster_523"
"2964","M36","D10","Lung",0.0171835519598,"Cluster_2147"
"2965","M36","D10","Lung",0.132593593492,"Cluster_987"
"2966","M36","D10","Lung",0.0490327603806,"Cluster_853"
"2967","M36","D10","Lung",0.0165195490869,"Cluster_2019"
"2968","M36","D10","Lung",0.0479032877373,"Cluster_1730"
"2969","M36","D10","Lung",0.174767055527,"Cluster_524"
"2970","M36","D10","Lung",0.0209061250885,"Cluster_1369"
"2971","M36","D10","Lung",0.0255166454124,"Cluster_825"
"2972","M36","D10","Lung",0.0489935140869,"Cluster_188"
"2973","M36","D10","Lung",0.809075396382,"Cluster_338"
"2974","M36","D10","Lung",0.153617498559,"Cluster_1989"
"2975","M36","D10","Lung",0.0110014002633,"Cluster_2497"
"2976","M36","D10","Lung",0.0165897872066,"Cluster_705"
"2977","M36","D10","Lung",0.04705792127,"Cluster_358"
"2978","M36","D10","Lung",0.17870164431,"Cluster_504"
"2979","M36","D10","Lung",0.0295987942299,"Cluster_1148"
"2980","M36","D10","Lung",0.0253266278402,"Cluster_2018"
"2981","M36","D10","Lung",0.50309140498,"Cluster_437"
"2982","M36","D10","Lung",0.260363397734,"Cluster_606"
"2983","M36","D10","Lung",0.00710850520814,"Cluster_2366"
"2984","M36","D10","Lung",0.0161809011201,"Cluster_3882"
"2985","M36","D10","Lung",0.411756811113,"Cluster_1274"
"2986","M36","D10","Lung",0.0168844185601,"Cluster_3883"
"2987","M36","D10","Lung",0.0166768781258,"Cluster_2287"
"2988","M36","D10","Lung",0.0298200618119,"Cluster_472"
"2989","M36","D10","Lung",0.257752153124,"Cluster_826"
"2990","M36","D10","Lung",0.0649880920323,"Cluster_405"
"2991","M36","D10","Lung",0.141059146485,"Cluster_1673"
"2992","M36","D10","Lung",0.0213386656076,"Cluster_1720"
"2993","M36","D10","Lung",0.474241984485,"Cluster_151"
"2994","M36","D10","Lung",0.136368771849,"Cluster_1010"
"2995","M36","D10","Lung",0.783299212068,"Cluster_315"
"2996","M36","D10","Lung",0.00823202979592,"Cluster_1372"
"2997","M36","D10","Lung",0.0132814673193,"Cluster_63"
"2998","M36","D10","Lung",0.411358543255,"Cluster_84"
"2999","M36","D10","Lung",0.019968017729,"Cluster_176"
"3000","M36","D10","Lung",0.0150197962998,"Cluster_163"
"3001","M36","D10","Lung",0.0373443610507,"Cluster_529"
"3002","M36","D10","Lung",0.0116578671695,"Cluster_767"
"3003","M36","D10","Lung",0.027849969573,"Cluster_741"
"3004","M36","D10","Lung",0.380615750797,"Cluster_1909"
"3005","M36","D10","Lung",0.0167432669719,"Cluster_745"
"3006","M36","D10","Lung",0.0163608026692,"Cluster_97"
"3007","M36","D10","Lung",0.0173457414716,"Cluster_1562"
"3008","M36","D10","Lung",1.06928606764,"Cluster_59"
"3009","M36","D10","Lung",0.146328541918,"Cluster_221"
"3010","M36","D10","Lung",0.00881741858141,"Cluster_1089"
"3011","M36","D10","Lung",0.00864551936594,"Cluster_679"
"3012","M36","D10","Lung",1.1270005977,"Cluster_588"
"3013","M36","D10","Lung",0.630023288366,"Cluster_54"
"3014","M36","D10","Lung",0.0226034333373,"Cluster_1208"
"3015","M36","D10","Lung",0.00936614205536,"Cluster_3109"
"3016","M36","D10","Lung",0.122605034921,"Cluster_229"
"3017","M36","D10","Lung",0.0564695788778,"Cluster_514"
"3018","M36","D10","Lung",0.0102986431881,"Cluster_1656"
"3019","M36","D10","Lung",0.182094958076,"Cluster_64"
"3020","M36","D10","Lung",0.052580795072,"Cluster_617"
"3021","M36","D10","Lung",0.10089889396,"Cluster_591"
"3022","M36","D10","Lung",0.133461136797,"Cluster_39"
"3023","M36","D10","Lung",0.0144460134525,"Cluster_1642"
"3024","M36","D10","Lung",0.00793567672327,"Cluster_1137"
"3025","M36","D10","Lung",0.00511979143437,"Cluster_1149"
"3026","M36","D10","Lung",0.0319284725515,"Cluster_1904"
"3027","M36","D10","Lung",0.00222912267507,"Cluster_1224"
"3028","M36","D10","Lung",0.00787910876292,"Cluster_709"
"3029","M36","D10","Lung",0.175702744745,"Cluster_27"
"3030","M36","D10","Lung",0.0264263475603,"Cluster_1472"
"3031","M36","D10","Lung",0.116927325732,"Cluster_480"
"3032","M36","D10","Lung",0.222511710394,"Cluster_86"
"3033","M36","D10","Lung",0.0363629391632,"Cluster_632"
"3034","M36","D10","Lung",0.00914572672008,"Cluster_138"
"3035","M36","D10","Lung",0.0329314519893,"Cluster_725"
"3036","M36","D10","Lung",0.927786927047,"Cluster_1419"
"3037","M36","D10","Lung",0.0206658248002,"Cluster_656"
"3038","M36","D10","Lung",0.013471056166,"Cluster_1092"
"3039","M36","D10","Lung",0.0107086546692,"Cluster_4261"
"3040","M36","D10","Lung",0.00711365443321,"Cluster_439"
"3041","M36","D10","Lung",0.781047794001,"Cluster_893"
"3042","M36","D10","Lung",0.666794413469,"Cluster_327"
"3043","M36","D10","Lung",0.0214809501403,"Cluster_443"
"3044","M36","D10","Lung",0.0220926412118,"Cluster_2082"
"3045","M36","D10","Lung",0.0181616640592,"Cluster_447"
"3046","M36","D10","Lung",0.150293041479,"Cluster_66"
"3047","M36","D10","Lung",1.04061076562,"Cluster_1830"
"3048","M36","D10","Lung",0.0112975553006,"Cluster_623"
"3049","M36","D10","Lung",0,"Cluster_1098"
"3050","M36","D10","Lung",0.0177707885506,"Cluster_1951"
"3051","M36","D10","Lung",0.0183586551061,"Cluster_1729"
"3052","M36","D10","Lung",0.0191520569408,"Cluster_2000"
"3053","M36","D10","Lung",0.0174091628298,"Cluster_153"
"3054","M36","D10","Lung",0.0207144502703,"Cluster_255"
"3055","M36","D10","Lung",0.0117603456595,"Cluster_2458"
"3056","M36","D10","Lung",0.151040113888,"Cluster_45"
"3057","M36","D10","Lung",0.0356659628012,"Cluster_2441"
"3058","M36","D10","Lung",0.0194951595803,"Cluster_1418"
"3059","M36","D10","Lung",0.827137455969,"Cluster_21"
"3060","M36","D10","Lung",0.0377224069592,"Cluster_1044"
"3061","M36","D10","Lung",0.702071173558,"Cluster_503"
"3062","M36","D10","Lung",0.833445444805,"Cluster_763"
"3063","M36","D10","Lung",0.17839784259,"Cluster_532"
"3064","M36","D10","Lung",0.418650390638,"Cluster_164"
"3065","M36","D10","Lung",0.015501815225,"Cluster_1625"
"3066","M36","D10","Lung",0.0194951595803,"Cluster_78"
"3067","M36","D10","Lung",0.0175051692425,"Cluster_1637"
"3068","M36","D10","Lung",0,"Cluster_96"
"3069","M36","D10","Lung",0.0308061984599,"Cluster_1906"
"3070","M36","D10","Lung",0,"Cluster_1229"
"3071","M36","D10","Lung",0.07002067697,"Cluster_1974"
"3072","M36","D10","Lung",0.0194153358839,"Cluster_835"
"3073","M36","D10","Lung",2.77278742871,"Cluster_50"
"3074","M36","D10","Lung",0.037724523817,"Cluster_1543"
"3075","M36","D10","Lung",0.191224053313,"Cluster_23"
"3076","M36","D10","Lung",0.482076512637,"Cluster_1705"
"3077","M36","D10","Lung",0.0150183132537,"Cluster_1060"
"3078","M36","D10","Lung",0.0190897426522,"Cluster_147"
"3079","M36","D10","Lung",0.0100391091077,"Cluster_2113"
"3080","M36","D10","Lung",0.147819039701,"Cluster_18"
"3081","M36","D10","Lung",0.0125453712905,"Cluster_3272"
"3082","M36","D10","Lung",1.01057659705,"Cluster_240"
"3083","M36","D10","Lung",0.00874959228463,"Cluster_69"
"3084","M36","D10","Lung",0.0325323818018,"Cluster_353"
"3085","M36","D10","Lung",0.00626500793942,"Cluster_1684"
"3086","M36","D10","Lung",0.0410224643599,"Cluster_1116"
"3087","M36","D10","Lung",0.226101084466,"Cluster_493"
"3088","M36","D10","Lung",0.0170915610997,"Cluster_2417"
"3089","M36","D10","Lung",0.42063827889,"Cluster_1613"
"3090","M36","D10","Lung",0.210600651502,"Cluster_541"
"3091","M36","D10","Lung",0.753079525779,"Cluster_1831"
"3092","M36","D10","Lung",0.00956105629309,"Cluster_4272"
"3093","M36","D10","Lung",0.0535793139309,"Cluster_432"
"3094","M36","D10","Sub",0.00725285564097,"Cluster_1454"
"3095","M36","D10","Sub",0.00261564059245,"Cluster_2321"
"3096","M36","D10","Sub",0.0440225448458,"Cluster_686"
"3097","M36","D10","Sub",0.0975691155914,"Cluster_741"
"3098","M36","D10","Sub",0.0236674995759,"Cluster_971"
"3099","M36","D10","Sub",0.00926034247016,"Cluster_2944"
"3100","M36","D10","Sub",0.0416958337245,"Cluster_3531"
"3101","M36","D10","Sub",0.00738985248384,"Cluster_2421"
"3102","M36","D10","Sub",0.0292474156975,"Cluster_1527"
"3103","M36","D10","Sub",0.0345964817338,"Cluster_774"
"3104","M36","D10","Sub",0.00498142560464,"Cluster_1904"
"3105","M36","D10","Sub",0.00747397928856,"Cluster_2348"
"3106","M36","D10","Sub",0.0106923541924,"Cluster_1325"
"3107","M36","D10","Sub",0.0152565421249,"Cluster_3404"
"3108","M36","D10","Sub",2.87651709699,"Cluster_56"
"3109","M36","D10","Sub",0.0130954337962,"Cluster_1680"
"3110","M36","D10","Sub",0.00260592551924,"Cluster_1773"
"3111","M36","D10","Sub",0.0230430302699,"Cluster_717"
"3112","M36","D10","Sub",1.2722642053,"Cluster_424"
"3113","M36","D10","Sub",0.0414060006428,"Cluster_340"
"3114","M36","D10","Sub",0.0198871733625,"Cluster_472"
"3115","M36","D10","Sub",0.0370659984511,"Cluster_2015"
"3116","M36","D10","Sub",0.026260486655,"Cluster_445"
"3117","M36","D10","Sub",0.021113580832,"Cluster_648"
"3118","M36","D10","Sub",0,"Cluster_3808"
"3119","M36","D10","Sub",0.10662453298,"Cluster_9"
"3120","M36","D10","Sub",0.0116121754785,"Cluster_1812"
"3121","M36","D10","Sub",0.271347396303,"Cluster_826"
"3122","M36","D10","Sub",0,"Cluster_912"
"3123","M36","D10","Sub",0.188027880884,"Cluster_221"
"3124","M36","D10","Sub",0.0156593431658,"Cluster_349"
"3125","M36","D10","Sub",0.00517678867256,"Cluster_4163"
"3126","M36","D10","Sub",0.164779174663,"Cluster_1010"
"3127","M36","D10","Sub",0.0322259917962,"Cluster_425"
"3128","M36","D10","Sub",0,"Cluster_1018"
"3129","M36","D10","Sub",0.118032820874,"Cluster_290"
"3130","M36","D10","Sub",0.00150749761142,"Cluster_3635"
"3131","M36","D10","Sub",1.09570225363,"Cluster_54"
"3132","M36","D10","Sub",0.0493606215641,"Cluster_694"
"3133","M36","D10","Sub",3.33426556157,"Cluster_50"
"3134","M36","D10","Sub",0.638108055322,"Cluster_978"
"3135","M36","D10","Sub",0.0626859287662,"Cluster_1472"
"3136","M36","D10","Sub",0.0113281859344,"Cluster_843"
"3137","M36","D10","Sub",0.0721026665334,"Cluster_1592"
"3138","M36","D10","Sub",0.0096143310967,"Cluster_414"
"3139","M36","D10","Sub",0.538654199713,"Cluster_2305"
"3140","M36","D10","Sub",0.252548798563,"Cluster_647"
"3141","M36","D10","Sub",0.00553476329982,"Cluster_1709"
"3142","M36","D10","Sub",0,"Cluster_1818"
"3143","M36","D10","Sub",0.0147696601423,"Cluster_3015"
"3144","M36","D10","Sub",0.00379448179265,"Cluster_2742"
"3145","M36","D10","Sub",0.00276845655098,"Cluster_1362"
"3146","M36","D10","Sub",0.61774308111,"Cluster_232"
"3147","M36","D10","Sub",0.0108786547465,"Cluster_981"
"3148","M36","D10","Sub",0.164900717138,"Cluster_64"
"3149","M36","D10","Sub",0.0978381089674,"Cluster_509"
"3150","M36","D10","Sub",1.7381834549,"Cluster_26"
"3151","M36","D10","Sub",0,"Cluster_1683"
"3152","M36","D10","Sub",0.830534308637,"Cluster_84"
"3153","M36","D10","Sub",0.0491530983776,"Cluster_395"
"3154","M36","D10","Sub",0.0200858132451,"Cluster_1229"
"3155","M36","D10","Sub",0.0513382635077,"Cluster_705"
"3156","M36","D10","Sub",0.0699531275787,"Cluster_1149"
"3157","M36","D10","Sub",0.66760844837,"Cluster_254"
"3158","M36","D10","Sub",0,"Cluster_439"
"3159","M36","D10","Sub",0.0441253184984,"Cluster_311"
"3160","M36","D10","Sub",0.0642189304428,"Cluster_339"
"3161","M36","D10","Sub",0.0095050744536,"Cluster_693"
"3162","M36","D10","Sub",0.0107518986597,"Cluster_644"
"3163","M36","D10","Sub",0.00156828380543,"Cluster_702"
"3164","M36","D10","Sub",0.774385773012,"Cluster_1613"
"3165","M36","D10","Sub",0.0837215703433,"Cluster_158"
"3166","M36","D10","Sub",0.0028786261955,"Cluster_3925"
"3167","M36","D10","Sub",0.00710382436067,"Cluster_739"
"3168","M36","D10","Sub",0.13685688009,"Cluster_107"
"3169","M36","D10","Sub",0.0203466679626,"Cluster_312"
"3170","M36","D10","Sub",0.339823512628,"Cluster_2315"
"3171","M36","D10","Sub",0.0321252174811,"Cluster_886"
"3172","M36","D10","Sub",0.066767594939,"Cluster_966"
"3173","M36","D10","Sub",0.324191377022,"Cluster_23"
"3174","M36","D10","Sub",0.0198569875246,"Cluster_514"
"3175","M36","D10","Sub",0.333111086896,"Cluster_1989"
"3176","M36","D10","Sub",0.0269312705509,"Cluster_1197"
"3177","M36","D10","Sub",0.00335199349556,"Cluster_695"
"3178","M36","D10","Sub",0.0114785313941,"Cluster_180"
"3179","M36","D10","Sub",0.0421829331626,"Cluster_1729"
"3180","M36","D10","Sub",0,"Cluster_4130"
"3181","M36","D10","Sub",0.376474604219,"Cluster_498"
"3182","M36","D10","Sub",0.00447786297077,"Cluster_2958"
"3183","M36","D10","Sub",0.00690267541338,"Cluster_1941"
"3184","M36","D10","Sub",0,"Cluster_2306"
"3185","M36","D10","Sub",0.0186201871875,"Cluster_436"
"3186","M36","D10","Sub",0.0128263495401,"Cluster_2314"
"3187","M36","D10","Sub",0.128889196086,"Cluster_66"
"3188","M36","D10","Sub",0.00949907585813,"Cluster_623"
"3189","M36","D10","Sub",0.00980099120719,"Cluster_1578"
"3190","M36","D10","Sub",0.00631602845401,"Cluster_138"
"3191","M36","D10","Sub",0.0223899088137,"Cluster_1050"
"3192","M36","D10","Sub",0.0842691164785,"Cluster_1043"
"3193","M36","D10","Sub",0.0187480876204,"Cluster_91"
"3194","M36","D10","Sub",0.0825892530087,"Cluster_1730"
"3195","M36","D10","Sub",0.00392214725084,"Cluster_4016"
"3196","M36","D10","Sub",0.0119007272976,"Cluster_1402"
"3197","M36","D10","Sub",0.414614025751,"Cluster_541"
"3198","M36","D10","Sub",0.00568370295089,"Cluster_1365"
"3199","M36","D10","Sub",31.1232357577,"Cluster_294"
"3200","M36","D10","Sub",1.97093018929,"Cluster_357"
"3201","M36","D10","Sub",1.26005083027,"Cluster_4"
"3202","M36","D10","Sub",0.0620991423085,"Cluster_200"
"3203","M36","D10","Sub",0.0183034570978,"Cluster_2441"
"3204","M36","D10","Sub",0.00289529317926,"Cluster_3794"
"3205","M36","D10","Sub",0.149987507413,"Cluster_932"
"3206","M36","D10","Sub",0.0239247009501,"Cluster_1049"
"3207","M36","D10","Sub",0.0160456351685,"Cluster_2327"
"3208","M36","D10","Sub",1.20427645229,"Cluster_1311"
"3209","M36","D10","Sub",0.0080590007443,"Cluster_568"
"3210","M36","D10","Sub",0.0473148944267,"Cluster_1868"
"3211","M36","D10","Sub",0.00748653039137,"Cluster_754"
"3212","M36","D10","Sub",0.0144627820601,"Cluster_2751"
"3213","M36","D10","Sub",0.05814114143,"Cluster_14"
"3214","M36","D10","Sub",0.0817010043643,"Cluster_206"
"3215","M36","D10","Sub",0.00563673019923,"Cluster_393"
"3216","M36","D10","Sub",0.00546975345186,"Cluster_2413"
"3217","M36","D10","Sub",0.128882178144,"Cluster_792"
"3218","M36","D10","Sub",0.0975106147286,"Cluster_853"
"3219","M36","D10","Sub",0.0103340053653,"Cluster_3636"
"3220","M36","D10","Sub",0.00803192969351,"Cluster_225"
"3221","M36","D10","Sub",0.00542699140112,"Cluster_3529"
"3222","M36","D10","Sub",0.772426407301,"Cluster_1831"
"3223","M36","D10","Sub",0.00170585256029,"Cluster_3809"
"3224","M36","D10","Sub",0.0202854900102,"Cluster_595"
"3225","M36","D10","Sub",0.0104469385331,"Cluster_2094"
"3226","M36","D10","Sub",0.00275839988473,"Cluster_691"
"3227","M36","D10","Sub",0.0330467123445,"Cluster_1732"
"3228","M36","D10","Sub",0.247015801917,"Cluster_493"
"3229","M36","D10","Sub",0.225852424519,"Cluster_480"
"3230","M36","D10","Sub",0.00383770920454,"Cluster_331"
"3231","M36","D10","Sub",0.0402362218051,"Cluster_646"
"3232","M36","D10","Sub",0.0145584728342,"Cluster_2680"
"3233","M36","D10","Sub",0.0159707355645,"Cluster_1992"
"3234","M36","D10","Sub",0.00404057685697,"Cluster_1060"
"3235","M36","D10","Sub",0.0152951723945,"Cluster_2423"
"3236","M36","D10","Sub",0.00294647260414,"Cluster_2743"
"3237","M36","D10","Sub",0.00645620663783,"Cluster_317"
"3238","M36","D10","Sub",0.00364894289387,"Cluster_2814"
"3239","M36","D10","Sub",0.00854737804989,"Cluster_3156"
"3240","M36","D10","Sub",0.03648745369,"Cluster_1414"
"3241","M36","D10","Sub",0.0274989515997,"Cluster_1679"
"3242","M36","D10","Sub",0.0108274773497,"Cluster_2045"
"3243","M36","D10","Sub",0.0165578949602,"Cluster_1382"
"3244","M36","D10","Sub",0.0182598302229,"Cluster_495"
"3245","M36","D10","Sub",0.281426344435,"Cluster_22"
"3246","M36","D10","Sub",0.0691438904439,"Cluster_2307"
"3247","M36","D10","Sub",0.0215758527926,"Cluster_1910"
"3248","M36","D10","Sub",0.0358349168124,"Cluster_4061"
"3249","M36","D10","Sub",0.0823149118543,"Cluster_673"
"3250","M36","D10","Sub",0.0146795114942,"Cluster_1019"
"3251","M36","D10","Sub",0.116748910253,"Cluster_577"
"3252","M36","D10","Sub",0.00926034247016,"Cluster_2949"
"3253","M36","D10","Sub",1.61004316143,"Cluster_467"
"3254","M36","D10","Sub",0.0119061546045,"Cluster_2981"
"3255","M36","D10","Sub",1.62864642852,"Cluster_293"
"3256","M36","D10","Sub",0.0177840667893,"Cluster_2537"
"3257","M36","D10","Sub",0.00324472511468,"Cluster_4060"
"3258","M36","D10","Sub",0.00455709823137,"Cluster_1198"
"3259","M36","D10","Sub",0.00352450947799,"Cluster_1218"
"3260","M36","D10","Sub",0.092005983252,"Cluster_650"
"3261","M36","D10","Sub",0.0648685014144,"Cluster_92"
"3262","M36","D10","Sub",0.00321433374997,"Cluster_381"
"3263","M36","D10","Sub",0,"Cluster_15"
"3264","M36","D10","Sub",0.00942252009661,"Cluster_3112"
"3265","M36","D10","Sub",0.0135868959193,"Cluster_326"
"3266","M36","D10","Sub",0.03681838713,"Cluster_403"
"3267","M36","D10","Sub",0.107274529235,"Cluster_987"
"3268","M36","D10","Sub",0.0137253961575,"Cluster_2129"
"3269","M36","D10","Sub",0.0228275009777,"Cluster_905"
"3270","M36","D10","Sub",0.79474035035,"Cluster_161"
"3271","M36","D10","Sub",0.0810698715476,"Cluster_103"
"3272","M36","D10","Sub",0.00739584398624,"Cluster_69"
"3273","M36","D10","Sub",0.0165657237522,"Cluster_939"
"3274","M36","D10","Sub",0.0159309281478,"Cluster_3863"
"3275","M36","D10","Sub",0.0139103856848,"Cluster_1721"
"3276","M36","D10","Sub",0.0280504191914,"Cluster_1811"
"3277","M36","D10","Sub",0.00538493269033,"Cluster_2473"
"3278","M36","D10","Sub",0.0118859404201,"Cluster_2969"
"3279","M36","D10","Sub",0.00645588916111,"Cluster_3711"
"3280","M36","D10","Sub",0.00529162426867,"Cluster_2669"
"3281","M36","D10","Sub",0.005692618459,"Cluster_61"
"3282","M36","D10","Sub",0.00795243843056,"Cluster_3293"
"3283","M36","D10","Sub",0.02955069169,"Cluster_198"
"3284","M36","D10","Sub",0.0549596731168,"Cluster_409"
"3285","M36","D10","Sub",0.0962324778318,"Cluster_1156"
"3286","M36","D10","Sub",0.00319646339072,"Cluster_1738"
"3287","M36","D10","Sub",0.0551461345515,"Cluster_109"
"3288","M36","D10","Sub",0.0942968316443,"Cluster_1009"
"3289","M36","D10","Sub",0.0034375513715,"Cluster_4209"
"3290","M36","D10","Sub",0.00456972513541,"Cluster_2055"
"3291","M36","D10","Sub",0.00447342064639,"Cluster_112"
"3292","M36","D10","Sub",0.490529056949,"Cluster_88"
"3293","M36","D10","Sub",0.78872346138,"Cluster_1274"
"3294","M36","D10","Sub",0.0158998332978,"Cluster_434"
"3295","M36","D10","Sub",0.00509625019115,"Cluster_1058"
"3296","M36","D10","Sub",0.00458982115896,"Cluster_189"
"3297","M36","D10","Sub",0.0555093060348,"Cluster_18"
"3298","M36","D10","Sub",0.0088423093459,"Cluster_3513"
"3299","M36","D10","Sub",0.00989729724324,"Cluster_1586"
"3300","M36","D10","Sub",0.0140278835325,"Cluster_2932"
"3301","M36","D10","Sub",0.0109123131118,"Cluster_1208"
"3302","M36","D10","Sub",2.15408388886,"Cluster_469"
"3303","M36","D10","Sub",0.00398709189688,"Cluster_3410"
"3304","M36","D10","Sub",0.00386858557342,"Cluster_1030"
"3305","M36","D10","Sub",0,"Cluster_938"
"3306","M36","D10","Sub",0.00468105223767,"Cluster_4276"
"3307","M36","D10","Sub",0.206520943436,"Cluster_532"
"3308","M36","D10","Sub",0.0101433580113,"Cluster_1037"
"3309","M36","D10","Sub",0.646925794061,"Cluster_119"
"3310","M36","D10","Sub",0.769838966028,"Cluster_664"
"3311","M36","D10","Sub",0.0473330602965,"Cluster_2588"
"3312","M36","D10","Sub",0.0093424741107,"Cluster_3991"
"3313","M36","D10","Sub",0.0541666607501,"Cluster_383"
"3314","M36","D10","Sub",0.140912206987,"Cluster_591"
"3315","M36","D10","Sub",0.0077333711054,"Cluster_2368"
"3316","M36","D10","Sub",0.0207094931605,"Cluster_1259"
"3317","M36","D10","Sub",0.148646096712,"Cluster_1273"
"3318","M36","D10","Sub",0,"Cluster_1243"
"3319","M36","D10","Sub",0.0033911113271,"Cluster_355"
"3320","M36","D10","Sub",0.0957418671288,"Cluster_272"
"3321","M36","D10","Sub",0.00242326718845,"Cluster_4244"
"3322","M36","D10","Sub",1.41017065402,"Cluster_338"
"3323","M36","D10","Sub",0.0543195278566,"Cluster_3760"
"3324","M36","D10","Sub",0.175315119947,"Cluster_1778"
"3325","M36","D10","Sub",0,"Cluster_1961"
"3326","M36","D10","Sub",0.0064999669116,"Cluster_899"
"3327","M36","D10","Sub",0.0211892567489,"Cluster_1188"
"3328","M36","D10","Sub",0.0105360018921,"Cluster_1126"
"3329","M36","D10","Sub",0.121894290558,"Cluster_1044"
"3330","M36","D10","Sub",0.634412519294,"Cluster_1537"
"3331","M36","D10","Sub",0.00814194362111,"Cluster_1363"
"3332","M36","D10","Sub",0.622113692604,"Cluster_888"
"3333","M36","D10","Sub",0,"Cluster_2422"
"3334","M36","D10","Sub",0.134288367181,"Cluster_1152"
"3335","M36","D10","Sub",0.00861276607365,"Cluster_2019"
"3336","M36","D10","Sub",0.0482399235655,"Cluster_1237"
"3337","M36","D10","Sub",0.0214714628321,"Cluster_2369"
"3338","M36","D10","Sub",0.130392026828,"Cluster_34"
"3339","M36","D10","Sub",1.12928952443,"Cluster_437"
"3340","M36","D10","Sub",0.0206231777354,"Cluster_755"
"3341","M36","D10","Sub",0.00799015647796,"Cluster_3027"
"3342","M36","D10","Sub",0.0025672236551,"Cluster_242"
"3343","M36","D10","Sub",0.689474589369,"Cluster_1678"
"3344","M36","D10","Sub",0.0443892503189,"Cluster_139"
"3345","M36","D10","Sub",2.00214566077,"Cluster_893"
"3346","M36","D10","Sub",0.00262642471783,"Cluster_767"
"3347","M36","D10","Sub",0.0845688392584,"Cluster_650"
"3348","M36","D10","Sub",0.00926034247016,"Cluster_1017"
"3349","M36","D10","Sub",2.06950976609,"Cluster_1830"
"3350","M36","D10","Sub",1.3745767226,"Cluster_1419"
"3351","M36","D10","Sub",0.00913858486281,"Cluster_1612"
"3352","M36","D10","Sub",0.0355553493755,"Cluster_1151"
"3353","M36","D10","Sub",0.00349342260851,"Cluster_3086"
"3354","M36","D10","Sub",0.0190145698721,"Cluster_528"
"3355","M36","D10","Sub",0.0981902979846,"Cluster_39"
"3356","M36","D10","Sub",0.23853564076,"Cluster_536"
"3357","M36","D10","Sub",0.0690316438685,"Cluster_943"
"3358","M36","D10","Sub",0.00349787907312,"Cluster_1921"
"3359","M36","D10","Sub",0.00826079296955,"Cluster_261"
"3360","M36","D10","Sub",0.00814840641371,"Cluster_218"
"3361","M36","D10","Sub",0.00567250103216,"Cluster_163"
"3362","M36","D10","Sub",1.29019888018,"Cluster_21"
"3363","M36","D10","Sub",0.00332727245491,"Cluster_1607"
"3364","M36","D10","Sub",0.0263874469033,"Cluster_1289"
"3365","M36","D10","Sub",0.0227212526588,"Cluster_1224"
"3366","M36","D10","Sub",0.137090610487,"Cluster_527"
"3367","M36","D10","Sub",0.728183978739,"Cluster_240"
"3368","M36","D10","Sub",0.0342945520804,"Cluster_443"
"3369","M36","D10","Sub",0.00733110445555,"Cluster_3313"
"3370","M36","D10","Sub",0.0103276361786,"Cluster_900"
"3371","M36","D10","Sub",0.0300638095078,"Cluster_405"
"3372","M36","D10","Sub",0.0160601271565,"Cluster_949"
"3373","M36","D10","Sub",0.00260281136351,"Cluster_3165"
"3374","M36","D10","Sub",0.00371120595178,"Cluster_1689"
"3375","M36","D10","Sub",0.00805408543497,"Cluster_3644"
"3376","M36","D10","Sub",0.0997980663729,"Cluster_78"
"3377","M36","D10","Sub",0.0124026500132,"Cluster_2836"
"3378","M36","D10","Sub",0.000771695205847,"Cluster_1158"
"3379","M36","D10","Sub",0.0352710102908,"Cluster_1335"
"3380","M36","D10","Sub",1.13485974309,"Cluster_327"
"3381","M36","D10","Sub",0.0133938286699,"Cluster_611"
"3382","M36","D10","Sub",0.00772749914557,"Cluster_1927"
"3383","M36","D10","Sub",0.0271048302278,"Cluster_1963"
"3384","M36","D10","Sub",0.0100608435874,"Cluster_1940"
"3385","M36","D10","Sub",0.014663840402,"Cluster_740"
"3386","M36","D10","Sub",0.0164124793141,"Cluster_2279"
"3387","M36","D10","Sub",0.00785726027771,"Cluster_332"
"3388","M36","D10","Sub",0.0181888403488,"Cluster_82"
"3389","M36","D10","Sub",0.141705892966,"Cluster_524"
"3390","M36","D10","Sub",0,"Cluster_3317"
"3391","M36","D10","Sub",0.0377779880317,"Cluster_1072"
"3392","M36","D10","Sub",0.0335703974526,"Cluster_1386"
"3393","M36","D10","Sub",1.56457244059,"Cluster_1571"
"3394","M36","D10","Sub",0.0231074211732,"Cluster_217"
"3395","M36","D10","Sub",0.0119228029868,"Cluster_1939"
"3396","M36","D10","Sub",0.0167712978618,"Cluster_432"
"3397","M36","D10","Sub",0.0804277892316,"Cluster_928"
"3398","M36","D10","Sub",0.0340434172824,"Cluster_825"
"3399","M36","D10","Sub",0.0107093396637,"Cluster_656"
"3400","M36","D10","Sub",0.029391226358,"Cluster_1952"
"3401","M36","D10","Sub",0.039651998343,"Cluster_1741"
"3402","M36","D10","Sub",0.204562483255,"Cluster_588"
"3403","M36","D10","Sub",0.00233360630248,"Cluster_3200"
"3404","M36","D10","Sub",0.161155682154,"Cluster_634"
"3405","M36","D10","Sub",0.00232015885118,"Cluster_1356"
"3406","M36","D10","Sub",1.95489779454,"Cluster_248"
"3407","M36","D10","Sub",0.00467371516519,"Cluster_684"
"3408","M36","D10","Sub",0.0413598949749,"Cluster_525"
"3409","M36","D10","Sub",0.357640812641,"Cluster_1088"
"3410","M36","D10","Sub",0.0148276965963,"Cluster_523"
"3411","M36","D10","Sub",0.0529382911211,"Cluster_542"
"3412","M36","D10","Sub",0.157683604545,"Cluster_1004"
"3413","M36","D10","Sub",0.705462825959,"Cluster_1545"
"3414","M36","D10","Sub",1.05458463749,"Cluster_128"
"3415","M36","D10","Sub",0.0174801970223,"Cluster_2561"
"3416","M36","D10","Sub",0.00292502811649,"Cluster_1702"
"3417","M36","D10","Sub",0.00785172699583,"Cluster_2268"
"3418","M36","D10","Sub",0.0305187487616,"Cluster_1631"
"3419","M36","D10","Sub",0.525632152122,"Cluster_86"
"3420","M36","D10","Sub",0.0357076605717,"Cluster_725"
"3421","M36","D10","Sub",0.00368588309085,"Cluster_2329"
"3422","M36","D10","Sub",0.0771114480077,"Cluster_1673"
"3423","M36","D10","Sub",0,"Cluster_937"
"3424","M36","D10","Sub",0.055611051342,"Cluster_662"
"3425","M36","D10","Sub",0.0049653136365,"Cluster_770"
"3426","M36","D10","Sub",0.0976551647026,"Cluster_1701"
"3427","M36","D10","Sub",0.0114936782575,"Cluster_188"
"3428","M36","D10","Sub",0.0155052082939,"Cluster_2000"
"3429","M36","D10","Sub",1.27792726088,"Cluster_315"
"3430","M36","D10","Sub",0.00827519965419,"Cluster_974"
"3431","M36","D10","Sub",0.753520170354,"Cluster_1231"
"3432","M36","D10","Sub",0.0362427550746,"Cluster_323"
"3433","M36","D10","Sub",0.355256672898,"Cluster_363"
"3434","M36","D10","Sub",0.181003716474,"Cluster_1705"
"3435","M36","D10","Sub",0.0500058493389,"Cluster_1720"
"3436","M36","D10","Sub",0.490007211443,"Cluster_87"
"3437","M36","D10","Sub",0.00370228120801,"Cluster_1075"
"3438","M36","D10","Sub",0.0169183185432,"Cluster_1610"
"3439","M36","D10","Sub",0.409754616817,"Cluster_1909"
"3440","M36","D10","Sub",0.00657451360426,"Cluster_3175"
"3441","M36","D10","Sub",0.0343256425034,"Cluster_712"
"3442","M36","D10","Sub",0.0046002991626,"Cluster_1722"
"3443","M36","D10","Sub",0,"Cluster_3528"
"3444","M36","D10","Sub",0.109340636277,"Cluster_505"
"3445","M36","D10","Sub",2.04023577755,"Cluster_1123"
"3446","M36","D10","Sub",0.0246224609866,"Cluster_2308"
"3447","M36","D10","Sub",0.0121315659735,"Cluster_1111"
"3448","M36","D10","Sub",0.00728341542597,"Cluster_3016"
"3449","M36","D10","Sub",0.0372476135882,"Cluster_589"
"3450","M36","D10","Sub",0,"Cluster_616"
"3451","M36","D10","Sub",0.0173393243783,"Cluster_1110"
"3452","M36","D10","Sub",0.00848864726432,"Cluster_3314"
"3453","M36","D10","Sub",0.690409245686,"Cluster_763"
"3454","M36","D10","Sub",0.0106898381075,"Cluster_2148"
"3455","M36","D10","Sub",0.0317340844677,"Cluster_984"
"3456","M36","D10","Sub",0.177163471857,"Cluster_144"
"3457","M36","D10","Sub",0.029992452478,"Cluster_57"
"3458","M36","D10","Sub",0.0157632628648,"Cluster_1662"
"3459","M36","D10","Sub",0.015868620887,"Cluster_2001"
"3460","M36","D10","Sub",0.467390264127,"Cluster_609"
"3461","M36","D10","Sub",0.00339484886999,"Cluster_3564"
"3462","M36","D10","Sub",0.00948312053999,"Cluster_98"
"3463","M36","D10","Sub",0.0319345633714,"Cluster_842"
"3464","M36","D10","Sub",1.00452079409,"Cluster_59"
"3465","M36","D10","Sub",0.00243693222899,"Cluster_3527"
"3466","M36","D10","Sub",0.0514869311818,"Cluster_303"
"3467","M36","D10","Sub",0.00394190253798,"Cluster_2549"
"3468","M36","D10","Sub",0.0197155678397,"Cluster_448"
"3469","M36","D10","Sub",0.0631113988709,"Cluster_1760"
"3470","M36","D10","Sub",0.0292442000253,"Cluster_728"
"3471","M36","D10","blood",0.191547430918,"Cluster_943"
"3472","M36","D10","blood",0.685089787055,"Cluster_588"
"3473","M36","D10","blood",0.134787498025,"Cluster_87"
"3474","M36","D10","blood",0.0253188411765,"Cluster_99"
"3475","M36","D10","blood",0.297876079245,"Cluster_824"
"3476","M36","D10","blood",0.23099113997,"Cluster_591"
"3477","M36","D10","blood",0.0186942502163,"Cluster_368"
"3478","M36","D10","blood",2.78823891176,"Cluster_156"
"3479","M36","D10","blood",0.0646345446097,"Cluster_1127"
"3480","M36","D10","blood",1.4519615735,"Cluster_467"
"3481","M36","D10","blood",0.200081670121,"Cluster_65"
"3482","M36","D10","blood",0.0907047396073,"Cluster_1152"
"3483","M36","D10","blood",0.0850817418164,"Cluster_163"
"3484","M36","D10","blood",0.168916519728,"Cluster_2732"
"3485","M36","D10","blood",0.894219462198,"Cluster_647"
"3486","M36","D10","blood",0.00803794419382,"Cluster_425"
"3487","M36","D10","blood",0.0521885211885,"Cluster_825"
"3488","M36","D10","blood",0.00615219400808,"Cluster_3439"
"3489","M36","D10","blood",0.00937650917762,"Cluster_886"
"3490","M36","D10","blood",0.370849684143,"Cluster_303"
"3491","M36","D10","blood",0.754619465917,"Cluster_763"
"3492","M36","D10","blood",0.918218244437,"Cluster_315"
"3493","M36","D10","blood",0.0813912081305,"Cluster_360"
"3494","M36","D10","blood",0.0446049693357,"Cluster_2278"
"3495","M36","D10","blood",0.192390322621,"Cluster_338"
"3496","M36","D10","blood",0.419360430084,"Cluster_2609"
"3497","M36","D10","blood",13.9927303321,"Cluster_294"
"3498","M36","D10","blood",0.0779812356378,"Cluster_536"
"3499","M36","D10","blood",0.0110614836266,"Cluster_2215"
"3500","M36","D10","blood",0.0685473864161,"Cluster_634"
"3501","M36","D10","blood",1.75856762209,"Cluster_327"
"3502","M36","D10","blood",0.0286256195088,"Cluster_66"
"3503","M36","D10","blood",2.45818962599,"Cluster_1831"
"3504","M36","D10","blood",0.025375901458,"Cluster_523"
"3505","M36","D10","blood",2.00754378365,"Cluster_2305"
"3506","M36","D10","blood",0.0140102187497,"Cluster_158"
"3507","M36","D10","blood",0.00929561530305,"Cluster_1610"
"3508","M36","D10","blood",3.21177829696,"Cluster_435"
"3509","M36","D10","blood",1.9140524754,"Cluster_54"
"3510","M36","D10","blood",0.0226198961459,"Cluster_479"
"3511","M36","D10","blood",0.0251484503613,"Cluster_904"
"3512","M36","D10","blood",0.175113963395,"Cluster_447"
"3513","M36","D10","blood",0.155131180466,"Cluster_59"
"3514","M36","D10","blood",2.16531448931,"Cluster_469"
"3515","M36","D10","blood",0.0843945931814,"Cluster_1208"
"3516","M36","D10","blood",0.305564577404,"Cluster_899"
"3517","M36","D10","blood",0.022170094694,"Cluster_1009"
"3518","M36","D10","blood",0.113490248311,"Cluster_620"
"3519","M36","D10","blood",0.546656540892,"Cluster_88"
"3520","M36","D10","blood",0.0414098767651,"Cluster_243"
"3521","M36","D10","blood",0.134086279663,"Cluster_98"
"3522","M36","D10","blood",0.3140508747,"Cluster_2575"
"3523","M36","D10","blood",2.40777192465,"Cluster_357"
"3524","M36","D10","blood",0.286213231339,"Cluster_524"
"3525","M36","D10","blood",4.84395627874,"Cluster_50"
"3526","M36","D10","blood",0.0952287799966,"Cluster_229"
"3527","M36","D10","blood",0.259149131716,"Cluster_664"
"3528","M36","D10","blood",0.415228482229,"Cluster_23"
"3529","M36","D10","blood",0.0282842482487,"Cluster_514"
"3530","M36","D10","blood",0.0101392329996,"Cluster_1679"
"3531","M36","D10","blood",0.920454548006,"Cluster_86"
"3532","M36","D10","blood",0.0115235604331,"Cluster_409"
"3533","M36","D10","blood",1.81953650796,"Cluster_1537"
"3534","M36","D10","blood",0.470025466466,"Cluster_232"
"3535","M36","D10","blood",0.0147013694837,"Cluster_1613"
"3536","M36","D10","blood",0.0558953508636,"Cluster_619"
"3537","M36","D10","blood",0.682903190042,"Cluster_504"
"3538","M36","D10","blood",0.00226831814189,"Cluster_1417"
"3539","M36","D10","blood",0.0939831373111,"Cluster_419"
"3540","M36","D10","blood",0.0721390876951,"Cluster_694"
"3541","M36","D10","blood",0.453097533116,"Cluster_509"
"3542","M36","D10","blood",0.625820736905,"Cluster_503"
"3543","M36","D10","blood",0.0288043429008,"Cluster_2472"
"3544","M36","D10","blood",0.10938223587,"Cluster_662"
"3545","M36","D10","blood",0.0525525986172,"Cluster_650"
"3546","M36","D10","blood",0.150083472075,"Cluster_673"
"3547","M36","D10","blood",0.148836850896,"Cluster_795"
"3548","M36","D10","blood",1.39128728954,"Cluster_128"
"3549","M36","D10","blood",0.0107955018445,"Cluster_206"
"3550","M36","D10","blood",0.0820159621396,"Cluster_34"
"3551","M36","D10","blood",2.0759231036,"Cluster_240"
"3552","M36","D10","blood",0.0966902420752,"Cluster_2525"
"3553","M36","D10","blood",0.0795844724756,"Cluster_493"
"3554","M36","D10","blood",1.82689246822,"Cluster_893"
"3555","M36","D10","blood",0.0844350209515,"Cluster_323"
"3556","M36","D10","blood",0.166659621774,"Cluster_221"
"3557","M36","D10","blood",0.0254753272673,"Cluster_632"
"3558","M36","D10","blood",6.58699826205,"Cluster_248"
"3559","M36","D10","blood",0.110551550845,"Cluster_1010"
"3560","M36","D10","blood",0.0547205895984,"Cluster_272"
"3561","M36","D10","blood",0.163909239423,"Cluster_1013"
"3562","M36","D10","blood",0.718512614402,"Cluster_609"
"3563","M36","D10","blood",0.117495184933,"Cluster_712"
"3564","M36","D10","blood",3.51407333928,"Cluster_26"
"3565","M36","D10","blood",0.0435530264753,"Cluster_32"
"3566","M36","D10","blood",0.0613936323162,"Cluster_3165"
"3567","M36","D10","blood",5.70662014779,"Cluster_1830"
"3568","M36","D10","blood",0.363518084161,"Cluster_826"
"3569","M36","D10","blood",2.03169475649,"Cluster_84"
"3570","M36","D10","blood",0.19011773945,"Cluster_144"
"3571","M36","D10","blood",0.255993611685,"Cluster_856"
"3572","M36","D10","blood",1.36547738622,"Cluster_1231"
"3573","M36","D10","blood",0.0113283406707,"Cluster_9"
"3574","M36","D10","blood",0.035427785331,"Cluster_853"
"3575","M36","D10","blood",0.0449137976687,"Cluster_2019"
"3576","M36","D10","blood",0.0337118293849,"Cluster_1008"
"3577","M36","D10","blood",0.294629973889,"Cluster_1678"
"3578","M36","D10","blood",0.0943552379868,"Cluster_162"
"3579","M36","D10","blood",0.121429419831,"Cluster_480"
"3580","M36","D10","blood",0.916282628043,"Cluster_151"
"3581","M36","D10","blood",0.0669455250063,"Cluster_69"
"3582","M36","D10","blood",0.0285045046933,"Cluster_15"
"3583","M36","D10","blood",0.0167551095022,"Cluster_1609"
"3584","M36","D10","blood",0.667270580041,"Cluster_2315"
"3585","M36","D10","blood",4.35915293121,"Cluster_1123"
"3586","M36","D10","blood",0.0137820063748,"Cluster_2573"
"3587","M36","D10","blood",0.263796073395,"Cluster_259"
"3588","M36","D10","blood",1.43613852792,"Cluster_1545"
"3589","M36","D10","blood",0.118313685645,"Cluster_161"
"3590","M36","D10","blood",0.302366768577,"Cluster_103"
"3591","M36","D10","blood",1.38721415082,"Cluster_1419"
"3592","M36","D10","blood",0.00356783702835,"Cluster_2837"
"3593","M36","D10","blood",0.0261326341282,"Cluster_363"
"3594","M36","D10","blood",0.0887364223485,"Cluster_936"
"3595","M36","D10","blood",0.176140364576,"Cluster_1967"
"3596","M36","D10","blood",0.0103152626283,"Cluster_196"
"3597","M36","D10","blood",0.037143404005,"Cluster_107"
"3598","M36","D10","blood",0.875022651124,"Cluster_119"
"3599","M36","D10","blood",1.0335784747,"Cluster_1909"
"3600","M36","D10","blood",0.0171595549821,"Cluster_3387"
"3601","M36","D10","blood",0.189172495453,"Cluster_1730"
"3602","M36","D10","blood",0.12197372385,"Cluster_437"
"3603","M36","D10","blood",3.21677790561,"Cluster_1274"
"3604","M36","D10","blood",0.00907991160639,"Cluster_1386"
"3605","M36","D10","blood",0.15135448917,"Cluster_153"
"3606","M36","D10","blood",0.0640445709886,"Cluster_2441"
"3607","M36","D10","blood",0.053975564726,"Cluster_518"
"3608","M36","D10","blood",0.290714437244,"Cluster_978"
"3609","M36","D10","blood",0.0961142447316,"Cluster_495"
"3610","M36","D10","blood",1.55526604836,"Cluster_293"
"3611","M36","D10","blood",0.13233686216,"Cluster_290"
"3612","M36","D10","blood",0.149937104126,"Cluster_244"
"3613","M36","D10","blood",0.0559178616333,"Cluster_835"
"3614","M36","D10","blood",0.147966699419,"Cluster_424"
"3615","M36","D10","blood",0.208159839428,"Cluster_279"
"3616","M36","D10","blood",0.0264806229182,"Cluster_215"
"3617","M36","D6","blood",0,"Cluster_437"
"3618","M36","D6","blood",0.00290543011058,"Cluster_4"
"3619","M36","D6","blood",0.00352687926466,"Cluster_588"
"3620","M36","D6","blood",0.00269863059524,"Cluster_1545"
"3621","M36","D6","blood",99.9773792417,"Cluster_56"
"3622","M36","D6","blood",0.00346999160142,"Cluster_1830"
"3623","M36","D6","blood",0.00768488429247,"Cluster_294"
"3624","M36","D6","blood",0.00233494243408,"Cluster_254"
"3625","M4","D10","Brain",0.441330256975,"Cluster_248"
"3626","M4","D10","Brain",2.88088741672,"Cluster_1830"
"3627","M4","D10","Brain",3.45445185719,"Cluster_50"
"3628","M4","D10","Brain",1.32904944228,"Cluster_84"
"3629","M4","D10","Brain",11.5482316959,"Cluster_56"
"3630","M4","D10","Brain",80.3460493309,"Cluster_294"
"3631","M4","D10","Ear",0.0143709974529,"Cluster_488"
"3632","M4","D10","Ear",0.638112820743,"Cluster_1545"
"3633","M4","D10","Ear",0.145703934404,"Cluster_88"
"3634","M4","D10","Ear",0.126010081276,"Cluster_264"
"3635","M4","D10","Ear",0.154810277738,"Cluster_254"
"3636","M4","D10","Ear",0.00664595413056,"Cluster_436"
"3637","M4","D10","Ear",0.10092636153,"Cluster_741"
"3638","M4","D10","Ear",0.178316965951,"Cluster_151"
"3639","M4","D10","Ear",0.0554976328898,"Cluster_221"
"3640","M4","D10","Ear",0.150252723928,"Cluster_503"
"3641","M4","D10","Ear",0.26370248541,"Cluster_338"
"3642","M4","D10","Ear",0.624405588415,"Cluster_26"
"3643","M4","D10","Ear",0.285413238994,"Cluster_493"
"3644","M4","D10","Ear",0.0493925101017,"Cluster_1830"
"3645","M4","D10","Ear",0.0246946552416,"Cluster_824"
"3646","M4","D10","Ear",0.595496003947,"Cluster_86"
"3647","M4","D10","Ear",0.337426704197,"Cluster_1678"
"3648","M4","D10","Ear",0.884524477967,"Cluster_2305"
"3649","M4","D10","Ear",0.323355553438,"Cluster_240"
"3650","M4","D10","Ear",0.040812496719,"Cluster_2592"
"3651","M4","D10","Ear",0.0816747612053,"Cluster_128"
"3652","M4","D10","Ear",1.17612477393,"Cluster_1231"
"3653","M4","D10","Ear",0.542721932771,"Cluster_1831"
"3654","M4","D10","Ear",0.135699583921,"Cluster_119"
"3655","M4","D10","Ear",0.125974515031,"Cluster_54"
"3656","M4","D10","Ear",0.0118902003108,"Cluster_2424"
"3657","M4","D10","Ear",0.0514720377091,"Cluster_523"
"3658","M4","D10","Ear",0.619170612908,"Cluster_467"
"3659","M4","D10","Ear",0.0207456550877,"Cluster_9"
"3660","M4","D10","Ear",0.0605221980422,"Cluster_505"
"3661","M4","D10","Ear",0.617039286059,"Cluster_1123"
"3662","M4","D10","Ear",0.304702775795,"Cluster_87"
"3663","M4","D10","Ear",1.83326113188,"Cluster_1274"
"3664","M4","D10","Ear",0.32314796441,"Cluster_290"
"3665","M4","D10","Ear",0.437016466781,"Cluster_164"
"3666","M4","D10","Ear",0.0288958423947,"Cluster_1615"
"3667","M4","D10","Ear",0.0476209306566,"Cluster_15"
"3668","M4","D10","Ear",0,"Cluster_504"
"3669","M4","D10","Ear",0.204492692626,"Cluster_4"
"3670","M4","D10","Ear",24.6567668309,"Cluster_294"
"3671","M4","D10","Ear",0.00131193210977,"Cluster_634"
"3672","M4","D10","Ear",1.01168868035,"Cluster_1088"
"3673","M4","D10","Ear",0.122757799876,"Cluster_1289"
"3674","M4","D10","Ear",0.466974849995,"Cluster_12"
"3675","M4","D10","Ear",0.00964046026539,"Cluster_341"
"3676","M4","D10","Ear",0.77200832418,"Cluster_59"
"3677","M4","D10","Ear",0.125396040885,"Cluster_853"
"3678","M4","D10","Ear",0.0641153426062,"Cluster_2315"
"3679","M4","D10","Ear",0.0365265148788,"Cluster_621"
"3680","M4","D10","Ear",0.141298959497,"Cluster_207"
"3681","M4","D10","Ear",0.627805371004,"Cluster_357"
"3682","M4","D10","Ear",0.0162113609313,"Cluster_1963"
"3683","M4","D10","Ear",0.332181792411,"Cluster_1613"
"3684","M4","D10","Ear",0.0868117844888,"Cluster_20"
"3685","M4","D10","Ear",0.0528756147526,"Cluster_841"
"3686","M4","D10","Ear",0.652733014431,"Cluster_232"
"3687","M4","D10","Ear",0.0497298120066,"Cluster_13"
"3688","M4","D10","Ear",0.530474927452,"Cluster_1989"
"3689","M4","D10","Ear",1.00652225795,"Cluster_50"
"3690","M4","D10","Ear",0.0974836372073,"Cluster_792"
"3691","M4","D10","Ear",0.0711867043143,"Cluster_469"
"3692","M4","D10","Ear",0.00731272072939,"Cluster_514"
"3693","M4","D10","Ear",0.0374694783416,"Cluster_202"
"3694","M4","D10","Ear",0.130126370335,"Cluster_662"
"3695","M4","D10","Ear",0.175328868075,"Cluster_107"
"3696","M4","D10","Ear",0.165650721977,"Cluster_978"
"3697","M4","D10","Ear",0.166323353185,"Cluster_449"
"3698","M4","D10","Ear",0.15513384682,"Cluster_527"
"3699","M4","D10","Ear",50.7918993861,"Cluster_56"
"3700","M4","D10","Ear",0.00615561163223,"Cluster_2537"
"3701","M4","D10","Ear",0.0223643561256,"Cluster_84"
"3702","M4","D10","Ear",0.151039828393,"Cluster_248"
"3703","M4","D10","Ear",0.00867929134112,"Cluster_906"
"3704","M4","D10","Ear",0.105699078664,"Cluster_595"
"3705","M4","D10","Ear",0.166647905183,"Cluster_2588"
"3706","M4","D10","Ear",0.0164682004305,"Cluster_33"
"3707","M4","D10","Ear",0.0177110834818,"Cluster_901"
"3708","M4","D10","Ear",0.00610156359642,"Cluster_764"
"3709","M4","D10","Ear",0.735281190889,"Cluster_1571"
"3710","M4","D10","Ear",0.345583205322,"Cluster_327"
"3711","M4","D10","Ear",0.151531080576,"Cluster_1909"
"3712","M4","D10","Ear",0.196757904603,"Cluster_315"
"3713","M4","D10","Ear",1.80468188354,"Cluster_437"
"3714","M4","D10","Ear",0.310899662672,"Cluster_715"
"3715","M4","D10","Ear",0.442364947486,"Cluster_21"
"3716","M4","D10","Ear",0.027533372398,"Cluster_2591"
"3717","M4","D10","Ear",0.118092934055,"Cluster_499"
"3718","M4","D10","Ear",0.0166630903764,"Cluster_4007"
"3719","M4","D10","Ear",0.114768120262,"Cluster_1137"
"3720","M4","D10","Ear",0.678754093268,"Cluster_588"
"3721","M4","D10","Ear",0.0752953506901,"Cluster_2441"
"3722","M4","D10","Ear",0.150439236365,"Cluster_763"
"3723","M4","D10","Ear",0.0116639851534,"Cluster_1670"
"3724","M4","D10","Ear",0.127426332945,"Cluster_591"
"3725","M4","D10","Ear",0.00760510644879,"Cluster_303"
"3726","M4","D10","Gon",0.0855875080964,"Cluster_18"
"3727","M4","D10","Gon",0.151380458805,"Cluster_293"
"3728","M4","D10","Gon",0.234990384257,"Cluster_650"
"3729","M4","D10","Gon",0.241862106903,"Cluster_1909"
"3730","M4","D10","Gon",0.0720822430364,"Cluster_445"
"3731","M4","D10","Gon",0.0483892236297,"Cluster_327"
"3732","M4","D10","Gon",0,"Cluster_1778"
"3733","M4","D10","Gon",0.0732787734204,"Cluster_119"
"3734","M4","D10","Gon",0.324669581795,"Cluster_338"
"3735","M4","D10","Gon",0.360152051532,"Cluster_350"
"3736","M4","D10","Gon",0.0276365019096,"Cluster_41"
"3737","M4","D10","Gon",0.410928859598,"Cluster_1123"
"3738","M4","D10","Gon",0.0813289844442,"Cluster_1571"
"3739","M4","D10","Gon",0.350057213215,"Cluster_221"
"3740","M4","D10","Gon",0.0634502112808,"Cluster_216"
"3741","M4","D10","Gon",0.154921522169,"Cluster_315"
"3742","M4","D10","Gon",0.0578305340582,"Cluster_1221"
"3743","M4","D10","Gon",0.172031380625,"Cluster_1274"
"3744","M4","D10","Gon",0.0608819884433,"Cluster_541"
"3745","M4","D10","Gon",1.27608634133,"Cluster_1831"
"3746","M4","D10","Gon",0.14887851588,"Cluster_1613"
"3747","M4","D10","Gon",0.0458956528265,"Cluster_3891"
"3748","M4","D10","Gon",0.0277346156292,"Cluster_948"
"3749","M4","D10","Gon",0.395902880804,"Cluster_357"
"3750","M4","D10","Gon",0.171972482272,"Cluster_232"
"3751","M4","D10","Gon",0.0408303254903,"Cluster_1678"
"3752","M4","D10","Gon",0.0563060081023,"Cluster_265"
"3753","M4","D10","Gon",0,"Cluster_674"
"3754","M4","D10","Gon",0.254632909091,"Cluster_151"
"3755","M4","D10","Gon",0.0754937963949,"Cluster_479"
"3756","M4","D10","Gon",0.195862198805,"Cluster_536"
"3757","M4","D10","Gon",0.02523536557,"Cluster_1456"
"3758","M4","D10","Gon",0.337481243631,"Cluster_19"
"3759","M4","D10","Gon",0.306665833296,"Cluster_50"
"3760","M4","D10","Gon",0,"Cluster_664"
"3761","M4","D10","Gon",0.0442753629484,"Cluster_609"
"3762","M4","D10","Gon",0.0622543146955,"Cluster_763"
"3763","M4","D10","Gon",0.0465158643512,"Cluster_9"
"3764","M4","D10","Gon",0.0343457826006,"Cluster_54"
"3765","M4","D10","Gon",0,"Cluster_2645"
"3766","M4","D10","Gon",0.062821299495,"Cluster_1830"
"3767","M4","D10","Gon",0.056198758563,"Cluster_540"
"3768","M4","D10","Gon",0.158121065392,"Cluster_8"
"3769","M4","D10","Gon",1.02352452889,"Cluster_1537"
"3770","M4","D10","Gon",0.248595395417,"Cluster_437"
"3771","M4","D10","Gon",0.317956058752,"Cluster_469"
"3772","M4","D10","Gon",89.0096270042,"Cluster_294"
"3773","M4","D10","Gon",0.0250540665874,"Cluster_888"
"3774","M4","D10","Gon",0.0755739680538,"Cluster_467"
"3775","M4","D10","Gon",0.404141882176,"Cluster_2215"
"3776","M4","D10","Gon",0.48876340891,"Cluster_1993"
"3777","M4","D10","Gon",0.0511717135169,"Cluster_647"
"3778","M4","D10","Gon",0.114613309072,"Cluster_254"
"3779","M4","D10","Gon",0.311140332463,"Cluster_248"
"3780","M4","D10","Gon",0.940443189467,"Cluster_128"
"3781","M4","D10","Gon",0.194424998059,"Cluster_21"
"3782","M4","D10","Heart",1.89139422444,"Cluster_888"
"3783","M4","D10","Heart",0.061917144696,"Cluster_3400"
"3784","M4","D10","Heart",0.23103401898,"Cluster_591"
"3785","M4","D10","Heart",0.768529375608,"Cluster_1909"
"3786","M4","D10","Heart",0.918712248981,"Cluster_532"
"3787","M4","D10","Heart",0.0469785007273,"Cluster_2421"
"3788","M4","D10","Heart",0.0672527898735,"Cluster_3884"
"3789","M4","D10","Heart",0.0610327963973,"Cluster_705"
"3790","M4","D10","Heart",0.60937432653,"Cluster_1678"
"3791","M4","D10","Heart",0.085042798408,"Cluster_599"
"3792","M4","D10","Heart",0.109333244222,"Cluster_9"
"3793","M4","D10","Heart",0.400060398194,"Cluster_405"
"3794","M4","D10","Heart",0.929907192093,"Cluster_84"
"3795","M4","D10","Heart",0.0573482880921,"Cluster_825"
"3796","M4","D10","Heart",0.759333814553,"Cluster_826"
"3797","M4","D10","Heart",0.310154042711,"Cluster_3127"
"3798","M4","D10","Heart",0.0964139526949,"Cluster_1143"
"3799","M4","D10","Heart",0.701434026239,"Cluster_1830"
"3800","M4","D10","Heart",0.666538593674,"Cluster_467"
"3801","M4","D10","Heart",0.0564460534712,"Cluster_1152"
"3802","M4","D10","Heart",32.0370019336,"Cluster_294"
"3803","M4","D10","Heart",1.04690515197,"Cluster_327"
"3804","M4","D10","Heart",3.18646403862,"Cluster_50"
"3805","M4","D10","Heart",0.964156122045,"Cluster_86"
"3806","M4","D10","Heart",0.274487532749,"Cluster_202"
"3807","M4","D10","Heart",1.77049240636,"Cluster_437"
"3808","M4","D10","Heart",0.039121312807,"Cluster_1778"
"3809","M4","D10","Heart",0.562747193752,"Cluster_240"
"3810","M4","D10","Heart",4.34787350751,"Cluster_336"
"3811","M4","D10","Heart",0.189493858909,"Cluster_662"
"3812","M4","D10","Heart",0.137466441262,"Cluster_491"
"3813","M4","D10","Heart",0.0452208723307,"Cluster_2369"
"3814","M4","D10","Heart",0.262846320422,"Cluster_840"
"3815","M4","D10","Heart",0.213905242606,"Cluster_1125"
"3816","M4","D10","Heart",0.0352611832714,"Cluster_1515"
"3817","M4","D10","Heart",0.0279592761889,"Cluster_1199"
"3818","M4","D10","Heart",0.242334798777,"Cluster_103"
"3819","M4","D10","Heart",0.482084046774,"Cluster_509"
"3820","M4","D10","Heart",0.235609768964,"Cluster_725"
"3821","M4","D10","Heart",1.19604208166,"Cluster_59"
"3822","M4","D10","Heart",0.213289621615,"Cluster_634"
"3823","M4","D10","Heart",0.117245388988,"Cluster_1249"
"3824","M4","D10","Heart",2.38538292709,"Cluster_357"
"3825","M4","D10","Heart",0.414109912415,"Cluster_293"
"3826","M4","D10","Heart",0.184633512882,"Cluster_2213"
"3827","M4","D10","Heart",0.0222141428064,"Cluster_1638"
"3828","M4","D10","Heart",0.391418453365,"Cluster_606"
"3829","M4","D10","Heart",0.0569323859222,"Cluster_2198"
"3830","M4","D10","Heart",0.0876926343611,"Cluster_4259"
"3831","M4","D10","Heart",0.207947116655,"Cluster_524"
"3832","M4","D10","Heart",0.226104361653,"Cluster_2547"
"3833","M4","D10","Heart",1.2908596863,"Cluster_119"
"3834","M4","D10","Heart",1.05542201401,"Cluster_338"
"3835","M4","D10","Heart",0.0470356573387,"Cluster_3479"
"3836","M4","D10","Heart",0.161366217528,"Cluster_66"
"3837","M4","D10","Heart",0.120926102686,"Cluster_15"
"3838","M4","D10","Heart",0.0700460253762,"Cluster_360"
"3839","M4","D10","Heart",0.0484896094437,"Cluster_221"
"3840","M4","D10","Heart",1.17162500767,"Cluster_615"
"3841","M4","D10","Heart",0.0409388959242,"Cluster_34"
"3842","M4","D10","Heart",0.0122789521949,"Cluster_3655"
"3843","M4","D10","Heart",1.02548476744,"Cluster_151"
"3844","M4","D10","Heart",1.38203944384,"Cluster_1831"
"3845","M4","D10","Heart",0.228992815279,"Cluster_1082"
"3846","M4","D10","Heart",0.110108713137,"Cluster_1615"
"3847","M4","D10","Heart",0.301292498633,"Cluster_424"
"3848","M4","D10","Heart",0.22429552676,"Cluster_1159"
"3849","M4","D10","Heart",0.467985027639,"Cluster_503"
"3850","M4","D10","Heart",1.26430733245,"Cluster_1274"
"3851","M4","D10","Heart",0.0120158317907,"Cluster_1705"
"3852","M4","D10","Heart",0.27215859006,"Cluster_514"
"3853","M4","D10","Heart",0.760268036414,"Cluster_1537"
"3854","M4","D10","Heart",0.0618746280718,"Cluster_2315"
"3855","M4","D10","Heart",0.772023360846,"Cluster_504"
"3856","M4","D10","Heart",0.223760032665,"Cluster_27"
"3857","M4","D10","Heart",1.06960472696,"Cluster_254"
"3858","M4","D10","Heart",0.169896682788,"Cluster_763"
"3859","M4","D10","Heart",0.69680044159,"Cluster_978"
"3860","M4","D10","Heart",0.765535401262,"Cluster_88"
"3861","M4","D10","Heart",0.371864779804,"Cluster_943"
"3862","M4","D10","Heart",0.583828062302,"Cluster_26"
"3863","M4","D10","Heart",1.79627493745,"Cluster_469"
"3864","M4","D10","Heart",2.04096001656,"Cluster_21"
"3865","M4","D10","Heart",0.0671543493294,"Cluster_272"
"3866","M4","D10","Heart",1.68767819242,"Cluster_1231"
"3867","M4","D10","Heart",2.94846873812,"Cluster_647"
"3868","M4","D10","Heart",0.153821348605,"Cluster_363"
"3869","M4","D10","Heart",1.02674093871,"Cluster_1545"
"3870","M4","D10","Heart",0.724978884573,"Cluster_87"
"3871","M4","D10","Heart",1.15564709346,"Cluster_54"
"3872","M4","D10","Heart",0.086397823752,"Cluster_259"
"3873","M4","D10","Heart",1.75990917834,"Cluster_232"
"3874","M4","D10","Heart",0.201134575627,"Cluster_128"
"3875","M4","D10","Heart",0.817033571316,"Cluster_248"
"3876","M4","D10","Heart",0.674418009823,"Cluster_315"
"3877","M4","D10","Heart",0.334920922312,"Cluster_64"
"3878","M4","D10","Heart",0.309221248597,"Cluster_783"
"3879","M4","D10","Heart",0.0642300826632,"Cluster_2845"
"3880","M4","D10","Heart",0.0263257660517,"Cluster_607"
"3881","M4","D10","Heart",0.266064846795,"Cluster_161"
"3882","M4","D10","Heart",0.938601691356,"Cluster_493"
"3883","M4","D10","Heart",0.152928768246,"Cluster_265"
"3884","M4","D10","Heart",3.05448781765,"Cluster_1088"
"3885","M4","D10","Heart",0.477789287773,"Cluster_1613"
"3886","M4","D10","Heart",0.164462502164,"Cluster_321"
"3887","M4","D10","Heart",0.159782432107,"Cluster_290"
"3888","M4","D10","Heart",0.0781967803256,"Cluster_2305"
"3889","M4","D10","Heart",0.0415789853932,"Cluster_56"
"3890","M4","D10","Heart",0.461660905644,"Cluster_296"
"3891","M4","D10","Heart",1.12451892908,"Cluster_588"
"3892","M4","D10","Heart",0.0908768350734,"Cluster_1571"
"3893","M4","D10","Heart",0.0718687694362,"Cluster_893"
"3894","M4","D10","Heart",0.0455300748765,"Cluster_1004"
"3895","M4","D10","Heart",0.0612571816782,"Cluster_859"
"3896","M4","D10","Heart",1.71927226762,"Cluster_1123"
"3897","M4","D10","Lung",0.0372535703374,"Cluster_151"
"3898","M4","D10","Lung",0.00316187865758,"Cluster_103"
"3899","M4","D10","Lung",0.00422140259284,"Cluster_27"
"3900","M4","D10","Lung",0.0329837419716,"Cluster_26"
"3901","M4","D10","Lung",0.00313027734639,"Cluster_3373"
"3902","M4","D10","Lung",0,"Cluster_505"
"3903","M4","D10","Lung",0.0992999885064,"Cluster_293"
"3904","M4","D10","Lung",0.00736153364436,"Cluster_591"
"3905","M4","D10","Lung",0.0158074441988,"Cluster_1830"
"3906","M4","D10","Lung",0.0012489836682,"Cluster_302"
"3907","M4","D10","Lung",0.0227295352123,"Cluster_1678"
"3908","M4","D10","Lung",0.0129694281554,"Cluster_315"
"3909","M4","D10","Lung",0.0198906106495,"Cluster_327"
"3910","M4","D10","Lung",0.00313774752112,"Cluster_1705"
"3911","M4","D10","Lung",0.0184070742225,"Cluster_2305"
"3912","M4","D10","Lung",0.0137349752357,"Cluster_128"
"3913","M4","D10","Lung",0.0178040745338,"Cluster_240"
"3914","M4","D10","Lung",0.00958073991872,"Cluster_424"
"3915","M4","D10","Lung",0.0502849758307,"Cluster_248"
"3916","M4","D10","Lung",0.00255049003586,"Cluster_369"
"3917","M4","D10","Lung",0.00329693683369,"Cluster_740"
"3918","M4","D10","Lung",0.0135991492924,"Cluster_1909"
"3919","M4","D10","Lung",0.0564655131077,"Cluster_1419"
"3920","M4","D10","Lung",0.0184261797084,"Cluster_651"
"3921","M4","D10","Lung",0.00367404488542,"Cluster_363"
"3922","M4","D10","Lung",0.00124954632414,"Cluster_1908"
"3923","M4","D10","Lung",0.0059772072111,"Cluster_504"
"3924","M4","D10","Lung",0.0383775940123,"Cluster_1274"
"3925","M4","D10","Lung",0.00237570973379,"Cluster_2245"
"3926","M4","D10","Lung",0.00188433622985,"Cluster_39"
"3927","M4","D10","Lung",0.00991712860147,"Cluster_536"
"3928","M4","D10","Lung",0.00222492748423,"Cluster_887"
"3929","M4","D10","Lung",0.00677523454818,"Cluster_826"
"3930","M4","D10","Lung",0.00450040333892,"Cluster_652"
"3931","M4","D10","Lung",0.00613164622424,"Cluster_2441"
"3932","M4","D10","Lung",0.00473270360759,"Cluster_297"
"3933","M4","D10","Lung",0.0151059427031,"Cluster_88"
"3934","M4","D10","Lung",0.00141511416471,"Cluster_1151"
"3935","M4","D10","Lung",0.00715284420333,"Cluster_1613"
"3936","M4","D10","Lung",0.00952369051014,"Cluster_606"
"3937","M4","D10","Lung",0.00270424052574,"Cluster_3074"
"3938","M4","D10","Lung",0.0182537657823,"Cluster_232"
"3939","M4","D10","Lung",0.0529082458303,"Cluster_357"
"3940","M4","D10","Lung",0.00480863182492,"Cluster_15"
"3941","M4","D10","Lung",0.0273927442524,"Cluster_1231"
"3942","M4","D10","Lung",0.0448635566615,"Cluster_469"
"3943","M4","D10","Lung",0.0443069987522,"Cluster_493"
"3944","M4","D10","Lung",0.0856606865629,"Cluster_50"
"3945","M4","D10","Lung",0.0171418348074,"Cluster_1545"
"3946","M4","D10","Lung",0.00460868723439,"Cluster_449"
"3947","M4","D10","Lung",0.00274613130275,"Cluster_662"
"3948","M4","D10","Lung",0.018439617162,"Cluster_84"
"3949","M4","D10","Lung",0.31121034425,"Cluster_1088"
"3950","M4","D10","Lung",0.0183906132535,"Cluster_609"
"3951","M4","D10","Lung",0.00351783549404,"Cluster_3871"
"3952","M4","D10","Lung",72.2079196798,"Cluster_56"
"3953","M4","D10","Lung",0.00558372359945,"Cluster_2561"
"3954","M4","D10","Lung",0.0065105012448,"Cluster_1013"
"3955","M4","D10","Lung",0.00265583550779,"Cluster_290"
"3956","M4","D10","Lung",0.0245874091586,"Cluster_588"
"3957","M4","D10","Lung",0.0210414475715,"Cluster_161"
"3958","M4","D10","Lung",0.00547468157067,"Cluster_34"
"3959","M4","D10","Lung",0.00248622483996,"Cluster_767"
"3960","M4","D10","Lung",0.00754867856253,"Cluster_823"
"3961","M4","D10","Lung",0.00829468579646,"Cluster_763"
"3962","M4","D10","Lung",0.00440049239981,"Cluster_376"
"3963","M4","D10","Lung",0.0335433735861,"Cluster_119"
"3964","M4","D10","Lung",0.00316369800267,"Cluster_1092"
"3965","M4","D10","Lung",0.0166761764443,"Cluster_2315"
"3966","M4","D10","Lung",0.0239036185871,"Cluster_240"
"3967","M4","D10","Lung",0.00187246372435,"Cluster_61"
"3968","M4","D10","Lung",0.00489512139049,"Cluster_131"
"3969","M4","D10","Lung",0.00505125096579,"Cluster_215"
"3970","M4","D10","Lung",0.00278689708458,"Cluster_13"
"3971","M4","D10","Lung",0.00692742989595,"Cluster_87"
"3972","M4","D10","Lung",0.00252035002497,"Cluster_480"
"3973","M4","D10","Lung",0.00517370553466,"Cluster_269"
"3974","M4","D10","Lung",0.00294951974139,"Cluster_1075"
"3975","M4","D10","Lung",0.0210625186022,"Cluster_202"
"3976","M4","D10","Lung",0.00241615237834,"Cluster_19"
"3977","M4","D10","Lung",0.00331814934132,"Cluster_52"
"3978","M4","D10","Lung",0.0146194454694,"Cluster_23"
"3979","M4","D10","Lung",0.0340270633241,"Cluster_54"
"3980","M4","D10","Lung",0.00303075057948,"Cluster_853"
"3981","M4","D10","Lung",0.0254765349463,"Cluster_532"
"3982","M4","D10","Lung",0.0492634730555,"Cluster_1123"
"3983","M4","D10","Lung",0.00812056071295,"Cluster_2236"
"3984","M4","D10","Lung",0.0279755700994,"Cluster_59"
"3985","M4","D10","Lung",0.00320612855153,"Cluster_432"
"3986","M4","D10","Lung",0.00215047409538,"Cluster_608"
"3987","M4","D10","Lung",0.00624211274872,"Cluster_144"
"3988","M4","D10","Lung",0.140958654674,"Cluster_4"
"3989","M4","D10","Lung",0.0352829098033,"Cluster_21"
"3990","M4","D10","Lung",0.0312460752647,"Cluster_437"
"3991","M4","D10","Lung",0.00350819758857,"Cluster_728"
"3992","M4","D10","Lung",0.00356860837745,"Cluster_221"
"3993","M4","D10","Lung",0.00216996504772,"Cluster_525"
"3994","M4","D10","Lung",0.00358995512831,"Cluster_35"
"3995","M4","D10","Lung",0.0263468921836,"Cluster_1868"
"3996","M4","D10","Lung",0.00704825716157,"Cluster_2031"
"3997","M4","D10","Lung",0.0294991571832,"Cluster_1537"
"3998","M4","D10","Lung",0.00498668610383,"Cluster_99"
"3999","M4","D10","Lung",0.000989115251879,"Cluster_378"
"4000","M4","D10","Lung",0.00692356126421,"Cluster_1370"
"4001","M4","D10","Lung",0.0184894407471,"Cluster_1571"
"4002","M4","D10","Lung",0.00576319078066,"Cluster_712"
"4003","M4","D10","Lung",0.00712343198568,"Cluster_731"
"4004","M4","D10","Lung",0.00129179532896,"Cluster_3205"
"4005","M4","D10","Lung",0.0412956857152,"Cluster_503"
"4006","M4","D10","Lung",0.134400012061,"Cluster_888"
"4007","M4","D10","Lung",0.00281799590304,"Cluster_64"
"4008","M4","D10","Lung",0.00305602789874,"Cluster_2863"
"4009","M4","D10","Lung",0.0385326376975,"Cluster_338"
"4010","M4","D10","Lung",0.00262851469703,"Cluster_593"
"4011","M4","D10","Lung",0.0423172667527,"Cluster_615"
"4012","M4","D10","Lung",0.00542933405766,"Cluster_893"
"4013","M4","D10","Lung",0.00917343255752,"Cluster_254"
"4014","M4","D10","Lung",0.00485538613243,"Cluster_1200"
"4015","M4","D10","Lung",0.00879831586316,"Cluster_524"
"4016","M4","D10","Lung",0.00368752230332,"Cluster_1592"
"4017","M4","D10","Lung",0.00341171084785,"Cluster_574"
"4018","M4","D10","Lung",25.5075587573,"Cluster_294"
"4019","M4","D10","Lung",0.0066829968474,"Cluster_18"
"4020","M4","D10","Lung",0.00437435196215,"Cluster_978"
"4021","M4","D10","Sub",0.0224913381126,"Cluster_1613"
"4022","M4","D10","Sub",0.00756949636116,"Cluster_591"
"4023","M4","D10","Sub",0.014973975104,"Cluster_978"
"4024","M4","D10","Sub",0.00808735653498,"Cluster_536"
"4025","M4","D10","Sub",0.0129287664431,"Cluster_338"
"4026","M4","D10","Sub",0.00152646615982,"Cluster_206"
"4027","M4","D10","Sub",0.0293439675841,"Cluster_606"
"4028","M4","D10","Sub",0.00623753668934,"Cluster_56"
"4029","M4","D10","Sub",0.078069011527,"Cluster_469"
"4030","M4","D10","Sub",0.0135960231753,"Cluster_541"
"4031","M4","D10","Sub",0.00446744921051,"Cluster_405"
"4032","M4","D10","Sub",0.0137237795335,"Cluster_87"
"4033","M4","D10","Sub",0.00271329305838,"Cluster_987"
"4034","M4","D10","Sub",0.00351980846889,"Cluster_3289"
"4035","M4","D10","Sub",0.00355202639538,"Cluster_607"
"4036","M4","D10","Sub",0.00423910542778,"Cluster_1010"
"4037","M4","D10","Sub",0.00320844079664,"Cluster_801"
"4038","M4","D10","Sub",0.00640795006525,"Cluster_1013"
"4039","M4","D10","Sub",0,"Cluster_3144"
"4040","M4","D10","Sub",0.00546409789996,"Cluster_669"
"4041","M4","D10","Sub",0.0053264358246,"Cluster_763"
"4042","M4","D10","Sub",0.00240781106739,"Cluster_98"
"4043","M4","D10","Sub",0.00190264800705,"Cluster_594"
"4044","M4","D10","Sub",0.0353602303661,"Cluster_1231"
"4045","M4","D10","Sub",0.00621120487314,"Cluster_524"
"4046","M4","D10","Sub",0.0424216260446,"Cluster_588"
"4047","M4","D10","Sub",0.00175064158058,"Cluster_1614"
"4048","M4","D10","Sub",0.0569549840109,"Cluster_59"
"4049","M4","D10","Sub",0.0184789944617,"Cluster_380"
"4050","M4","D10","Sub",0.0402927545113,"Cluster_1830"
"4051","M4","D10","Sub",0.0514800212271,"Cluster_1088"
"4052","M4","D10","Sub",0.00286537171839,"Cluster_853"
"4053","M4","D10","Sub",0.0409186945452,"Cluster_254"
"4054","M4","D10","Sub",0.0317284000748,"Cluster_240"
"4055","M4","D10","Sub",0.00642776654022,"Cluster_505"
"4056","M4","D10","Sub",0.00482675176448,"Cluster_290"
"4057","M4","D10","Sub",0.0095672646302,"Cluster_1909"
"4058","M4","D10","Sub",0.00365518571769,"Cluster_301"
"4059","M4","D10","Sub",0.042127786574,"Cluster_615"
"4060","M4","D10","Sub",0.0114434140015,"Cluster_449"
"4061","M4","D10","Sub",0.0199403435135,"Cluster_1557"
"4062","M4","D10","Sub",0.00406014112306,"Cluster_272"
"4063","M4","D10","Sub",0.00183624077458,"Cluster_85"
"4064","M4","D10","Sub",0.0340007304883,"Cluster_424"
"4065","M4","D10","Sub",0.00722684079251,"Cluster_2305"
"4066","M4","D10","Sub",0.0158599107501,"Cluster_84"
"4067","M4","D10","Sub",0.018287651442,"Cluster_54"
"4068","M4","D10","Sub",0.00347349519956,"Cluster_274"
"4069","M4","D10","Sub",0.00296983839563,"Cluster_2726"
"4070","M4","D10","Sub",0.00286249483916,"Cluster_410"
"4071","M4","D10","Sub",0.100638297331,"Cluster_1274"
"4072","M4","D10","Sub",0.00299216800762,"Cluster_3305"
"4073","M4","D10","Sub",0.011087396677,"Cluster_3891"
"4074","M4","D10","Sub",0.00319602786789,"Cluster_1705"
"4075","M4","D10","Sub",0.0683608356048,"Cluster_1537"
"4076","M4","D10","Sub",0.00216691791733,"Cluster_648"
"4077","M4","D10","Sub",0.00288192260196,"Cluster_1201"
"4078","M4","D10","Sub",0.109358111756,"Cluster_50"
"4079","M4","D10","Sub",0.00174007432758,"Cluster_3335"
"4080","M4","D10","Sub",0.0638852286119,"Cluster_119"
"4081","M4","D10","Sub",0.0191802063051,"Cluster_532"
"4082","M4","D10","Sub",0.00970676592196,"Cluster_34"
"4083","M4","D10","Sub",0.0232885957599,"Cluster_1545"
"4084","M4","D10","Sub",0.0326794859615,"Cluster_504"
"4085","M4","D10","Sub",0.062862681764,"Cluster_1831"
"4086","M4","D10","Sub",0.0520318982157,"Cluster_21"
"4087","M4","D10","Sub",0.00407397940476,"Cluster_662"
"4088","M4","D10","Sub",0.0349284718125,"Cluster_4"
"4089","M4","D10","Sub",0.00827954946659,"Cluster_2315"
"4090","M4","D10","Sub",0.00484801405248,"Cluster_1592"
"4091","M4","D10","Sub",0.00359980411591,"Cluster_1369"
"4092","M4","D10","Sub",0.0305445037543,"Cluster_248"
"4093","M4","D10","Sub",0.00634628553803,"Cluster_480"
"4094","M4","D10","Sub",0.00535407485409,"Cluster_411"
"4095","M4","D10","Sub",0.00272859101895,"Cluster_39"
"4096","M4","D10","Sub",0.0342212571092,"Cluster_205"
"4097","M4","D10","Sub",0.00389886476554,"Cluster_433"
"4098","M4","D10","Sub",0.00416819423947,"Cluster_390"
"4099","M4","D10","Sub",0.00855842163524,"Cluster_221"
"4100","M4","D10","Sub",0.00493168115066,"Cluster_634"
"4101","M4","D10","Sub",0.0215029034219,"Cluster_1571"
"4102","M4","D10","Sub",0.00278948383719,"Cluster_3701"
"4103","M4","D10","Sub",0.022591612778,"Cluster_609"
"4104","M4","D10","Sub",0.0057862534055,"Cluster_164"
"4105","M4","D10","Sub",0.126236823105,"Cluster_888"
"4106","M4","D10","Sub",97.6078729662,"Cluster_294"
"4107","M4","D10","Sub",0.00248457068392,"Cluster_3088"
"4108","M4","D10","Sub",0.000527971270333,"Cluster_383"
"4109","M4","D10","Sub",0.00388127967961,"Cluster_1297"
"4110","M4","D10","Sub",0.0653945953856,"Cluster_1123"
"4111","M4","D10","Sub",0.00376602525703,"Cluster_844"
"4112","M4","D10","Sub",0.0043825284221,"Cluster_103"
"4113","M4","D10","Sub",0.00250091654368,"Cluster_712"
"4114","M4","D10","Sub",0.0376423961256,"Cluster_88"
"4115","M4","D10","Sub",0.00589768378958,"Cluster_675"
"4116","M4","D10","Sub",0.00278768830736,"Cluster_1313"
"4117","M4","D10","Sub",0.0332032698236,"Cluster_647"
"4118","M4","D10","Sub",0.00440536537667,"Cluster_509"
"4119","M4","D10","Sub",0.00349300198055,"Cluster_316"
"4120","M4","D10","Sub",0.00380286998911,"Cluster_2441"
"4121","M4","D10","Sub",0.00289368869317,"Cluster_377"
"4122","M4","D10","Sub",0.00640932565381,"Cluster_1778"
"4123","M4","D10","Sub",0.0152833788781,"Cluster_86"
"4124","M4","D10","Sub",0.00515249071048,"Cluster_359"
"4125","M4","D10","Sub",0.00263125747104,"Cluster_730"
"4126","M4","D10","Sub",0.00932613344315,"Cluster_66"
"4127","M4","D10","Sub",0.00631754043272,"Cluster_514"
"4128","M4","D10","Sub",0.0174022109498,"Cluster_826"
"4129","M4","D10","Sub",0,"Cluster_529"
"4130","M4","D10","Sub",0.0393083126429,"Cluster_232"
"4131","M4","D10","Sub",0.00277473952292,"Cluster_22"
"4132","M4","D10","Sub",0.0245804368865,"Cluster_503"
"4133","M4","D10","Sub",0.00279311361446,"Cluster_825"
"4134","M4","D10","Sub",0.0210434263461,"Cluster_128"
"4135","M4","D10","Sub",0.0713990416356,"Cluster_437"
"4136","M4","D10","Sub",0.019736727069,"Cluster_493"
"4137","M4","D10","Sub",0.0400770930242,"Cluster_1989"
"4138","M4","D10","Sub",0.00743221095931,"Cluster_107"
"4139","M4","D10","Sub",0.0174287700214,"Cluster_1678"
"4140","M4","D10","Sub",0.00239496098522,"Cluster_673"
"4141","M4","D10","Sub",0.0155442605388,"Cluster_327"
"4142","M4","D10","Sub",0,"Cluster_3087"
"4143","M4","D10","Sub",0.0032517435855,"Cluster_940"
"4144","M4","D10","Sub",0.00392345622908,"Cluster_3089"
"4145","M4","D10","Sub",0.00471546859763,"Cluster_71"
"4146","M4","D10","Sub",0.0281726319703,"Cluster_293"
"4147","M4","D10","Sub",0.00221843350035,"Cluster_353"
"4148","M4","D10","Sub",0.00248900741729,"Cluster_549"
"4149","M4","D10","Sub",0.00311589602164,"Cluster_525"
"4150","M4","D10","Sub",0.00375928910839,"Cluster_558"
"4151","M4","D10","Sub",0.0317417597395,"Cluster_315"
"4152","M4","D10","Sub",0.0725097158657,"Cluster_357"
"4153","M4","D10","Sub",0.0152657756445,"Cluster_696"
"4154","M4","D10","Sub",0.0364774039987,"Cluster_151"
"4155","M4","D10","Sub",0.00301950124505,"Cluster_301"
"4156","M4","D10","Sub",0.006467461894,"Cluster_1277"
"4157","M4","D10","Sub",0.000669259356761,"Cluster_3090"
"4158","M4","D10","blood",0.0152576983884,"Cluster_4"
"4159","M4","D10","blood",0.00108945626204,"Cluster_1678"
"4160","M4","D10","blood",0.013328021,"Cluster_119"
"4161","M4","D10","blood",0.00428529606981,"Cluster_232"
"4162","M4","D10","blood",0.00410930787535,"Cluster_2245"
"4163","M4","D10","blood",0.00283599083211,"Cluster_27"
"4164","M4","D10","blood",0.00491650032455,"Cluster_13"
"4165","M4","D10","blood",0.0014405032798,"Cluster_606"
"4166","M4","D10","blood",0.00341657829184,"Cluster_978"
"4167","M4","D10","blood",0.0034476969833,"Cluster_338"
"4168","M4","D10","blood",0.0069523935758,"Cluster_1231"
"4169","M4","D10","blood",0.0488491134069,"Cluster_1831"
"4170","M4","D10","blood",0.00245192047626,"Cluster_1024"
"4171","M4","D10","blood",0.00415529792251,"Cluster_437"
"4172","M4","D10","blood",0.00205786182829,"Cluster_88"
"4173","M4","D10","blood",0.0079398587558,"Cluster_592"
"4174","M4","D10","blood",0.00777004992616,"Cluster_240"
"4175","M4","D10","blood",0.0028197085477,"Cluster_1095"
"4176","M4","D10","blood",98.8628875642,"Cluster_294"
"4177","M4","D10","blood",0.00390702540513,"Cluster_1274"
"4178","M4","D10","blood",0.00531748281021,"Cluster_128"
"4179","M4","D10","blood",0.00253473173273,"Cluster_1868"
"4180","M4","D10","blood",0.0294346194656,"Cluster_469"
"4181","M4","D10","blood",0.0211399760013,"Cluster_84"
"4182","M4","D10","blood",0.0033121060813,"Cluster_763"
"4183","M4","D10","blood",0.0199776371815,"Cluster_380"
"4184","M4","D10","blood",0.00468137027556,"Cluster_206"
"4185","M4","D10","blood",0.0079720160143,"Cluster_853"
"4186","M4","D10","blood",0.00662826171315,"Cluster_315"
"4187","M4","D10","blood",0.0230751769502,"Cluster_151"
"4188","M4","D10","blood",0.00924096443647,"Cluster_87"
"4189","M4","D10","blood",0.0091659870374,"Cluster_50"
"4190","M4","D10","blood",0.00624218087915,"Cluster_248"
"4191","M4","D10","blood",0.744024980743,"Cluster_888"
"4192","M4","D10","blood",0.00942874874053,"Cluster_1123"
"4193","M4","D10","blood",0.00188393222537,"Cluster_615"
"4194","M4","D10","blood",0.00418966716634,"Cluster_403"
"4195","M4","D10","blood",0.00520592561079,"Cluster_357"
"4196","M4","D10","blood",0.00142808514808,"Cluster_138"
"4197","M4","D10","blood",0.00437104838781,"Cluster_293"
"4198","M4","D10","blood",0.00720706631462,"Cluster_59"
"4199","M4","D10","blood",0.0066101495622,"Cluster_1963"
"4200","M4","D10","blood",0.014386970061,"Cluster_54"
"4201","M4","D10","blood",0.0412153408998,"Cluster_26"
"4202","M4","D10","blood",0.0032546936029,"Cluster_523"
"4203","M4","D10","blood",0.00415303756099,"Cluster_2441"
"4204","M4","D6","blood",0.00352658392718,"Cluster_294"
"4205","M4","D6","blood",15.620895304,"Cluster_56"
"4206","M4","D6","blood",0.00144662670504,"Cluster_254"
"4207","M4","D6","blood",0.00122603377431,"Cluster_403"
"4208","M4","D6","blood",84.3685812869,"Cluster_1830"
"4209","M4","D6","blood",0.0043241646718,"Cluster_4"
"4210","M6","D10","Brain",5.7977752652,"Cluster_3815"
"4211","M6","D10","Brain",16.1265140115,"Cluster_1830"
"4212","M6","D10","Brain",78.0757107233,"Cluster_240"
"4213","M6","D10","Ear",1.81896842039,"Cluster_232"
"4214","M6","D10","Ear",3.54258848352,"Cluster_1274"
"4215","M6","D10","Ear",0.0262577065751,"Cluster_432"
"4216","M6","D10","Ear",0.335241914201,"Cluster_54"
"4217","M6","D10","Ear",0.0613617930359,"Cluster_1191"
"4218","M6","D10","Ear",0.279590707013,"Cluster_532"
"4219","M6","D10","Ear",0.0713611445141,"Cluster_15"
"4220","M6","D10","Ear",0.0506313775625,"Cluster_13"
"4221","M6","D10","Ear",0.448560259103,"Cluster_2612"
"4222","M6","D10","Ear",0.1188679859,"Cluster_943"
"4223","M6","D10","Ear",0.219824537183,"Cluster_493"
"4224","M6","D10","Ear",1.03605713051,"Cluster_469"
"4225","M6","D10","Ear",0.0788135006657,"Cluster_19"
"4226","M6","D10","Ear",0.081646670968,"Cluster_2153"
"4227","M6","D10","Ear",0.1032614898,"Cluster_987"
"4228","M6","D10","Ear",0.0466951208372,"Cluster_2221"
"4229","M6","D10","Ear",3.46376105016,"Cluster_357"
"4230","M6","D10","Ear",0.137657560842,"Cluster_221"
"4231","M6","D10","Ear",0.463238027316,"Cluster_64"
"4232","M6","D10","Ear",1.90153173454,"Cluster_1831"
"4233","M6","D10","Ear",0.0512997785864,"Cluster_3948"
"4234","M6","D10","Ear",2.43141592093,"Cluster_978"
"4235","M6","D10","Ear",0.442189640773,"Cluster_841"
"4236","M6","D10","Ear",1.72218073515,"Cluster_1088"
"4237","M6","D10","Ear",0.280667481628,"Cluster_2479"
"4238","M6","D10","Ear",0.0467119935096,"Cluster_1010"
"4239","M6","D10","Ear",0.886821806592,"Cluster_119"
"4240","M6","D10","Ear",0.041546119668,"Cluster_925"
"4241","M6","D10","Ear",0.0450650506985,"Cluster_1208"
"4242","M6","D10","Ear",0.851091602218,"Cluster_128"
"4243","M6","D10","Ear",0.948625413861,"Cluster_84"
"4244","M6","D10","Ear",0.129599440639,"Cluster_1778"
"4245","M6","D10","Ear",1.39216852031,"Cluster_503"
"4246","M6","D10","Ear",0.306591617905,"Cluster_647"
"4247","M6","D10","Ear",0.142779441557,"Cluster_78"
"4248","M6","D10","Ear",6.58732205815,"Cluster_1123"
"4249","M6","D10","Ear",0.498196301543,"Cluster_1229"
"4250","M6","D10","Ear",0.0435270848612,"Cluster_710"
"4251","M6","D10","Ear",0.0794319152306,"Cluster_480"
"4252","M6","D10","Ear",0.0576199113083,"Cluster_740"
"4253","M6","D10","Ear",0.0387281430148,"Cluster_662"
"4254","M6","D10","Ear",0.192691095844,"Cluster_2441"
"4255","M6","D10","Ear",0.432354368843,"Cluster_1705"
"4256","M6","D10","Ear",0.304489008384,"Cluster_1691"
"4257","M6","D10","Ear",0.0999934186886,"Cluster_107"
"4258","M6","D10","Ear",1.4525430448,"Cluster_1678"
"4259","M6","D10","Ear",0.0322880594002,"Cluster_755"
"4260","M6","D10","Ear",1.45369027749,"Cluster_88"
"4261","M6","D10","Ear",0.0750496760802,"Cluster_1692"
"4262","M6","D10","Ear",0.0566066522333,"Cluster_1745"
"4263","M6","D10","Ear",0.220624921893,"Cluster_376"
"4264","M6","D10","Ear",0.395582408161,"Cluster_240"
"4265","M6","D10","Ear",1.94719353081,"Cluster_327"
"4266","M6","D10","Ear",0.0598687839183,"Cluster_1989"
"4267","M6","D10","Ear",0.105708634663,"Cluster_942"
"4268","M6","D10","Ear",0.132671841172,"Cluster_541"
"4269","M6","D10","Ear",0.055556634835,"Cluster_9"
"4270","M6","D10","Ear",0.222586620154,"Cluster_109"
"4271","M6","D10","Ear",1.55546822121,"Cluster_86"
"4272","M6","D10","Ear",0.216338494839,"Cluster_524"
"4273","M6","D10","Ear",0.301036262718,"Cluster_888"
"4274","M6","D10","Ear",0.0684871724351,"Cluster_23"
"4275","M6","D10","Ear",0.225667853931,"Cluster_87"
"4276","M6","D10","Ear",0,"Cluster_201"
"4277","M6","D10","Ear",0.0431906842537,"Cluster_1830"
"4278","M6","D10","Ear",0.640442078855,"Cluster_903"
"4279","M6","D10","Ear",1.17869704464,"Cluster_1537"
"4280","M6","D10","Ear",0,"Cluster_56"
"4281","M6","D10","Ear",0.041772676849,"Cluster_103"
"4282","M6","D10","Ear",1.14318706592,"Cluster_248"
"4283","M6","D10","Ear",0.769054439326,"Cluster_1454"
"4284","M6","D10","Ear",0.606668831955,"Cluster_2315"
"4285","M6","D10","Ear",0.970058121921,"Cluster_338"
"4286","M6","D10","Ear",0.201648533012,"Cluster_34"
"4287","M6","D10","Ear",1.4149364311,"Cluster_1909"
"4288","M6","D10","Ear",1.76566980673,"Cluster_59"
"4289","M6","D10","Ear",0.101252361882,"Cluster_705"
"4290","M6","D10","Ear",0.0281809567006,"Cluster_656"
"4291","M6","D10","Ear",0.0951540160138,"Cluster_1614"
"4292","M6","D10","Ear",0.681918603751,"Cluster_595"
"4293","M6","D10","Ear",0.13399038678,"Cluster_504"
"4294","M6","D10","Ear",0.110306898132,"Cluster_3"
"4295","M6","D10","Ear",0.0843596358977,"Cluster_928"
"4296","M6","D10","Ear",0.0397497009948,"Cluster_1673"
"4297","M6","D10","Ear",1.07719101178,"Cluster_588"
"4298","M6","D10","Ear",0.156196340771,"Cluster_315"
"4299","M6","D10","Ear",1.93187458872,"Cluster_437"
"4300","M6","D10","Ear",0.172507363554,"Cluster_763"
"4301","M6","D10","Ear",0.62009440155,"Cluster_609"
"4302","M6","D10","Ear",0.689685461402,"Cluster_293"
"4303","M6","D10","Ear",0.849946506517,"Cluster_893"
"4304","M6","D10","Ear",0.182303213166,"Cluster_1189"
"4305","M6","D10","Ear",0.78336743438,"Cluster_591"
"4306","M6","D10","Ear",0.405393372244,"Cluster_1013"
"4307","M6","D10","Ear",4.21358900292,"Cluster_1613"
"4308","M6","D10","Ear",0.0644777033609,"Cluster_2360"
"4309","M6","D10","Ear",0.618977424537,"Cluster_290"
"4310","M6","D10","Ear",3.53741354464,"Cluster_4"
"4311","M6","D10","Ear",0.211331501671,"Cluster_1862"
"4312","M6","D10","Ear",0.161122048268,"Cluster_559"
"4313","M6","D10","Ear",2.25581030411,"Cluster_151"
"4314","M6","D10","Ear",0.297364818247,"Cluster_664"
"4315","M6","D10","Ear",2.40052029245,"Cluster_467"
"4316","M6","D10","Ear",0.0607528603769,"Cluster_2253"
"4317","M6","D10","Ear",0.10232668601,"Cluster_406"
"4318","M6","D10","Ear",0.236768208861,"Cluster_161"
"4319","M6","D10","Ear",0.064009479828,"Cluster_98"
"4320","M6","D10","Ear",1.39406573199,"Cluster_26"
"4321","M6","D10","Ear",12.890659239,"Cluster_294"
"4322","M6","D10","Ear",1.21197267136,"Cluster_264"
"4323","M6","D10","Ear",0.27058751137,"Cluster_254"
"4324","M6","D10","Ear",0.516982234687,"Cluster_21"
"4325","M6","D10","Ear",0.200388686347,"Cluster_466"
"4326","M6","D10","Ear",1.16895419642,"Cluster_1571"
"4327","M6","D10","Ear",0.854876980212,"Cluster_39"
"4328","M6","D10","Ear",2.75293205556,"Cluster_50"
"4329","M6","D10","Ear",0.566799992675,"Cluster_2305"
"4330","M6","D10","Ear",0.122866136368,"Cluster_265"
"4331","M6","D10","Ear",0.0700714852759,"Cluster_443"
"4332","M6","D10","Ear",1.38912280026,"Cluster_315"
"4333","M6","D10","Ear",0.323334961449,"Cluster_853"
"4334","M6","D10","Ear",0.183269438003,"Cluster_3984"
"4335","M6","D10","Ear",0.398100581421,"Cluster_323"
"4336","M6","D10","Ear",1.74033862606,"Cluster_1231"
"4337","M6","D10","Ear",0.0559633948216,"Cluster_606"
"4338","M6","D10","Ear",1.82945785735,"Cluster_1545"
"4339","M6","D10","Gon",0.00785729804542,"Cluster_3404"
"4340","M6","D10","Gon",0.0296749284553,"Cluster_2266"
"4341","M6","D10","Gon",0.109201702081,"Cluster_609"
"4342","M6","D10","Gon",0.0170116141892,"Cluster_588"
"4343","M6","D10","Gon",0.00795079995491,"Cluster_1372"
"4344","M6","D10","Gon",0.105566589251,"Cluster_29"
"4345","M6","D10","Gon",0.0914960502509,"Cluster_623"
"4346","M6","D10","Gon",0.0687151315324,"Cluster_1277"
"4347","M6","D10","Gon",0.204307760414,"Cluster_1909"
"4348","M6","D10","Gon",0.0521093428646,"Cluster_453"
"4349","M6","D10","Gon",0.105751557545,"Cluster_107"
"4350","M6","D10","Gon",0.247783657553,"Cluster_1678"
"4351","M6","D10","Gon",0.133178397832,"Cluster_978"
"4352","M6","D10","Gon",0.187530701293,"Cluster_86"
"4353","M6","D10","Gon",0,"Cluster_201"
"4354","M6","D10","Gon",0.0240014720701,"Cluster_2425"
"4355","M6","D10","Gon",0.0156237960782,"Cluster_3401"
"4356","M6","D10","Gon",1.7594007528,"Cluster_50"
"4357","M6","D10","Gon",0.0300222454566,"Cluster_270"
"4358","M6","D10","Gon",0.0232892929097,"Cluster_472"
"4359","M6","D10","Gon",0.973351117458,"Cluster_1613"
"4360","M6","D10","Gon",0.0415839457959,"Cluster_98"
"4361","M6","D10","Gon",0.232311420177,"Cluster_232"
"4362","M6","D10","Gon",0.0191512863709,"Cluster_617"
"4363","M6","D10","Gon",0.0468293371349,"Cluster_741"
"4364","M6","D10","Gon",0.0723813044959,"Cluster_78"
"4365","M6","D10","Gon",0.428905372349,"Cluster_893"
"4366","M6","D10","Gon",36.4525397084,"Cluster_1123"
"4367","M6","D10","Gon",0.0366812930956,"Cluster_792"
"4368","M6","D10","Gon",0.0428070030252,"Cluster_575"
"4369","M6","D10","Gon",0.246062796644,"Cluster_54"
"4370","M6","D10","Gon",0.00489222891717,"Cluster_1643"
"4371","M6","D10","Gon",0.178128245424,"Cluster_315"
"4372","M6","D10","Gon",0.101089230812,"Cluster_59"
"4373","M6","D10","Gon",0.0966331692782,"Cluster_1289"
"4374","M6","D10","Gon",0,"Cluster_1975"
"4375","M6","D10","Gon",0.037580153112,"Cluster_1179"
"4376","M6","D10","Gon",0.315457479614,"Cluster_327"
"4377","M6","D10","Gon",0.00170892927928,"Cluster_3051"
"4378","M6","D10","Gon",0.0117362355731,"Cluster_622"
"4379","M6","D10","Gon",0.0046412746717,"Cluster_625"
"4380","M6","D10","Gon",0.0366582847905,"Cluster_1830"
"4381","M6","D10","Gon",0.0529792594932,"Cluster_1052"
"4382","M6","D10","Gon",1.16365088697,"Cluster_357"
"4383","M6","D10","Gon",0,"Cluster_56"
"4384","M6","D10","Gon",0.0361076229776,"Cluster_1152"
"4385","M6","D10","Gon",0.0263488159623,"Cluster_712"
"4386","M6","D10","Gon",0.124256397208,"Cluster_279"
"4387","M6","D10","Gon",0.462129208245,"Cluster_1545"
"4388","M6","D10","Gon",0.103801147139,"Cluster_588"
"4389","M6","D10","Gon",0.018618396639,"Cluster_536"
"4390","M6","D10","Gon",0.133996243978,"Cluster_2315"
"4391","M6","D10","Gon",0.518251429094,"Cluster_293"
"4392","M6","D10","Gon",0.303582068878,"Cluster_358"
"4393","M6","D10","Gon",0.0339749684801,"Cluster_740"
"4394","M6","D10","Gon",0.137717878393,"Cluster_1989"
"4395","M6","D10","Gon",0.0691125179128,"Cluster_277"
"4396","M6","D10","Gon",0.611459710013,"Cluster_202"
"4397","M6","D10","Gon",0.00689418048722,"Cluster_1868"
"4398","M6","D10","Gon",0.0078084728851,"Cluster_909"
"4399","M6","D10","Gon",0.0350087065034,"Cluster_853"
"4400","M6","D10","Gon",0.656893690212,"Cluster_151"
"4401","M6","D10","Gon",0.0542623270675,"Cluster_402"
"4402","M6","D10","Gon",0.0347857211117,"Cluster_595"
"4403","M6","D10","Gon",0.123598370897,"Cluster_532"
"4404","M6","D10","Gon",0.0454512926245,"Cluster_1537"
"4405","M6","D10","Gon",0.116116461547,"Cluster_480"
"4406","M6","D10","Gon",0.0995250115448,"Cluster_524"
"4407","M6","D10","Gon",0.0180636144634,"Cluster_589"
"4408","M6","D10","Gon",0.00985777461647,"Cluster_2561"
"4409","M6","D10","Gon",0.416796786208,"Cluster_21"
"4410","M6","D10","Gon",0.0304121394627,"Cluster_3609"
"4411","M6","D10","Gon",0.181480553566,"Cluster_88"
"4412","M6","D10","Gon",1.13774356472,"Cluster_647"
"4413","M6","D10","Gon",0.482694253948,"Cluster_119"
"4414","M6","D10","Gon",0.00928264714916,"Cluster_859"
"4415","M6","D10","Gon",0.0755484729522,"Cluster_221"
"4416","M6","D10","Gon",0.00980434494375,"Cluster_1008"
"4417","M6","D10","Gon",0.017569497314,"Cluster_489"
"4418","M6","D10","Gon",35.4667401404,"Cluster_294"
"4419","M6","D10","Gon",0.0274922763029,"Cluster_1592"
"4420","M6","D10","Gon",0.019104550962,"Cluster_1111"
"4421","M6","D10","Gon",0.026075545109,"Cluster_1526"
"4422","M6","D10","Gon",0.0216170511876,"Cluster_109"
"4423","M6","D10","Gon",0.00726403103777,"Cluster_144"
"4424","M6","D10","Gon",0.0829261244651,"Cluster_103"
"4425","M6","D10","Gon",0.531165600967,"Cluster_248"
"4426","M6","D10","Gon",0.0989589006432,"Cluster_791"
"4427","M6","D10","Gon",0.0104571393104,"Cluster_8"
"4428","M6","D10","Gon",0.273246766407,"Cluster_84"
"4429","M6","D10","Gon",0.0529434626963,"Cluster_2612"
"4430","M6","D10","Gon",0.160676077094,"Cluster_606"
"4431","M6","D10","Gon",0.430100150544,"Cluster_4"
"4432","M6","D10","Gon",0.438860703354,"Cluster_840"
"4433","M6","D10","Gon",0.0282093340161,"Cluster_272"
"4434","M6","D10","Gon",0,"Cluster_1778"
"4435","M6","D10","Gon",0.357206399927,"Cluster_1325"
"4436","M6","D10","Gon",0.0785042715026,"Cluster_1337"
"4437","M6","D10","Gon",0.00980434494375,"Cluster_1009"
"4438","M6","D10","Gon",0.0198281066047,"Cluster_2543"
"4439","M6","D10","Gon",0.0258356448175,"Cluster_1723"
"4440","M6","D10","Gon",0.0362933674504,"Cluster_632"
"4441","M6","D10","Gon",0.0368056663101,"Cluster_856"
"4442","M6","D10","Gon",1.19154813948,"Cluster_1831"
"4443","M6","D10","Gon",0.328002381798,"Cluster_503"
"4444","M6","D10","Gon",0.0281364011356,"Cluster_2758"
"4445","M6","D10","Gon",0.0468807045497,"Cluster_509"
"4446","M6","D10","Gon",0.026284192154,"Cluster_301"
"4447","M6","D10","Gon",0.437638971394,"Cluster_1685"
"4448","M6","D10","Gon",0.7028465364,"Cluster_128"
"4449","M6","D10","Gon",0.0321409766787,"Cluster_31"
"4450","M6","D10","Gon",0.0424176255432,"Cluster_2593"
"4451","M6","D10","Gon",0.42163076125,"Cluster_467"
"4452","M6","D10","Gon",0.0157472084987,"Cluster_662"
"4453","M6","D10","Gon",0.0195280231777,"Cluster_2013"
"4454","M6","D10","Gon",0.0588052042069,"Cluster_2314"
"4455","M6","D10","Gon",0.0372923642013,"Cluster_161"
"4456","M6","D10","Gon",0.0150539992651,"Cluster_3531"
"4457","M6","D10","Gon",0.0231021921088,"Cluster_1587"
"4458","M6","D10","Gon",0.0155939796735,"Cluster_407"
"4459","M6","D10","Gon",0.013418830531,"Cluster_998"
"4460","M6","D10","Gon",0.0638905657262,"Cluster_1386"
"4461","M6","D10","Gon",0.0406329615885,"Cluster_206"
"4462","M6","D10","Gon",0.518807819115,"Cluster_591"
"4463","M6","D10","Gon",0.0930526000188,"Cluster_504"
"4464","M6","D10","Gon",1.88579609362,"Cluster_1419"
"4465","M6","D10","Gon",0.303946496578,"Cluster_87"
"4466","M6","D10","Gon",0.0877528625868,"Cluster_39"
"4467","M6","D10","Gon",0.0150847323231,"Cluster_3149"
"4468","M6","D10","Gon",0.77737280991,"Cluster_469"
"4469","M6","D10","Gon",0.181457218019,"Cluster_437"
"4470","M6","D10","Gon",0.0105751040653,"Cluster_835"
"4471","M6","D10","Gon",0.0612418110813,"Cluster_2406"
"4472","M6","D10","Gon",0.019665314268,"Cluster_1610"
"4473","M6","D10","Gon",0.385945544478,"Cluster_888"
"4474","M6","D10","Gon",0.0220721580658,"Cluster_1190"
"4475","M6","D10","Gon",0.145238686994,"Cluster_254"
"4476","M6","D10","Gon",0.0407842545306,"Cluster_3166"
"4477","M6","D10","Gon",0.016849156755,"Cluster_594"
"4478","M6","D10","Gon",0.00570837768791,"Cluster_3388"
"4479","M6","D10","Gon",0.0440359075401,"Cluster_1064"
"4480","M6","D10","Gon",0.0802329422058,"Cluster_1571"
"4481","M6","D10","Gon",0.730282851366,"Cluster_1088"
"4482","M6","D10","Gon",0.0133880020611,"Cluster_2305"
"4483","M6","D10","Gon",0.0227452897673,"Cluster_9"
"4484","M6","D10","Gon",0.58178386283,"Cluster_26"
"4485","M6","D10","Gon",0.0102119866888,"Cluster_1637"
"4486","M6","D10","Gon",0.130233357515,"Cluster_15"
"4487","M6","D10","Gon",0.0286255141304,"Cluster_943"
"4488","M6","D10","Gon",0.00654435868264,"Cluster_303"
"4489","M6","D10","Gon",0.0050522550967,"Cluster_4215"
"4490","M6","D10","Gon",0.0632446640796,"Cluster_650"
"4491","M6","D10","Gon",0.0336427535665,"Cluster_115"
"4492","M6","D10","Gon",0.0401966864162,"Cluster_409"
"4493","M6","D10","Gon",0.618911791498,"Cluster_1231"
"4494","M6","D10","Gon",0.980263061864,"Cluster_1274"
"4495","M6","D10","Gon",0.015628865534,"Cluster_2426"
"4496","M6","D10","Gon",0.0489569858307,"Cluster_695"
"4497","M6","D10","Gon",0.0232799012789,"Cluster_215"
"4498","M6","D10","Gon",0.0088060120509,"Cluster_693"
"4499","M6","D10","Gon",0.174686891968,"Cluster_763"
"4500","M6","D10","Heart",2.09921590796,"Cluster_248"
"4501","M6","D10","Heart",5.03028101577,"Cluster_1830"
"4502","M6","D10","Heart",2.08751109384,"Cluster_471"
"4503","M6","D10","Heart",4.10232380608,"Cluster_1543"
"4504","M6","D10","Heart",65.8616037253,"Cluster_294"
"4505","M6","D10","Heart",2.25930936709,"Cluster_694"
"4506","M6","D10","Heart",10.6805579063,"Cluster_128"
"4507","M6","D10","Heart",1.79044905216,"Cluster_469"
"4508","M6","D10","Heart",3.87956502084,"Cluster_1221"
"4509","M6","D10","Heart",2.20918310468,"Cluster_54"
"4510","M6","D10","Lung",0.00494785506935,"Cluster_431"
"4511","M6","D10","Lung",0.0114323811497,"Cluster_1788"
"4512","M6","D10","Lung",0.261316865286,"Cluster_588"
"4513","M6","D10","Lung",0.0407127714147,"Cluster_206"
"4514","M6","D10","Lung",0.466186555841,"Cluster_293"
"4515","M6","D10","Lung",0.0273192422723,"Cluster_109"
"4516","M6","D10","Lung",0.00379312585545,"Cluster_436"
"4517","M6","D10","Lung",0.0169185800697,"Cluster_99"
"4518","M6","D10","Lung",0.0104642592093,"Cluster_1868"
"4519","M6","D10","Lung",0.00351618376192,"Cluster_1904"
"4520","M6","D10","Lung",0.00273965983574,"Cluster_1191"
"4521","M6","D10","Lung",0.0043842721752,"Cluster_1577"
"4522","M6","D10","Lung",0.00874798274212,"Cluster_626"
"4523","M6","D10","Lung",0.0287215182016,"Cluster_221"
"4524","M6","D10","Lung",0.0212776473606,"Cluster_200"
"4525","M6","D10","Lung",0.1110823949,"Cluster_161"
"4526","M6","D10","Lung",0.00548625495279,"Cluster_920"
"4527","M6","D10","Lung",0.173601117865,"Cluster_437"
"4528","M6","D10","Lung",0.236658496769,"Cluster_1274"
"4529","M6","D10","Lung",0.00650248206008,"Cluster_1369"
"4530","M6","D10","Lung",0.00683571295102,"Cluster_1517"
"4531","M6","D10","Lung",0.00306453840873,"Cluster_98"
"4532","M6","D10","Lung",0.0307427667758,"Cluster_286"
"4533","M6","D10","Lung",0.00860793482721,"Cluster_825"
"4534","M6","D10","Lung",0.0244025829274,"Cluster_1501"
"4535","M6","D10","Lung",0.00600272522272,"Cluster_1137"
"4536","M6","D10","Lung",0.00372653636902,"Cluster_772"
"4537","M6","D10","Lung",0.00235768803172,"Cluster_3281"
"4538","M6","D10","Lung",0.00451516243849,"Cluster_225"
"4539","M6","D10","Lung",0.00421192989726,"Cluster_1060"
"4540","M6","D10","Lung",0.114587691673,"Cluster_240"
"4541","M6","D10","Lung",0.00470428106093,"Cluster_1372"
"4542","M6","D10","Lung",0.195548840835,"Cluster_232"
"4543","M6","D10","Lung",0.231016588233,"Cluster_128"
"4544","M6","D10","Lung",0.140198055715,"Cluster_1231"
"4545","M6","D10","Lung",0.00365848142853,"Cluster_281"
"4546","M6","D10","Lung",0.0296143244358,"Cluster_1592"
"4547","M6","D10","Lung",0.0161195234591,"Cluster_1325"
"4548","M6","D10","Lung",0.0333909963516,"Cluster_256"
"4549","M6","D10","Lung",0.00341213142279,"Cluster_3843"
"4550","M6","D10","Lung",0.0174933810579,"Cluster_1044"
"4551","M6","D10","Lung",0.198272434902,"Cluster_119"
"4552","M6","D10","Lung",0.0873258404306,"Cluster_103"
"4553","M6","D10","Lung",0.226925027318,"Cluster_327"
"4554","M6","D10","Lung",0.00469364621983,"Cluster_158"
"4555","M6","D10","Lung",0.392552823212,"Cluster_59"
"4556","M6","D10","Lung",0.013282020154,"Cluster_444"
"4557","M6","D10","Lung",0.00476835781696,"Cluster_409"
"4558","M6","D10","Lung",0.00451890206079,"Cluster_1168"
"4559","M6","D10","Lung",0.091211464415,"Cluster_493"
"4560","M6","D10","Lung",0.0365061372653,"Cluster_509"
"4561","M6","D10","Lung",0.00573667871312,"Cluster_1722"
"4562","M6","D10","Lung",0.00563413128497,"Cluster_595"
"4563","M6","D10","Lung",0.2102288693,"Cluster_591"
"4564","M6","D10","Lung",0.0772921866957,"Cluster_87"
"4565","M6","D10","Lung",0.429953187516,"Cluster_202"
"4566","M6","D10","Lung",0.224873215286,"Cluster_893"
"4567","M6","D10","Lung",0.0127035245545,"Cluster_1614"
"4568","M6","D10","Lung",0.00732219192699,"Cluster_2236"
"4569","M6","D10","Lung",0.164437757194,"Cluster_978"
"4570","M6","D10","Lung",0.000857341102443,"Cluster_3244"
"4571","M6","D10","Lung",0.00924159664009,"Cluster_886"
"4572","M6","D10","Lung",0.00311135717886,"Cluster_2975"
"4573","M6","D10","Lung",0.104777999174,"Cluster_609"
"4574","M6","D10","Lung",81.9826537196,"Cluster_56"
"4575","M6","D10","Lung",0.0250300465254,"Cluster_261"
"4576","M6","D10","Lung",0.0102382997773,"Cluster_1315"
"4577","M6","D10","Lung",0.399969409084,"Cluster_1123"
"4578","M6","D10","Lung",0.00469655971841,"Cluster_2517"
"4579","M6","D10","Lung",0.132499847636,"Cluster_151"
"4580","M6","D10","Lung",0.0306812047561,"Cluster_39"
"4581","M6","D10","Lung",0.0142321228906,"Cluster_1730"
"4582","M6","D10","Lung",0.00378295706784,"Cluster_3173"
"4583","M6","D10","Lung",0.00526190213009,"Cluster_445"
"4584","M6","D10","Lung",0.0616543217819,"Cluster_9"
"4585","M6","D10","Lung",0.117739313092,"Cluster_840"
"4586","M6","D10","Lung",0.00604035776721,"Cluster_18"
"4587","M6","D10","Lung",0.00227638844442,"Cluster_52"
"4588","M6","D10","Lung",0.0472019821573,"Cluster_1705"
"4589","M6","D10","Lung",0.212037376662,"Cluster_1678"
"4590","M6","D10","Lung",0.0145720813371,"Cluster_845"
"4591","M6","D10","Lung",0.0259426592481,"Cluster_290"
"4592","M6","D10","Lung",0.0122148126189,"Cluster_842"
"4593","M6","D10","Lung",0.0275833387948,"Cluster_34"
"4594","M6","D10","Lung",0.0240340875476,"Cluster_1673"
"4595","M6","D10","Lung",0.0427953524777,"Cluster_826"
"4596","M6","D10","Lung",0.287316184797,"Cluster_26"
"4597","M6","D10","Lung",0.0154211011173,"Cluster_899"
"4598","M6","D10","Lung",0.36202706225,"Cluster_1419"
"4599","M6","D10","Lung",0.00843640593887,"Cluster_2723"
"4600","M6","D10","Lung",0.222143674575,"Cluster_888"
"4601","M6","D10","Lung",0.00676193224346,"Cluster_1942"
"4602","M6","D10","Lung",0.000744533062648,"Cluster_846"
"4603","M6","D10","Lung",0.0463820347322,"Cluster_606"
"4604","M6","D10","Lung",0.00801985220238,"Cluster_1068"
"4605","M6","D10","Lung",0.040788836054,"Cluster_1010"
"4606","M6","D10","Lung",0.198931245311,"Cluster_1545"
"4607","M6","D10","Lung",0.00431417832102,"Cluster_3404"
"4608","M6","D10","Lung",0.0012142599305,"Cluster_1338"
"4609","M6","D10","Lung",0.0199318456716,"Cluster_380"
"4610","M6","D10","Lung",0.0148470180029,"Cluster_650"
"4611","M6","D10","Lung",0.0580418403545,"Cluster_363"
"4612","M6","D10","Lung",0.00347079725115,"Cluster_3306"
"4613","M6","D10","Lung",0.020287510421,"Cluster_2245"
"4614","M6","D10","Lung",0.239358166356,"Cluster_315"
"4615","M6","D10","Lung",0.000796964968468,"Cluster_1243"
"4616","M6","D10","Lung",0.00287200010775,"Cluster_3941"
"4617","M6","D10","Lung",2.88920969467,"Cluster_294"
"4618","M6","D10","Lung",0.0261325421531,"Cluster_514"
"4619","M6","D10","Lung",0.00304165896242,"Cluster_169"
"4620","M6","D10","Lung",0.103385721914,"Cluster_2315"
"4621","M6","D10","Lung",0,"Cluster_3844"
"4622","M6","D10","Lung",0.082700441728,"Cluster_827"
"4623","M6","D10","Lung",0.00457371240488,"Cluster_703"
"4624","M6","D10","Lung",0.392570411255,"Cluster_4"
"4625","M6","D10","Lung",0.156501258853,"Cluster_254"
"4626","M6","D10","Lung",0.0040250356472,"Cluster_2883"
"4627","M6","D10","Lung",0.0100041102226,"Cluster_455"
"4628","M6","D10","Lung",0.0147281692429,"Cluster_2314"
"4629","M6","D10","Lung",0.0387721945848,"Cluster_504"
"4630","M6","D10","Lung",0.0217042023948,"Cluster_1004"
"4631","M6","D10","Lung",0.0180512565358,"Cluster_229"
"4632","M6","D10","Lung",0.0160741609758,"Cluster_1260"
"4633","M6","D10","Lung",0.00282346346772,"Cluster_2321"
"4634","M6","D10","Lung",0.00412123181072,"Cluster_1834"
"4635","M6","D10","Lung",0.0202363747233,"Cluster_35"
"4636","M6","D10","Lung",0.0893769205717,"Cluster_647"
"4637","M6","D10","Lung",0.00669529156748,"Cluster_1386"
"4638","M6","D10","Lung",0.00717715263475,"Cluster_353"
"4639","M6","D10","Lung",0.00183269676959,"Cluster_1488"
"4640","M6","D10","Lung",0.00632877740347,"Cluster_159"
"4641","M6","D10","Lung",0.0100423026061,"Cluster_529"
"4642","M6","D10","Lung",0.00775983808638,"Cluster_1328"
"4643","M6","D10","Lung",0.00647549339587,"Cluster_2240"
"4644","M6","D10","Lung",0.0213709747768,"Cluster_634"
"4645","M6","D10","Lung",0.00301949519852,"Cluster_925"
"4646","M6","D10","Lung",0.0141262320888,"Cluster_8"
"4647","M6","D10","Lung",0.00412997466948,"Cluster_157"
"4648","M6","D10","Lung",0.00732067516698,"Cluster_124"
"4649","M6","D10","Lung",0.00465658085067,"Cluster_383"
"4650","M6","D10","Lung",0.0123497944519,"Cluster_1009"
"4651","M6","D10","Lung",0.00546470272497,"Cluster_2215"
"4652","M6","D10","Lung",0.0074750020548,"Cluster_1740"
"4653","M6","D10","Lung",0.192221426674,"Cluster_54"
"4654","M6","D10","Lung",0.257116409838,"Cluster_1088"
"4655","M6","D10","Lung",0.00679014153135,"Cluster_948"
"4656","M6","D10","Lung",0.0115629221729,"Cluster_1046"
"4657","M6","D10","Lung",0.011236640832,"Cluster_662"
"4658","M6","D10","Lung",0.175446846549,"Cluster_1831"
"4659","M6","D10","Lung",0.00763955664282,"Cluster_2194"
"4660","M6","D10","Lung",0.628378268638,"Cluster_50"
"4661","M6","D10","Lung",0.0152713883873,"Cluster_792"
"4662","M6","D10","Lung",0.0227723440799,"Cluster_303"
"4663","M6","D10","Lung",0.00489379569827,"Cluster_999"
"4664","M6","D10","Lung",0.00509260614851,"Cluster_1729"
"4665","M6","D10","Lung",0.439808364743,"Cluster_248"
"4666","M6","D10","Lung",0.17666188035,"Cluster_88"
"4667","M6","D10","Lung",0.00257734840734,"Cluster_1963"
"4668","M6","D10","Lung",0.00313085698139,"Cluster_284"
"4669","M6","D10","Lung",0.034315257739,"Cluster_265"
"4670","M6","D10","Lung",0.523654252687,"Cluster_357"
"4671","M6","D10","Lung",0.128752956906,"Cluster_84"
"4672","M6","D10","Lung",0.00492039241402,"Cluster_2806"
"4673","M6","D10","Lung",0.00306092029963,"Cluster_1682"
"4674","M6","D10","Lung",0.0025270753272,"Cluster_1151"
"4675","M6","D10","Lung",0.00673818444646,"Cluster_741"
"4676","M6","D10","Lung",0.00287231029245,"Cluster_2660"
"4677","M6","D10","Lung",0.0117152200334,"Cluster_648"
"4678","M6","D10","Lung",0.096358654119,"Cluster_2305"
"4679","M6","D10","Lung",0.0100562302138,"Cluster_188"
"4680","M6","D10","Lung",0.010404386672,"Cluster_239"
"4681","M6","D10","Lung",0.00958830645835,"Cluster_1220"
"4682","M6","D10","Lung",0.327869127134,"Cluster_469"
"4683","M6","D10","Lung",0.313049884571,"Cluster_467"
"4684","M6","D10","Lung",0.0208778788733,"Cluster_1989"
"4685","M6","D10","Lung",0.224547132028,"Cluster_503"
"4686","M6","D10","Lung",0.00635828989549,"Cluster_589"
"4687","M6","D10","Lung",0.0202546835452,"Cluster_1011"
"4688","M6","D10","Lung",0.00294370297602,"Cluster_971"
"4689","M6","D10","Lung",0.00428839319155,"Cluster_3370"
"4690","M6","D10","Lung",0.020732382206,"Cluster_78"
"4691","M6","D10","Lung",0.183218628666,"Cluster_338"
"4692","M6","D10","Lung",0.0115138499862,"Cluster_301"
"4693","M6","D10","Lung",0.0138248465452,"Cluster_466"
"4694","M6","D10","Lung",0.22243132522,"Cluster_1537"
"4695","M6","D10","Lung",0.0034273279701,"Cluster_623"
"4696","M6","D10","Lung",0.00841646070819,"Cluster_2193"
"4697","M6","D10","Lung",0.0215391290747,"Cluster_19"
"4698","M6","D10","Lung",0.043249807266,"Cluster_272"
"4699","M6","D10","Lung",0.00526266413844,"Cluster_402"
"4700","M6","D10","Lung",0.00391275886115,"Cluster_1414"
"4701","M6","D10","Lung",0.00366168737788,"Cluster_909"
"4702","M6","D10","Lung",0.0357633717019,"Cluster_524"
"4703","M6","D10","Lung",0.00515638245786,"Cluster_1968"
"4704","M6","D10","Lung",0.00474032514314,"Cluster_1564"
"4705","M6","D10","Lung",0.00735598665896,"Cluster_793"
"4706","M6","D10","Lung",0.0130784958741,"Cluster_684"
"4707","M6","D10","Lung",0.00883758114504,"Cluster_1208"
"4708","M6","D10","Lung",0.00290569119585,"Cluster_1000"
"4709","M6","D10","Lung",0.0587084356907,"Cluster_532"
"4710","M6","D10","Lung",0.00356693203652,"Cluster_575"
"4711","M6","D10","Lung",0.244129879178,"Cluster_763"
"4712","M6","D10","Lung",0.00275872489085,"Cluster_1610"
"4713","M6","D10","Lung",0.0036983341674,"Cluster_1069"
"4714","M6","D10","Lung",0.00355674080213,"Cluster_4149"
"4715","M6","D10","Lung",0.0263965679,"Cluster_505"
"4716","M6","D10","Lung",0.00781292435615,"Cluster_359"
"4717","M6","D10","Lung",0.00518691366978,"Cluster_2068"
"4718","M6","D10","Lung",0.00816204107841,"Cluster_443"
"4719","M6","D10","Lung",0.00387911711925,"Cluster_2159"
"4720","M6","D10","Lung",0.0130867265197,"Cluster_1830"
"4721","M6","D10","Lung",0.0068438185395,"Cluster_2287"
"4722","M6","D10","Lung",0.0127514394955,"Cluster_1839"
"4723","M6","D10","Lung",0.0446342858823,"Cluster_107"
"4724","M6","D10","Lung",0.0032509004001,"Cluster_2019"
"4725","M6","D10","Lung",0.0131623446951,"Cluster_673"
"4726","M6","D10","Lung",0.0631708772691,"Cluster_66"
"4727","M6","D10","Lung",0.00380329062622,"Cluster_2185"
"4728","M6","D10","Lung",0.171552354861,"Cluster_723"
"4729","M6","D10","Lung",0.291544553117,"Cluster_1571"
"4730","M6","D10","Lung",0.00400889114801,"Cluster_4167"
"4731","M6","D10","Lung",0.00839212303801,"Cluster_1632"
"4732","M6","D10","Lung",0.00478178981081,"Cluster_1095"
"4733","M6","D10","Lung",0.0707509950928,"Cluster_480"
"4734","M6","D10","Lung",0.00605139928141,"Cluster_92"
"4735","M6","D10","Lung",0.00279029134029,"Cluster_748"
"4736","M6","D10","Lung",0.00347930660991,"Cluster_364"
"4737","M6","D10","Lung",0.00458174192399,"Cluster_3702"
"4738","M6","D10","Lung",0.540022165797,"Cluster_1613"
"4739","M6","D10","Lung",0.005014941131,"Cluster_2071"
"4740","M6","D10","Lung",0.00466035794876,"Cluster_472"
"4741","M6","D10","Lung",0.00296350966998,"Cluster_2821"
"4742","M6","D10","Lung",0.0201725056705,"Cluster_676"
"4743","M6","D10","Lung",0.00245323995006,"Cluster_3301"
"4744","M6","D10","Lung",0.0525250089175,"Cluster_987"
"4745","M6","D10","Lung",0.0130728402688,"Cluster_712"
"4746","M6","D10","Lung",0.00361010761029,"Cluster_705"
"4747","M6","D10","Lung",0.00842319313896,"Cluster_215"
"4748","M6","D10","Lung",0.00388720567251,"Cluster_138"
"4749","M6","D10","Lung",0.00238478789415,"Cluster_479"
"4750","M6","D10","Lung",0.0716195359007,"Cluster_23"
"4751","M6","D10","Lung",0.00784841116599,"Cluster_863"
"4752","M6","D10","Lung",0.00311214820187,"Cluster_2825"
"4753","M6","D10","Lung",0.0390449491958,"Cluster_943"
"4754","M6","D10","Lung",0.00704162825473,"Cluster_3777"
"4755","M6","D10","Lung",0.00348682943502,"Cluster_3946"
"4756","M6","D10","Lung",0.0125871671244,"Cluster_432"
"4757","M6","D10","Lung",0.199442234634,"Cluster_356"
"4758","M6","D10","Lung",0.00299758304178,"Cluster_1769"
"4759","M6","D10","Lung",0.0161495697816,"Cluster_853"
"4760","M6","D10","Lung",0.00410125573807,"Cluster_2546"
"4761","M6","D10","Lung",0.0963510015953,"Cluster_1909"
"4762","M6","D10","Sub",0.0343387979956,"Cluster_1088"
"4763","M6","D10","Sub",0.0119283795556,"Cluster_1989"
"4764","M6","D10","Sub",0.0322341916165,"Cluster_888"
"4765","M6","D10","Sub",0.00530212095704,"Cluster_479"
"4766","M6","D10","Sub",0.0038247855861,"Cluster_27"
"4767","M6","D10","Sub",0.0367976993041,"Cluster_588"
"4768","M6","D10","Sub",0.00977928558963,"Cluster_290"
"4769","M6","D10","Sub",0.0340683876973,"Cluster_357"
"4770","M6","D10","Sub",0.00423994822245,"Cluster_260"
"4771","M6","D10","Sub",0.00471389645766,"Cluster_2215"
"4772","M6","D10","Sub",0.00438615333357,"Cluster_524"
"4773","M6","D10","Sub",0.0286796208615,"Cluster_202"
"4774","M6","D10","Sub",0.0854846848493,"Cluster_978"
"4775","M6","D10","Sub",0.0100542500327,"Cluster_536"
"4776","M6","D10","Sub",0.012688149853,"Cluster_493"
"4777","M6","D10","Sub",0.00732827379147,"Cluster_1747"
"4778","M6","D10","Sub",0.0453345848314,"Cluster_647"
"4779","M6","D10","Sub",0.00894973266135,"Cluster_327"
"4780","M6","D10","Sub",0.0313253687357,"Cluster_1678"
"4781","M6","D10","Sub",0.022951815847,"Cluster_532"
"4782","M6","D10","Sub",0.00691355438295,"Cluster_240"
"4783","M6","D10","Sub",0.00379171413178,"Cluster_1160"
"4784","M6","D10","Sub",0.0116904776477,"Cluster_1013"
"4785","M6","D10","Sub",0.0289747959238,"Cluster_59"
"4786","M6","D10","Sub",0.020414747227,"Cluster_824"
"4787","M6","D10","Sub",0.0739643496408,"Cluster_151"
"4788","M6","D10","Sub",0.0303953184725,"Cluster_1274"
"4789","M6","D10","Sub",8.05826754099,"Cluster_56"
"4790","M6","D10","Sub",0.0149776649696,"Cluster_634"
"4791","M6","D10","Sub",0.0141671474844,"Cluster_1830"
"4792","M6","D10","Sub",0.00641047305628,"Cluster_904"
"4793","M6","D10","Sub",0.0227730578485,"Cluster_763"
"4794","M6","D10","Sub",0.00281691372449,"Cluster_1034"
"4795","M6","D10","Sub",0.027288851706,"Cluster_1909"
"4796","M6","D10","Sub",0.00384982469319,"Cluster_169"
"4797","M6","D10","Sub",0.00501078549844,"Cluster_480"
"4798","M6","D10","Sub",0.0267408188465,"Cluster_1831"
"4799","M6","D10","Sub",0.0643505704141,"Cluster_1613"
"4800","M6","D10","Sub",0.0148574676134,"Cluster_343"
"4801","M6","D10","Sub",0.0030440521903,"Cluster_284"
"4802","M6","D10","Sub",0.0174683552727,"Cluster_338"
"4803","M6","D10","Sub",0.00837157409171,"Cluster_574"
"4804","M6","D10","Sub",0.0175664894107,"Cluster_87"
"4805","M6","D10","Sub",0.0423648654154,"Cluster_21"
"4806","M6","D10","Sub",0.0452726523385,"Cluster_503"
"4807","M6","D10","Sub",0.00647735381153,"Cluster_3623"
"4808","M6","D10","Sub",0.0295476604602,"Cluster_841"
"4809","M6","D10","Sub",0.00595568915886,"Cluster_3157"
"4810","M6","D10","Sub",0.0123213300127,"Cluster_1064"
"4811","M6","D10","Sub",0.0362928839592,"Cluster_1545"
"4812","M6","D10","Sub",0.0260422050343,"Cluster_1123"
"4813","M6","D10","Sub",0.0287138114064,"Cluster_88"
"4814","M6","D10","Sub",0.0327095234776,"Cluster_26"
"4815","M6","D10","Sub",0.119951473927,"Cluster_84"
"4816","M6","D10","Sub",0.00514458535605,"Cluster_1868"
"4817","M6","D10","Sub",0.0133412163896,"Cluster_1571"
"4818","M6","D10","Sub",0.0221686242326,"Cluster_254"
"4819","M6","D10","Sub",0.0182270888055,"Cluster_119"
"4820","M6","D10","Sub",0.0345925671911,"Cluster_60"
"4821","M6","D10","Sub",0.00392388717341,"Cluster_4284"
"4822","M6","D10","Sub",0.0249547932467,"Cluster_796"
"4823","M6","D10","Sub",0.00518825081818,"Cluster_43"
"4824","M6","D10","Sub",0.0038150792102,"Cluster_1372"
"4825","M6","D10","Sub",0.0112078953917,"Cluster_2305"
"4826","M6","D10","Sub",0.0047653575599,"Cluster_455"
"4827","M6","D10","Sub",0.00658106982977,"Cluster_2802"
"4828","M6","D10","Sub",0.0376388947675,"Cluster_467"
"4829","M6","D10","Sub",0.0109836209777,"Cluster_221"
"4830","M6","D10","Sub",0.00641853912937,"Cluster_3252"
"4831","M6","D10","Sub",0.00129108545706,"Cluster_1571"
"4832","M6","D10","Sub",0.0232539637629,"Cluster_437"
"4833","M6","D10","Sub",0.0430565643967,"Cluster_315"
"4834","M6","D10","Sub",0.0375332887761,"Cluster_248"
"4835","M6","D10","Sub",0.0213919504178,"Cluster_161"
"4836","M6","D10","Sub",0.0115383493099,"Cluster_98"
"4837","M6","D10","Sub",0.00517067585337,"Cluster_206"
"4838","M6","D10","Sub",0.0174305490139,"Cluster_606"
"4839","M6","D10","Sub",0.00840002513419,"Cluster_34"
"4840","M6","D10","Sub",0.00451677545479,"Cluster_66"
"4841","M6","D10","Sub",0.00463431727218,"Cluster_1161"
"4842","M6","D10","Sub",0.0522746156169,"Cluster_232"
"4843","M6","D10","Sub",0.0106943618353,"Cluster_86"
"4844","M6","D10","Sub",0.0137679077453,"Cluster_1278"
"4845","M6","D10","Sub",0.0400517754156,"Cluster_4"
"4846","M6","D10","Sub",0.00617860793343,"Cluster_103"
"4847","M6","D10","Sub",0.0478407681471,"Cluster_128"
"4848","M6","D10","Sub",0.00372450501866,"Cluster_360"
"4849","M6","D10","Sub",0.00552050333363,"Cluster_1010"
"4850","M6","D10","Sub",0.00530114558527,"Cluster_303"
"4851","M6","D10","Sub",0.0239228373776,"Cluster_1276"
"4852","M6","D10","Sub",0.0154173442716,"Cluster_39"
"4853","M6","D10","Sub",0.0145436436178,"Cluster_591"
"4854","M6","D10","Sub",0.00535075523647,"Cluster_57"
"4855","M6","D10","Sub",0.0234921419034,"Cluster_1537"
"4856","M6","D10","Sub",0.00259788392171,"Cluster_99"
"4857","M6","D10","Sub",0.00393675237726,"Cluster_4317"
"4858","M6","D10","Sub",0.0105256999437,"Cluster_609"
"4859","M6","D10","Sub",0.00253447910304,"Cluster_3137"
"4860","M6","D10","Sub",0.0042993601934,"Cluster_1173"
"4861","M6","D10","Sub",0.021405762726,"Cluster_264"
"4862","M6","D10","Sub",89.6899920587,"Cluster_294"
"4863","M6","D10","Sub",0.0266417893172,"Cluster_2315"
"4864","M6","D10","Sub",0.0222944889702,"Cluster_893"
"4865","M6","D10","Sub",0.117413127054,"Cluster_50"
"4866","M6","D10","Sub",0.00720599323429,"Cluster_23"
"4867","M6","D10","Sub",0.0344655477228,"Cluster_380"
"4868","M6","D10","Sub",0.0864212223802,"Cluster_469"
"4869","M6","D10","Sub",0.0108497844132,"Cluster_280"
"4870","M6","D10","blood",0.00206145874239,"Cluster_1738"
"4871","M6","D10","blood",0.00482579931357,"Cluster_503"
"4872","M6","D10","blood",0.00491185863019,"Cluster_1537"
"4873","M6","D10","blood",0.00498388231076,"Cluster_2056"
"4874","M6","D10","blood",0.0169354561961,"Cluster_1571"
"4875","M6","D10","blood",0.00335836727428,"Cluster_103"
"4876","M6","D10","blood",0.0183976276414,"Cluster_380"
"4877","M6","D10","blood",0.00329208714315,"Cluster_1128"
"4878","M6","D10","blood",0.00643946911504,"Cluster_902"
"4879","M6","D10","blood",0.0031657543009,"Cluster_436"
"4880","M6","D10","blood",0.000713718104108,"Cluster_1738"
"4881","M6","D10","blood",0.00644818148597,"Cluster_151"
"4882","M6","D10","blood",0.00148915809869,"Cluster_1516"
"4883","M6","D10","blood",0.00839159467861,"Cluster_1231"
"4884","M6","D10","blood",0.0049592874599,"Cluster_493"
"4885","M6","D10","blood",0.00380718514,"Cluster_514"
"4886","M6","D10","blood",0.00695183181044,"Cluster_232"
"4887","M6","D10","blood",0.00894006009435,"Cluster_1229"
"4888","M6","D10","blood",0.00363394631628,"Cluster_607"
"4889","M6","D10","blood",0.00934416618993,"Cluster_853"
"4890","M6","D10","blood",0.00296003865297,"Cluster_1312"
"4891","M6","D10","blood",0.00738844146859,"Cluster_524"
"4892","M6","D10","blood",0.00711509943544,"Cluster_763"
"4893","M6","D10","blood",0.138096428205,"Cluster_4"
"4894","M6","D10","blood",0.00802996546467,"Cluster_13"
"4895","M6","D10","blood",0.00306502553352,"Cluster_647"
"4896","M6","D10","blood",0.00975688287328,"Cluster_290"
"4897","M6","D10","blood",0.00809846830072,"Cluster_1419"
"4898","M6","D10","blood",0.00661404858576,"Cluster_1868"
"4899","M6","D10","blood",98.2782753826,"Cluster_294"
"4900","M6","D10","blood",0.00350727993451,"Cluster_1830"
"4901","M6","D10","blood",0.00235221608388,"Cluster_8"
"4902","M6","D10","blood",0.0102979015027,"Cluster_54"
"4903","M6","D10","blood",0.00315362027421,"Cluster_634"
"4904","M6","D10","blood",0.00370969886707,"Cluster_437"
"4905","M6","D10","blood",0.00525151845808,"Cluster_128"
"4906","M6","D10","blood",0.00155959170332,"Cluster_56"
"4907","M6","D10","blood",0.00810809485838,"Cluster_327"
"4908","M6","D10","blood",0.00272890725388,"Cluster_62"
"4909","M6","D10","blood",0.0159162890805,"Cluster_2215"
"4910","M6","D10","blood",0.0035121313068,"Cluster_588"
"4911","M6","D10","blood",0.00389847609927,"Cluster_107"
"4912","M6","D10","blood",0.0157545714165,"Cluster_467"
"4913","M6","D10","blood",0.0110655556879,"Cluster_504"
"4914","M6","D10","blood",0.00568180889697,"Cluster_1308"
"4915","M6","D10","blood",0.0259014833323,"Cluster_21"
"4916","M6","D10","blood",0.00997987308319,"Cluster_1088"
"4917","M6","D10","blood",0.0106153672684,"Cluster_248"
"4918","M6","D10","blood",0.00191358180726,"Cluster_2277"
"4919","M6","D10","blood",0.0345104331158,"Cluster_26"
"4920","M6","D10","blood",0.00498362524397,"Cluster_1137"
"4921","M6","D10","blood",0.20713731628,"Cluster_1831"
"4922","M6","D10","blood",0.0279063778706,"Cluster_26"
"4923","M6","D10","blood",0.0097377822233,"Cluster_88"
"4924","M6","D10","blood",0.00830864767032,"Cluster_941"
"4925","M6","D10","blood",0.00371844344279,"Cluster_50"
"4926","M6","D10","blood",0.0324105300843,"Cluster_315"
"4927","M6","D10","blood",0.00614300187916,"Cluster_509"
"4928","M6","D10","blood",0.080667246198,"Cluster_84"
"4929","M6","D10","blood",0.00722023274535,"Cluster_293"
"4930","M6","D10","blood",0.00178429526027,"Cluster_403"
"4931","M6","D10","blood",0.00181998116548,"Cluster_906"
"4932","M6","D10","blood",0.0104077266963,"Cluster_1909"
"4933","M6","D10","blood",0.0260624153607,"Cluster_1274"
"4934","M6","D10","blood",0.0028942581981,"Cluster_1862"
"4935","M6","D10","blood",0.0256706652374,"Cluster_1545"
"4936","M6","D10","blood",0.0360585445061,"Cluster_119"
"4937","M6","D10","blood",0.0052881159879,"Cluster_424"
"4938","M6","D10","blood",0.00781561849075,"Cluster_86"
"4939","M6","D10","blood",0.00218702508372,"Cluster_523"
"4940","M6","D10","blood",0.00510629839236,"Cluster_978"
"4941","M6","D10","blood",0.0142871292908,"Cluster_609"
"4942","M6","D10","blood",0.0168056461455,"Cluster_469"
"4943","M6","D10","blood",0.00329147334858,"Cluster_1613"
"4944","M6","D10","blood",0.00157342400224,"Cluster_381"
"4945","M6","D10","blood",0.00403285375331,"Cluster_1791"
"4946","M6","D10","blood",0.00405667353279,"Cluster_887"
"4947","M6","D10","blood",0.0557234162024,"Cluster_888"
"4948","M6","D10","blood",0.0238952146345,"Cluster_2305"
"4949","M6","D10","blood",0.552755955248,"Cluster_1123"
"4950","M6","D10","blood",0.00584614429276,"Cluster_650"
"4951","M6","D10","blood",0.013196312787,"Cluster_1678"
"4952","M6","D10","blood",0.00217216056946,"Cluster_1105"
"4953","M6","D10","blood",0.0171663769714,"Cluster_357"
"4954","M6","D6","blood",0.00479845000124,"Cluster_4"
"4955","M6","D6","blood",0.00361368481319,"Cluster_1545"
"4956","M6","D6","blood",0.00464550603405,"Cluster_240"
"4957","M6","D6","blood",86.9557777732,"Cluster_1830"
"4958","M6","D6","blood",13.0245620777,"Cluster_56"
"4959","M6","D6","blood",0.00163616368814,"Cluster_3536"
"4960","M6","D6","blood",0.00365395140939,"Cluster_294"
"4961","M6","D6","blood",0.00131239310984,"Cluster_4289"
"4962","M2","D10","blood",0.0039517017116,"Cluster_624"
"4963","M2","D10","blood",0.00212745706773,"Cluster_525"
"4964","M2","D10","blood",0.001310644118,"Cluster_1904"
"4965","M2","D10","blood",0.0793469311589,"Cluster_893"
"4966","M2","D10","blood",0.00481129052337,"Cluster_23"
"4967","M2","D10","blood",0.0455885482864,"Cluster_88"
"4968","M2","D10","blood",0.0218864898068,"Cluster_2315"
"4969","M2","D10","blood",0.0410142764265,"Cluster_2305"
"4970","M2","D10","blood",0.0262890566012,"Cluster_1537"
"4971","M2","D10","blood",0.00832821435728,"Cluster_338"
"4972","M2","D10","blood",0.00999413726284,"Cluster_151"
"4973","M2","D10","blood",0.00241343562859,"Cluster_434"
"4974","M2","D10","blood",0.00536536904665,"Cluster_679"
"4975","M2","D10","blood",0.025231795653,"Cluster_2575"
"4976","M2","D10","blood",0.00570991091908,"Cluster_103"
"4977","M2","D10","blood",0.000701461587821,"Cluster_634"
"4978","M2","D10","blood",0.00197823226845,"Cluster_521"
"4979","M2","D10","blood",0.00254034546202,"Cluster_69"
"4980","M2","D10","blood",0.0198153744512,"Cluster_409"
"4981","M2","D10","blood",0.00114579537613,"Cluster_144"
"4982","M2","D10","blood",0.00470568008501,"Cluster_1088"
"4983","M2","D10","blood",0.0117978233836,"Cluster_380"
"4984","M2","D10","blood",0.0025905581978,"Cluster_2317"
"4985","M2","D10","blood",0.00424677102353,"Cluster_128"
"4986","M2","D10","blood",0.0209779138028,"Cluster_254"
"4987","M2","D10","blood",0.0202460433287,"Cluster_248"
"4988","M2","D10","blood",0.0525654794969,"Cluster_357"
"4989","M2","D10","blood",0.00210512262628,"Cluster_19"
"4990","M2","D10","blood",0.000463256923624,"Cluster_4200"
"4991","M2","D10","blood",0.0169293890879,"Cluster_527"
"4992","M2","D10","blood",0.00256451668152,"Cluster_1354"
"4993","M2","D10","blood",0.00103697413561,"Cluster_1064"
"4994","M2","D10","blood",0.0131166533733,"Cluster_504"
"4995","M2","D10","blood",0.000900341139698,"Cluster_1328"
"4996","M2","D10","blood",0.000836621533537,"Cluster_1810"
"4997","M2","D10","blood",0.0190582417502,"Cluster_4"
"4998","M2","D10","blood",0.000189084458622,"Cluster_437"
"4999","M2","D10","blood",0.0757821612605,"Cluster_1830"
"5000","M2","D10","blood",0.00970691189409,"Cluster_86"
"5001","M2","D10","blood",0.018025652557,"Cluster_13"
"5002","M2","D10","blood",0.0629422298792,"Cluster_978"
"5003","M2","D10","blood",0.00699255733772,"Cluster_1008"
"5004","M2","D10","blood",0.0248991590675,"Cluster_325"
"5005","M2","D10","blood",0.0149644177302,"Cluster_1123"
"5006","M2","D10","blood",0.00705820634706,"Cluster_3926"
"5007","M2","D10","blood",0.00719366442375,"Cluster_64"
"5008","M2","D10","blood",0.0532730132686,"Cluster_315"
"5009","M2","D10","blood",0.0047757104205,"Cluster_647"
"5010","M2","D10","blood",0.0074018304579,"Cluster_606"
"5011","M2","D10","blood",0.103380803823,"Cluster_888"
"5012","M2","D10","blood",0.11226941964,"Cluster_469"
"5013","M2","D10","blood",0.0202674904085,"Cluster_3724"
"5014","M2","D10","blood",0.000249734190633,"Cluster_1009"
"5015","M2","D10","blood",0.0183642579234,"Cluster_824"
"5016","M2","D10","blood",0.00584699361507,"Cluster_648"
"5017","M2","D10","blood",0.00084733650198,"Cluster_607"
"5018","M2","D10","blood",0.00205740574903,"Cluster_221"
"5019","M2","D10","blood",0.00551046136555,"Cluster_364"
"5020","M2","D10","blood",97.5937112416,"Cluster_294"
"5021","M2","D10","blood",0.00278650781127,"Cluster_662"
"5022","M2","D10","blood",0.007854117384,"Cluster_2173"
"5023","M2","D10","blood",0.00978616092936,"Cluster_327"
"5024","M2","D10","blood",0.161902880875,"Cluster_119"
"5025","M2","D10","blood",0.00699096812014,"Cluster_503"
"5026","M2","D10","blood",0.0368219063838,"Cluster_1231"
"5027","M2","D10","blood",0.0828124054178,"Cluster_50"
"5028","M2","D10","blood",0.000983450452385,"Cluster_650"
"5029","M2","D10","blood",0.00414252312521,"Cluster_443"
"5030","M2","D10","blood",0.00644264595768,"Cluster_56"
"5031","M2","D10","blood",0.00527103230405,"Cluster_303"
"5032","M2","D10","blood",0.0115329232683,"Cluster_1678"
"5033","M2","D10","blood",0.00173721346359,"Cluster_1802"
"5034","M2","D10","blood",0.00752545386598,"Cluster_763"
"5035","M2","D10","blood",0.0726298485323,"Cluster_1545"
"5036","M2","D10","blood",0.00228191837749,"Cluster_853"
"5037","M2","D10","blood",0.00158758369988,"Cluster_310"
"5038","M2","D10","blood",0.00167442261551,"Cluster_39"
"5039","M2","D10","blood",0.2763346381,"Cluster_26"
"5040","M2","D10","blood",0.057921522199,"Cluster_12"
"5041","M2","D10","blood",0.00129327996126,"Cluster_261"
"5042","M2","D10","blood",0.0541407386044,"Cluster_54"
"5043","M2","D10","blood",0.00533005718866,"Cluster_358"
"5044","M2","D10","blood",0.0098305560769,"Cluster_232"
"5045","M2","D10","blood",0.027061610964,"Cluster_615"
"5046","M2","D10","blood",0.00603344670829,"Cluster_1868"
"5047","M2","D10","blood",0.0291502520596,"Cluster_84"
"5048","M2","D10","blood",0.00727340045152,"Cluster_1909"
"5049","M2","D10","blood",0.00605691141932,"Cluster_1729"
"5050","M2","D10","blood",0.0312977493882,"Cluster_1386"
"5051","M2","D10","blood",0.00894967978552,"Cluster_59"
"5052","M2","D10","blood",0.00166607157158,"Cluster_290"
"5053","M2","D10","blood",0.00233285317762,"Cluster_591"
"5054","M2","D10","blood",0.00210393130334,"Cluster_1044"
"5055","M2","D10","blood",0.00101946507464,"Cluster_3499"
"5056","M2","D10","blood",0.0137469124951,"Cluster_1274"
"5057","M2","D10","blood",0.39429136267,"Cluster_1831"
"5058","M2","D14","Brain",0.00269916338166,"Cluster_1699"
"5059","M2","D14","Brain",0.0143429916673,"Cluster_548"
"5060","M2","D14","Brain",0.105018515563,"Cluster_356"
"5061","M2","D14","Brain",0.00425945612411,"Cluster_1989"
"5062","M2","D14","Brain",0.00463657815019,"Cluster_447"
"5063","M2","D14","Brain",0.00171477842917,"Cluster_3070"
"5064","M2","D14","Brain",0.0262812357145,"Cluster_1008"
"5065","M2","D14","Brain",0.00213486224091,"Cluster_1358"
"5066","M2","D14","Brain",0.158934556259,"Cluster_161"
"5067","M2","D14","Brain",0.00771828051776,"Cluster_705"
"5068","M2","D14","Brain",0.00125678806284,"Cluster_4145"
"5069","M2","D14","Brain",0.000363458471401,"Cluster_3474"
"5070","M2","D14","Brain",0.0026930077344,"Cluster_791"
"5071","M2","D14","Brain",0.0027707719251,"Cluster_2511"
"5072","M2","D14","Brain",0.00122449670928,"Cluster_2495"
"5073","M2","D14","Brain",0.00141163817916,"Cluster_1869"
"5074","M2","D14","Brain",0.0306402908911,"Cluster_32"
"5075","M2","D14","Brain",0.0106822956658,"Cluster_153"
"5076","M2","D14","Brain",0.0020290157384,"Cluster_4002"
"5077","M2","D14","Brain",0.16237980463,"Cluster_128"
"5078","M2","D14","Brain",0.00422513429234,"Cluster_402"
"5079","M2","D14","Brain",0.291956701455,"Cluster_54"
"5080","M2","D14","Brain",0.0168576456763,"Cluster_859"
"5081","M2","D14","Brain",0,"Cluster_376"
"5082","M2","D14","Brain",0.0611494936388,"Cluster_85"
"5083","M2","D14","Brain",0.00247135480218,"Cluster_691"
"5084","M2","D14","Brain",1.98001482505,"Cluster_50"
"5085","M2","D14","Brain",0.196142314857,"Cluster_532"
"5086","M2","D14","Brain",0.0407342318199,"Cluster_1613"
"5087","M2","D14","Brain",0.00154462077495,"Cluster_3013"
"5088","M2","D14","Brain",0.00892202001721,"Cluster_954"
"5089","M2","D14","Brain",0.000955376553396,"Cluster_3766"
"5090","M2","D14","Brain",0.0463378218409,"Cluster_763"
"5091","M2","D14","Brain",0.00581119356553,"Cluster_848"
"5092","M2","D14","Brain",0.010700217398,"Cluster_987"
"5093","M2","D14","Brain",0.00115421126755,"Cluster_3427"
"5094","M2","D14","Brain",1.31532158069,"Cluster_1123"
"5095","M2","D14","Brain",0.00337991410696,"Cluster_3508"
"5096","M2","D14","Brain",0.00539325473691,"Cluster_472"
"5097","M2","D14","Brain",0.717820300107,"Cluster_978"
"5098","M2","D14","Brain",0.000969222590402,"Cluster_3518"
"5099","M2","D14","Brain",0.15896875412,"Cluster_87"
"5100","M2","D14","Brain",0.00367452520537,"Cluster_1058"
"5101","M2","D14","Brain",0,"Cluster_3574"
"5102","M2","D14","Brain",0.00130979043611,"Cluster_2321"
"5103","M2","D14","Brain",0.0015842115437,"Cluster_1213"
"5104","M2","D14","Brain",0.00130748288714,"Cluster_2911"
"5105","M2","D14","Brain",0.00553293615456,"Cluster_353"
"5106","M2","D14","Brain",0.005825466789,"Cluster_1235"
"5107","M2","D14","Brain",0.023275595443,"Cluster_943"
"5108","M2","D14","Brain",0.000887739275279,"Cluster_1479"
"5109","M2","D14","Brain",0.0332048354793,"Cluster_39"
"5110","M2","D14","Brain",0.00307713307075,"Cluster_544"
"5111","M2","D14","Brain",0.00162584340529,"Cluster_2657"
"5112","M2","D14","Brain",0.0132255485563,"Cluster_432"
"5113","M2","D14","Brain",0.000824180477401,"Cluster_1363"
"5114","M2","D14","Brain",0.00185344502196,"Cluster_17"
"5115","M2","D14","Brain",0.00214763512003,"Cluster_1125"
"5116","M2","D14","Brain",0.000879952088654,"Cluster_1282"
"5117","M2","D14","Brain",0.0136782120136,"Cluster_290"
"5118","M2","D14","Brain",1.27560374266,"Cluster_1231"
"5119","M2","D14","Brain",0.00283219552031,"Cluster_3697"
"5120","M2","D14","Brain",0.000889989564951,"Cluster_949"
"5121","M2","D14","Brain",0.0230452317272,"Cluster_3879"
"5122","M2","D14","Brain",0.11857737649,"Cluster_363"
"5123","M2","D14","Brain",0.166808016928,"Cluster_424"
"5124","M2","D14","Brain",0.00333640370643,"Cluster_550"
"5125","M2","D14","Brain",0,"Cluster_1281"
"5126","M2","D14","Brain",0.0231174318785,"Cluster_2245"
"5127","M2","D14","Brain",0.00451934034306,"Cluster_1675"
"5128","M2","D14","Brain",0.00079614712783,"Cluster_538"
"5129","M2","D14","Brain",0.00302105558777,"Cluster_179"
"5130","M2","D14","Brain",0.000488862271475,"Cluster_4139"
"5131","M2","D14","Brain",1.30861947773,"Cluster_647"
"5132","M2","D14","Brain",0.00795782758435,"Cluster_928"
"5133","M2","D14","Brain",0.00197119389522,"Cluster_1179"
"5134","M2","D14","Brain",0.00581205375034,"Cluster_694"
"5135","M2","D14","Brain",0.00191421461604,"Cluster_1111"
"5136","M2","D14","Brain",0.00124317349417,"Cluster_188"
"5137","M2","D14","Brain",1.3975798938,"Cluster_232"
"5138","M2","D14","Brain",0.00198916880282,"Cluster_1945"
"5139","M2","D14","Brain",0.28097359053,"Cluster_826"
"5140","M2","D14","Brain",0.0251836694581,"Cluster_1325"
"5141","M2","D14","Brain",0.00352958560005,"Cluster_1289"
"5142","M2","D14","Brain",0.00198539190003,"Cluster_4277"
"5143","M2","D14","Brain",0.0387002676816,"Cluster_591"
"5144","M2","D14","Brain",0.00239557105926,"Cluster_2100"
"5145","M2","D14","Brain",0.00664895106756,"Cluster_624"
"5146","M2","D14","Brain",0.00345716769746,"Cluster_1580"
"5147","M2","D14","Brain",0.0277949011981,"Cluster_509"
"5148","M2","D14","Brain",0.00521270468609,"Cluster_886"
"5149","M2","D14","Brain",0.00919549932644,"Cluster_2015"
"5150","M2","D14","Brain",0.0062667996902,"Cluster_62"
"5151","M2","D14","Brain",0.00139602736928,"Cluster_3608"
"5152","M2","D14","Brain",0.00299446382408,"Cluster_745"
"5153","M2","D14","Brain",0.00313482931583,"Cluster_314"
"5154","M2","D14","Brain",2.67579382549,"Cluster_12"
"5155","M2","D14","Brain",0.00214889955048,"Cluster_263"
"5156","M2","D14","Brain",0.00180129797814,"Cluster_611"
"5157","M2","D14","Brain",0.00347605932422,"Cluster_1647"
"5158","M2","D14","Brain",0.000991032758462,"Cluster_129"
"5159","M2","D14","Brain",0.00631731076024,"Cluster_1454"
"5160","M2","D14","Brain",0.00180842751624,"Cluster_2000"
"5161","M2","D14","Brain",0.00224709931566,"Cluster_3477"
"5162","M2","D14","Brain",0.0701208553497,"Cluster_109"
"5163","M2","D14","Brain",0.0651844135766,"Cluster_265"
"5164","M2","D14","Brain",0.0125393172633,"Cluster_912"
"5165","M2","D14","Brain",0.0798480662515,"Cluster_741"
"5166","M2","D14","Brain",0.00133752717475,"Cluster_1726"
"5167","M2","D14","Brain",0.00089168478317,"Cluster_2723"
"5168","M2","D14","Brain",0.00957152346246,"Cluster_2596"
"5169","M2","D14","Brain",0.00330032527818,"Cluster_2421"
"5170","M2","D14","Brain",0.00241252962087,"Cluster_1369"
"5171","M2","D14","Brain",0.00168562920617,"Cluster_2950"
"5172","M2","D14","Brain",0.00195886559509,"Cluster_2330"
"5173","M2","D14","Brain",0.343212784664,"Cluster_514"
"5174","M2","D14","Brain",0.00740705691939,"Cluster_152"
"5175","M2","D14","Brain",0.0016278762502,"Cluster_2369"
"5176","M2","D14","Brain",3.26150154451,"Cluster_504"
"5177","M2","D14","Brain",0.00136646406075,"Cluster_3043"
"5178","M2","D14","Brain",2.29245876832,"Cluster_1545"
"5179","M2","D14","Brain",0.0173329655476,"Cluster_340"
"5180","M2","D14","Brain",0.00126659770337,"Cluster_4081"
"5181","M2","D14","Brain",0.649968562659,"Cluster_119"
"5182","M2","D14","Brain",0.0025184609368,"Cluster_2026"
"5183","M2","D14","Brain",0.0105400092573,"Cluster_1868"
"5184","M2","D14","Brain",0.0584124645147,"Cluster_606"
"5185","M2","D14","Brain",0.00177255398272,"Cluster_593"
"5186","M2","D14","Brain",0.0514815533847,"Cluster_328"
"5187","M2","D14","Brain",0.0325490967786,"Cluster_98"
"5188","M2","D14","Brain",0.228152198582,"Cluster_1678"
"5189","M2","D14","Brain",0.136990991661,"Cluster_524"
"5190","M2","D14","Brain",0.00437230280009,"Cluster_1652"
"5191","M2","D14","Brain",0.945994669701,"Cluster_409"
"5192","M2","D14","Brain",0.00455746270012,"Cluster_1898"
"5193","M2","D14","Brain",0.239019087877,"Cluster_303"
"5194","M2","D14","Brain",0.00436027063743,"Cluster_1030"
"5195","M2","D14","Brain",1.59770626703,"Cluster_362"
"5196","M2","D14","Brain",0.0136964294025,"Cluster_107"
"5197","M2","D14","Brain",0.00264155174205,"Cluster_688"
"5198","M2","D14","Brain",0.022444147674,"Cluster_272"
"5199","M2","D14","Brain",0.00532395593303,"Cluster_3695"
"5200","M2","D14","Brain",0.00651939346185,"Cluster_383"
"5201","M2","D14","Brain",0.00162687927425,"Cluster_3077"
"5202","M2","D14","Brain",0.000946363567043,"Cluster_4278"
"5203","M2","D14","Brain",0.00571141212696,"Cluster_1060"
"5204","M2","D14","Brain",0.00108565517431,"Cluster_3538"
"5205","M2","D14","Brain",0.00279866191753,"Cluster_2900"
"5206","M2","D14","Brain",0.30270840712,"Cluster_151"
"5207","M2","D14","Brain",0.00213848821545,"Cluster_1355"
"5208","M2","D14","Brain",0.00131550019475,"Cluster_578"
"5209","M2","D14","Brain",0.0115984828807,"Cluster_3773"
"5210","M2","D14","Brain",0.000324642518144,"Cluster_3517"
"5211","M2","D14","Brain",0.00391134666929,"Cluster_1137"
"5212","M2","D14","Brain",4.56584534529,"Cluster_294"
"5213","M2","D14","Brain",0.00195664455696,"Cluster_436"
"5214","M2","D14","Brain",4.1262177551,"Cluster_1830"
"5215","M2","D14","Brain",0.0379385421493,"Cluster_1152"
"5216","M2","D14","Brain",0.010671759373,"Cluster_1400"
"5217","M2","D14","Brain",0.00590504018642,"Cluster_740"
"5218","M2","D14","Brain",0.00574096282086,"Cluster_158"
"5219","M2","D14","Brain",0.00169214109017,"Cluster_212"
"5220","M2","D14","Brain",0.00976223746811,"Cluster_1913"
"5221","M2","D14","Brain",1.02657055164,"Cluster_2305"
"5222","M2","D14","Brain",0.0027234716228,"Cluster_1755"
"5223","M2","D14","Brain",2.30216798564,"Cluster_357"
"5224","M2","D14","Brain",0.00295042759137,"Cluster_1328"
"5225","M2","D14","Brain",0.0283589622495,"Cluster_3774"
"5226","M2","D14","Brain",0.166298551064,"Cluster_86"
"5227","M2","D14","Brain",0.00238481704148,"Cluster_2352"
"5228","M2","D14","Brain",0.00138145020698,"Cluster_1932"
"5229","M2","D14","Brain",0.00510301532537,"Cluster_445"
"5230","M2","D14","Brain",1.75053949382,"Cluster_469"
"5231","M2","D14","Brain",0.0124373715945,"Cluster_2215"
"5232","M2","D14","Brain",0.00243186759046,"Cluster_1773"
"5233","M2","D14","Brain",0.0446465076489,"Cluster_34"
"5234","M2","D14","Brain",0,"Cluster_425"
"5235","M2","D14","Brain",0.00340388652258,"Cluster_56"
"5236","M2","D14","Brain",0.384501208199,"Cluster_293"
"5237","M2","D14","Brain",0.0745100047281,"Cluster_144"
"5238","M2","D14","Brain",0.000761882567898,"Cluster_2791"
"5239","M2","D14","Brain",0.00125442173482,"Cluster_2952"
"5240","M2","D14","Brain",0.00277059200485,"Cluster_2649"
"5241","M2","D14","Brain",0.0411905379019,"Cluster_662"
"5242","M2","D14","Brain",0.00316728096506,"Cluster_403"
"5243","M2","D14","Brain",0.00297737213558,"Cluster_277"
"5244","M2","D14","Brain",0.00227270193319,"Cluster_92"
"5245","M2","D14","Brain",3.00241552965,"Cluster_9"
"5246","M2","D14","Brain",0.000810364040827,"Cluster_4229"
"5247","M2","D14","Brain",0.00462666632777,"Cluster_455"
"5248","M2","D14","Brain",0.339452864771,"Cluster_2315"
"5249","M2","D14","Brain",0.00284115249539,"Cluster_1845"
"5250","M2","D14","Brain",0.725595379293,"Cluster_26"
"5251","M2","D14","Brain",0.0490049780867,"Cluster_254"
"5252","M2","D14","Brain",0.00172047063973,"Cluster_2893"
"5253","M2","D14","Brain",0.0113842234603,"Cluster_853"
"5254","M2","D14","Brain",0.359771815272,"Cluster_240"
"5255","M2","D14","Brain",0.00313482931583,"Cluster_1933"
"5256","M2","D14","Brain",0.0075229970617,"Cluster_1385"
"5257","M2","D14","Brain",0.00788257381518,"Cluster_381"
"5258","M2","D14","Brain",0.00247520450434,"Cluster_155"
"5259","M2","D14","Brain",0.00786998033764,"Cluster_3404"
"5260","M2","D14","Brain",0.00428694607293,"Cluster_1860"
"5261","M2","D14","Brain",0.00210986600224,"Cluster_1550"
"5262","M2","D14","Brain",0.00404093899087,"Cluster_523"
"5263","M2","D14","Brain",0.00159704737284,"Cluster_1729"
"5264","M2","D14","Brain",0.00134007970753,"Cluster_766"
"5265","M2","D14","Brain",1.2040197251,"Cluster_338"
"5266","M2","D14","Brain",0.0445450614439,"Cluster_64"
"5267","M2","D14","Brain",0.00253437090344,"Cluster_1682"
"5268","M2","D14","Brain",0.126264344712,"Cluster_437"
"5269","M2","D14","Brain",0.0497255828577,"Cluster_479"
"5270","M2","D14","Brain",0.0650758413871,"Cluster_376"
"5271","M2","D14","Brain",0.0192416190052,"Cluster_648"
"5272","M2","D14","Brain",0.269831773501,"Cluster_4"
"5273","M2","D14","Brain",0.0300271007263,"Cluster_1592"
"5274","M2","D14","Brain",0.0037714229312,"Cluster_656"
"5275","M2","D14","Brain",0.0017222774602,"Cluster_3456"
"5276","M2","D14","Brain",0.0157727261174,"Cluster_379"
"5277","M2","D14","Brain",0.00193563990558,"Cluster_623"
"5278","M2","D14","Brain",0.00119666286085,"Cluster_176"
"5279","M2","D14","Brain",0.00323686079749,"Cluster_710"
"5280","M2","D14","Brain",0.00248340566956,"Cluster_2186"
"5281","M2","D14","Brain",0.0181123471581,"Cluster_673"
"5282","M2","D14","Brain",0.00409673058493,"Cluster_863"
"5283","M2","D14","Brain",0.0132718546979,"Cluster_607"
"5284","M2","D14","Brain",0.00197322589577,"Cluster_1791"
"5285","M2","D14","Brain",0.0170698398177,"Cluster_261"
"5286","M2","D14","Brain",3.35524554648,"Cluster_1537"
"5287","M2","D14","Brain",0.00127383540453,"Cluster_1976"
"5288","M2","D14","Brain",0.0293915207191,"Cluster_45"
"5289","M2","D14","Brain",0.0206624887686,"Cluster_215"
"5290","M2","D14","Brain",0.00165914630456,"Cluster_234"
"5291","M2","D14","Brain",0.00262322201098,"Cluster_366"
"5292","M2","D14","Brain",0.400501321206,"Cluster_88"
"5293","M2","D14","Brain",0.0391195402983,"Cluster_493"
"5294","M2","D14","Brain",0.155392958198,"Cluster_1909"
"5295","M2","D14","Brain",0.0174293409657,"Cluster_66"
"5296","M2","D14","Brain",0.00363129549707,"Cluster_347"
"5297","M2","D14","Brain",0.0225946222458,"Cluster_953"
"5298","M2","D14","Brain",0.00251255982617,"Cluster_610"
"5299","M2","D14","Brain",0.00785460589201,"Cluster_2561"
"5300","M2","D14","Brain",0.0569027231046,"Cluster_480"
"5301","M2","D14","Brain",0.00411162395772,"Cluster_225"
"5302","M2","D14","Brain",0.011419163858,"Cluster_301"
"5303","M2","D14","Brain",0.0053162582384,"Cluster_190"
"5304","M2","D14","Brain",0.180522315242,"Cluster_84"
"5305","M2","D14","Brain",0.00722357881836,"Cluster_1095"
"5306","M2","D14","Brain",0.012951407502,"Cluster_1208"
"5307","M2","D14","Brain",0.225257627565,"Cluster_467"
"5308","M2","D14","Brain",0.00325696552294,"Cluster_1345"
"5309","M2","D14","Brain",0.00725062562845,"Cluster_2101"
"5310","M2","D14","Brain",0.00447071454001,"Cluster_862"
"5311","M2","D14","Brain",0.00687085877442,"Cluster_792"
"5312","M2","D14","Brain",0.000670679815421,"Cluster_1271"
"5313","M2","D14","Brain",0.093247970338,"Cluster_1571"
"5314","M2","D14","Brain",0.00275778798918,"Cluster_1543"
"5315","M2","D14","Brain",0.487168551728,"Cluster_888"
"5316","M2","D14","Brain",0.0157356138206,"Cluster_1705"
"5317","M2","D14","Brain",0.00313482931583,"Cluster_1007"
"5318","M2","D14","Brain",0.00343513156065,"Cluster_2050"
"5319","M2","D14","Brain",0.0626851972909,"Cluster_1651"
"5320","M2","D14","Brain",0.00338985297732,"Cluster_4216"
"5321","M2","D14","Brain",0.00440658177729,"Cluster_35"
"5322","M2","D14","Brain",0.00293041947521,"Cluster_2542"
"5323","M2","D14","Brain",0.517221099597,"Cluster_202"
"5324","M2","D14","Brain",0.11719594905,"Cluster_1064"
"5325","M2","D14","Brain",0.00166152444069,"Cluster_3165"
"5326","M2","D14","Brain",0.0110996178738,"Cluster_634"
"5327","M2","D14","Brain",0.114798169042,"Cluster_264"
"5328","M2","D14","Brain",0.115832504089,"Cluster_2537"
"5329","M2","D14","Brain",0.00528869163487,"Cluster_2102"
"5330","M2","D14","Brain",0.00452413764703,"Cluster_1740"
"5331","M2","D14","Brain",0.0591095444589,"Cluster_358"
"5332","M2","D14","Brain",0.24122428077,"Cluster_315"
"5333","M2","D14","Brain",0.000869550763729,"Cluster_757"
"5334","M2","D14","Brain",0.00703206347242,"Cluster_3927"
"5335","M2","D14","Brain",0.0405296341982,"Cluster_221"
"5336","M2","D14","Brain",0.0028274931084,"Cluster_1645"
"5337","M2","D14","Brain",0.00196695172758,"Cluster_117"
"5338","M2","D14","Brain",0.00173142676344,"Cluster_684"
"5339","M2","D14","Brain",0.0524782066903,"Cluster_405"
"5340","M2","D14","Brain",0.00119635704361,"Cluster_2314"
"5341","M2","D14","Brain",0.583021152028,"Cluster_588"
"5342","M2","D14","Brain",0.0109608533581,"Cluster_1088"
"5343","M2","D14","Brain",0.00417977242111,"Cluster_1581"
"5344","M2","D14","Brain",0,"Cluster_260"
"5345","M2","D14","Brain",0.00127302713333,"Cluster_2073"
"5346","M2","D14","Brain",0.0191736216827,"Cluster_1963"
"5347","M2","D14","Brain",0.0189326029666,"Cluster_1044"
"5348","M2","D14","Brain",0.00471841839906,"Cluster_899"
"5349","M2","D14","Brain",0.00219027375779,"Cluster_3696"
"5350","M2","D14","Brain",0.0110032579447,"Cluster_162"
"5351","M2","D14","Brain",0.00470224397375,"Cluster_1748"
"5352","M2","D14","Brain",0.00459983508068,"Cluster_955"
"5353","M2","D14","Brain",0.044177112233,"Cluster_206"
"5354","M2","D14","Brain",0.00760180832143,"Cluster_1386"
"5355","M2","D14","Brain",0.000599787970742,"Cluster_136"
"5356","M2","D14","Brain",0.0261901529544,"Cluster_650"
"5357","M2","D14","Brain",37.4580237047,"Cluster_1831"
"5358","M2","D14","Brain",4.01874377318,"Cluster_1274"
"5359","M2","D14","Brain",0.0080983090659,"Cluster_439"
"5360","M2","D14","Brain",0.194535896861,"Cluster_59"
"5361","M2","D14","Brain",0.0846909429698,"Cluster_23"
"5362","M2","D14","Brain",0.00221468940445,"Cluster_3964"
"5363","M2","D14","Brain",0.0140719004844,"Cluster_1260"
"5364","M2","D14","Brain",0.0117022199842,"Cluster_712"
"5365","M2","D14","Brain",0.00267078109975,"Cluster_1249"
"5366","M2","D14","Brain",0.0835954484221,"Cluster_825"
"5367","M2","D14","Brain",0.00142222880113,"Cluster_3249"
"5368","M2","D14","Brain",0.00267224146376,"Cluster_1725"
"5369","M2","D14","Brain",0.0255341794331,"Cluster_3"
"5370","M2","D14","Brain",0.000854531250538,"Cluster_4058"
"5371","M2","D14","Brain",0.0190381500546,"Cluster_1753"
"5372","M2","D14","Brain",0.00148295216085,"Cluster_595"
"5373","M2","D14","Brain",0.00439062147499,"Cluster_1472"
"5374","M2","D14","Brain",0.33786834983,"Cluster_893"
"5375","M2","D14","Brain",0.22896219003,"Cluster_541"
"5376","M2","D14","Brain",0.539362269112,"Cluster_103"
"5377","M2","D14","Brain",4.16610704643,"Cluster_248"
"5378","M2","D14","Brain",0.00659093489843,"Cluster_427"
"5379","M2","D14","Brain",0.533492952549,"Cluster_327"
"5380","M2","D14","Brain",0.00221186400494,"Cluster_2549"
"5381","M2","D14","Brain",0.00202867615418,"Cluster_1072"
"5382","M2","D14","Brain",0.00193284273808,"Cluster_687"
"5383","M2","D14","Brain",0.00401258152426,"Cluster_1750"
"5384","M2","D14","Brain",0.0291875633474,"Cluster_719"
"5385","M2","D14","Brain",0.00118553545035,"Cluster_3240"
"5386","M2","D14","Brain",0.00896567498183,"Cluster_163"
"5387","M2","D14","Brain",0.00935422486142,"Cluster_18"
"5388","M2","D14","Brain",0.000842094758502,"Cluster_3830"
"5389","M2","D14","Brain",0.0224534229047,"Cluster_1673"
"5390","M2","D14","Brain",0.010775086544,"Cluster_1730"
"5391","M2","D14","Brain",0.00728404784497,"Cluster_589"
"5392","M2","D14","Brain",0.00272171227421,"Cluster_728"
"5393","M2","D14","Brain",0.00170129497251,"Cluster_2124"
"5394","M2","D14","Brain",0.00137562130315,"Cluster_3854"
"5395","M2","D14","Brain",0.00439911007218,"Cluster_1273"
"5396","M2","D14","Brain",0.00548662633055,"Cluster_1493"
"5397","M2","D14","Brain",0.192960922298,"Cluster_503"
"5398","M2","D14","Brain",0.00710797456923,"Cluster_770"
"5399","M2","D14","Brain",0.00822491088429,"Cluster_1241"
"5400","M2","D14","Brain",0.010882955374,"Cluster_443"
"5401","M2","D14","Brain",0.00188047020991,"Cluster_3411"
"5402","M2","D14","Brain",0.00135130518844,"Cluster_2449"
"5403","M2","D14","Brain",0.000585168138955,"Cluster_1727"
"5404","M2","D14","Brain",0.0239903389892,"Cluster_13"
"5405","M2","D14","Ear",0.00122349768709,"Cluster_293"
"5406","M2","D14","Ear",0.00524471315171,"Cluster_25"
"5407","M2","D14","Ear",0.0130823578283,"Cluster_294"
"5408","M2","D14","Ear",0.0169855384095,"Cluster_107"
"5409","M2","D14","Ear",0.0554608313014,"Cluster_161"
"5410","M2","D14","Ear",0.223173624985,"Cluster_3891"
"5411","M2","D14","Ear",0.985820071921,"Cluster_303"
"5412","M2","D14","Ear",0,"Cluster_43"
"5413","M2","D14","Ear",0,"Cluster_1321"
"5414","M2","D14","Ear",0.0582742157726,"Cluster_753"
"5415","M2","D14","Ear",0.0136478429139,"Cluster_3434"
"5416","M2","D14","Ear",0.0467717414248,"Cluster_13"
"5417","M2","D14","Ear",0.0414434259779,"Cluster_248"
"5418","M2","D14","Ear",0.00296145801349,"Cluster_1010"
"5419","M2","D14","Ear",0.025547749957,"Cluster_1533"
"5420","M2","D14","Ear",0.115899317731,"Cluster_206"
"5421","M2","D14","Ear",0.127177200611,"Cluster_86"
"5422","M2","D14","Ear",0.296303382271,"Cluster_315"
"5423","M2","D14","Ear",0.0244460019188,"Cluster_654"
"5424","M2","D14","Ear",0.0207994079799,"Cluster_595"
"5425","M2","D14","Ear",0.0339151388465,"Cluster_109"
"5426","M2","D14","Ear",0.0255414467619,"Cluster_1308"
"5427","M2","D14","Ear",0.711986440512,"Cluster_1989"
"5428","M2","D14","Ear",0.368333288755,"Cluster_503"
"5429","M2","D14","Ear",0.0221761998302,"Cluster_15"
"5430","M2","D14","Ear",0.00738178291004,"Cluster_323"
"5431","M2","D14","Ear",0.151861754381,"Cluster_1909"
"5432","M2","D14","Ear",0.015268962594,"Cluster_890"
"5433","M2","D14","Ear",0.0201294964196,"Cluster_409"
"5434","M2","D14","Ear",0.0201456645505,"Cluster_523"
"5435","M2","D14","Ear",0.325115062961,"Cluster_128"
"5436","M2","D14","Ear",0.0341774603664,"Cluster_928"
"5437","M2","D14","Ear",0.0849907653725,"Cluster_632"
"5438","M2","D14","Ear",0.276610197154,"Cluster_327"
"5439","M2","D14","Ear",0.00401157983056,"Cluster_215"
"5440","M2","D14","Ear",1.08006450696,"Cluster_50"
"5441","M2","D14","Ear",0.0178587429181,"Cluster_8"
"5442","M2","D14","Ear",3.79575162871,"Cluster_1545"
"5443","M2","D14","Ear",0.0130296521987,"Cluster_826"
"5444","M2","D14","Ear",0,"Cluster_1323"
"5445","M2","D14","Ear",0.00210633044858,"Cluster_272"
"5446","M2","D14","Ear",0.0760244685253,"Cluster_39"
"5447","M2","D14","Ear",0.173011133354,"Cluster_4"
"5448","M2","D14","Ear",0.128661248225,"Cluster_54"
"5449","M2","D14","Ear",0.00455528072827,"Cluster_254"
"5450","M2","D14","Ear",0.043599064291,"Cluster_84"
"5451","M2","D14","Ear",0.0852125873476,"Cluster_59"
"5452","M2","D14","Ear",0.00629883993134,"Cluster_82"
"5453","M2","D14","Ear",0.00748156945386,"Cluster_563"
"5454","M2","D14","Ear",0,"Cluster_47"
"5455","M2","D14","Ear",0.267443090367,"Cluster_338"
"5456","M2","D14","Ear",0.0589047391448,"Cluster_841"
"5457","M2","D14","Ear",0.167324903646,"Cluster_1571"
"5458","M2","D14","Ear",0.0374735493382,"Cluster_943"
"5459","M2","D14","Ear",0.0956974281895,"Cluster_1064"
"5460","M2","D14","Ear",0.0158122065746,"Cluster_290"
"5461","M2","D14","Ear",0.0297399266568,"Cluster_362"
"5462","M2","D14","Ear",0,"Cluster_1319"
"5463","M2","D14","Ear",0.00392869392111,"Cluster_598"
"5464","M2","D14","Ear",0.0171190808234,"Cluster_763"
"5465","M2","D14","Ear",0.245223462255,"Cluster_588"
"5466","M2","D14","Ear",3.23822941218,"Cluster_2305"
"5467","M2","D14","Ear",0.0107180781581,"Cluster_1137"
"5468","M2","D14","Ear",0.117098054438,"Cluster_390"
"5469","M2","D14","Ear",0.0485575644563,"Cluster_469"
"5470","M2","D14","Ear",0.170634203486,"Cluster_330"
"5471","M2","D14","Ear",0.217032512103,"Cluster_437"
"5472","M2","D14","Ear",0.00199332155389,"Cluster_9"
"5473","M2","D14","Ear",0.0395773954438,"Cluster_2315"
"5474","M2","D14","Ear",0.0062390366587,"Cluster_1868"
"5475","M2","D14","Ear",0.00610187017915,"Cluster_439"
"5476","M2","D14","Ear",0.0378077679537,"Cluster_525"
"5477","M2","D14","Ear",0.545220615757,"Cluster_1274"
"5478","M2","D14","Ear",0.0358862413058,"Cluster_357"
"5479","M2","D14","Ear",0.144737271376,"Cluster_88"
"5480","M2","D14","Ear",0.0037760851478,"Cluster_64"
"5481","M2","D14","Ear",0.035692458357,"Cluster_1123"
"5482","M2","D14","Ear",0.0224980698872,"Cluster_344"
"5483","M2","D14","Ear",0.0177443539179,"Cluster_591"
"5484","M2","D14","Ear",4.60965819675,"Cluster_26"
"5485","M2","D14","Ear",0.00833078802945,"Cluster_624"
"5486","M2","D14","Ear",0.0199020038345,"Cluster_301"
"5487","M2","D14","Ear",0.025082769328,"Cluster_1830"
"5488","M2","D14","Ear",2.08225855175,"Cluster_504"
"5489","M2","D14","Ear",0.0492451941374,"Cluster_1963"
"5490","M2","D14","Ear",0.0131985791885,"Cluster_2236"
"5491","M2","D14","Ear",46.9543117751,"Cluster_1831"
"5492","M2","D14","Ear",0,"Cluster_34"
"5493","M2","D14","Ear",0.00692757956112,"Cluster_1701"
"5494","M2","D14","Ear",0.0149385221472,"Cluster_1325"
"5495","M2","D14","Ear",0.0740155758842,"Cluster_615"
"5496","M2","D14","Ear",0.254519840423,"Cluster_151"
"5497","M2","D14","Ear",0.00398455025769,"Cluster_1088"
"5498","M2","D14","Ear",0.0693685577661,"Cluster_631"
"5499","M2","D14","Ear",0.0123598280071,"Cluster_87"
"5500","M2","D14","Ear",0.018238594785,"Cluster_888"
"5501","M2","D14","Ear",0,"Cluster_35"
"5502","M2","D14","Ear",0.267253061786,"Cluster_264"
"5503","M2","D14","Ear",0.751319036776,"Cluster_1613"
"5504","M2","D14","Ear",0.0276332753695,"Cluster_29"
"5505","M2","D14","Ear",0.00901007798563,"Cluster_1144"
"5506","M2","D14","Ear",0.00125411674964,"Cluster_835"
"5507","M2","D14","Ear",0.00688362925846,"Cluster_3482"
"5508","M2","D14","Ear",0.0363221851191,"Cluster_3263"
"5509","M2","D14","Ear",0.181522664027,"Cluster_1152"
"5510","M2","D14","Ear",0.00201571842528,"Cluster_18"
"5511","M2","D14","Ear",0.0113141721061,"Cluster_909"
"5512","M2","D14","Ear",0.0309580289507,"Cluster_221"
"5513","M2","D14","Ear",0.0515016057658,"Cluster_1231"
"5514","M2","D14","Ear",0.0211777733111,"Cluster_853"
"5515","M2","D14","Ear",0.0303255792193,"Cluster_803"
"5516","M2","D14","Ear",0.330674388405,"Cluster_240"
"5517","M2","D14","Ear",0.00247493827708,"Cluster_56"
"5518","M2","D14","Ear",0.0875667282616,"Cluster_795"
"5519","M2","D14","Ear",0.258344853009,"Cluster_232"
"5520","M2","D14","Ear",0.0207918315621,"Cluster_524"
"5521","M2","D14","Ear",0.0269010548849,"Cluster_593"
"5522","M2","D14","Ear",0.0147271306531,"Cluster_694"
"5523","M2","D14","Ear",0.191372897451,"Cluster_493"
"5524","M2","D14","Ear",0.061069393194,"Cluster_660"
"5525","M2","D14","Ear",0.424207180993,"Cluster_12"
"5526","M2","D14","Ear",0.00750070903646,"Cluster_1460"
"5527","M2","D14","Ear",26.2480746899,"Cluster_978"
"5528","M2","D14","Ear",0.0205915711296,"Cluster_340"
"5529","M2","D14","Ear",0.0939076898477,"Cluster_987"
"5530","M2","D14","Ear",0.00490491483484,"Cluster_1013"
"5531","M2","D14","Ear",0.211633794668,"Cluster_1678"
"5532","M2","D14","Ear",0.00157670847924,"Cluster_960"
"5533","M2","D14","Ear",0.0608990152608,"Cluster_650"
"5534","M2","D14","Ear",0.153880118557,"Cluster_893"
"5535","M2","D14","Ear",0.187704673084,"Cluster_119"
"5536","M2","D14","Ear",0.00386262043244,"Cluster_3724"
"5537","M2","D14","Ear",0.0393051564618,"Cluster_1537"
"5538","M2","D14","Ear",0.10039218229,"Cluster_647"
"5539","M2","D14","Ear",0.00086274694497,"Cluster_5"
"5540","M2","D14","Ear",0.221785638447,"Cluster_804"
"5541","M2","D14","Ear",0.0475399437839,"Cluster_1322"
"5542","M2","D14","Ear",0.0430998607574,"Cluster_536"
"5543","M2","D14","Ear",0,"Cluster_1320"
"5544","M2","D14","Ear",0.00777754237611,"Cluster_228"
"5545","M2","D14","Ear",0.233964127773,"Cluster_103"
"5546","M2","D14","GonFat",0.00304416064075,"Cluster_170"
"5547","M2","D14","GonFat",0.00140471979253,"Cluster_1987"
"5548","M2","D14","GonFat",0.00163877670595,"Cluster_740"
"5549","M2","D14","GonFat",0.0166242165287,"Cluster_1088"
"5550","M2","D14","GonFat",0.0409059676808,"Cluster_153"
"5551","M2","D14","GonFat",0.00145233540003,"Cluster_1711"
"5552","M2","D14","GonFat",0.0143560412338,"Cluster_928"
"5553","M2","D14","GonFat",0.00055265092582,"Cluster_843"
"5554","M2","D14","GonFat",0.00321776833872,"Cluster_3615"
"5555","M2","D14","GonFat",0.133159222168,"Cluster_1325"
"5556","M2","D14","GonFat",0.0377110679086,"Cluster_1613"
"5557","M2","D14","GonFat",0.00123306847789,"Cluster_2985"
"5558","M2","D14","GonFat",0.0270611135442,"Cluster_624"
"5559","M2","D14","GonFat",0.00553935617321,"Cluster_1687"
"5560","M2","D14","GonFat",0.00138291899668,"Cluster_2370"
"5561","M2","D14","GonFat",0.00142768155837,"Cluster_2133"
"5562","M2","D14","GonFat",0.00288050263864,"Cluster_163"
"5563","M2","D14","GonFat",0.00156827155926,"Cluster_2376"
"5564","M2","D14","GonFat",0.00997896008818,"Cluster_404"
"5565","M2","D14","GonFat",0.00310861468633,"Cluster_1748"
"5566","M2","D14","GonFat",0.0477949141729,"Cluster_467"
"5567","M2","D14","GonFat",0.00661619460016,"Cluster_993"
"5568","M2","D14","GonFat",0.0011283542503,"Cluster_4010"
"5569","M2","D14","GonFat",0.000562094721545,"Cluster_2953"
"5570","M2","D14","GonFat",0.100340443781,"Cluster_805"
"5571","M2","D14","GonFat",0.0335391858156,"Cluster_88"
"5572","M2","D14","GonFat",0.0261784024063,"Cluster_1010"
"5573","M2","D14","GonFat",0.00294536023503,"Cluster_3254"
"5574","M2","D14","GonFat",0.00171825596624,"Cluster_2973"
"5575","M2","D14","GonFat",0.000581573251499,"Cluster_1390"
"5576","M2","D14","GonFat",0.24840265349,"Cluster_409"
"5577","M2","D14","GonFat",0.984261721328,"Cluster_303"
"5578","M2","D14","GonFat",0.0038007522495,"Cluster_2360"
"5579","M2","D14","GonFat",0.000917795287522,"Cluster_2899"
"5580","M2","D14","GonFat",0.0010877573778,"Cluster_3026"
"5581","M2","D14","GonFat",0.00774578880019,"Cluster_962"
"5582","M2","D14","GonFat",2.40865274172,"Cluster_469"
"5583","M2","D14","GonFat",0.00123584315944,"Cluster_915"
"5584","M2","D14","GonFat",0.00466009710565,"Cluster_1740"
"5585","M2","D14","GonFat",0.00146541950274,"Cluster_3799"
"5586","M2","D14","GonFat",0.00174041180449,"Cluster_4320"
"5587","M2","D14","GonFat",8.85656379223,"Cluster_1831"
"5588","M2","D14","GonFat",0.00140728610753,"Cluster_867"
"5589","M2","D14","GonFat",0,"Cluster_2409"
"5590","M2","D14","GonFat",0,"Cluster_1402"
"5591","M2","D14","GonFat",0.00225918840005,"Cluster_772"
"5592","M2","D14","GonFat",0.00326327213341,"Cluster_480"
"5593","M2","D14","GonFat",0.00357758163068,"Cluster_445"
"5594","M2","D14","GonFat",0.000581573251499,"Cluster_1495"
"5595","M2","D14","GonFat",0.00679030498437,"Cluster_1081"
"5596","M2","D14","GonFat",0.0176043039924,"Cluster_437"
"5597","M2","D14","GonFat",0.00623597893988,"Cluster_717"
"5598","M2","D14","GonFat",0.00338357709686,"Cluster_452"
"5599","M2","D14","GonFat",0.0207251748487,"Cluster_763"
"5600","M2","D14","GonFat",0.00227167010392,"Cluster_3348"
"5601","M2","D14","GonFat",0.0110345216283,"Cluster_525"
"5602","M2","D14","GonFat",0.0442070172116,"Cluster_264"
"5603","M2","D14","GonFat",0.0364899878664,"Cluster_662"
"5604","M2","D14","GonFat",0.00703895889934,"Cluster_656"
"5605","M2","D14","GonFat",2.57408414119,"Cluster_978"
"5606","M2","D14","GonFat",0.00308238121693,"Cluster_595"
"5607","M2","D14","GonFat",0.0283974106929,"Cluster_87"
"5608","M2","D14","GonFat",0.0167076738137,"Cluster_1004"
"5609","M2","D14","GonFat",0.00156141375497,"Cluster_2013"
"5610","M2","D14","GonFat",0.00100408373336,"Cluster_4309"
"5611","M2","D14","GonFat",0.0020832608531,"Cluster_2496"
"5612","M2","D14","GonFat",0.00214298612589,"Cluster_2783"
"5613","M2","D14","GonFat",0.00129953315047,"Cluster_773"
"5614","M2","D14","GonFat",0.00246802094124,"Cluster_1725"
"5615","M2","D14","GonFat",0.00113384879212,"Cluster_234"
"5616","M2","D14","GonFat",0.0332080094306,"Cluster_658"
"5617","M2","D14","GonFat",0.0101833768585,"Cluster_240"
"5618","M2","D14","GonFat",0.00158940548616,"Cluster_2019"
"5619","M2","D14","GonFat",0.0011806813749,"Cluster_553"
"5620","M2","D14","GonFat",1.81146296697,"Cluster_103"
"5621","M2","D14","GonFat",0.00366429338058,"Cluster_1174"
"5622","M2","D14","GonFat",0.00120294447276,"Cluster_2329"
"5623","M2","D14","GonFat",0.00292183199595,"Cluster_859"
"5624","M2","D14","GonFat",0.000809206866146,"Cluster_1945"
"5625","M2","D14","GonFat",0.000350679990456,"Cluster_4264"
"5626","M2","D14","GonFat",0.00256530463343,"Cluster_3991"
"5627","M2","D14","GonFat",0.0015558561623,"Cluster_988"
"5628","M2","D14","GonFat",0.00210666935195,"Cluster_3508"
"5629","M2","D14","GonFat",0.0504888117203,"Cluster_853"
"5630","M2","D14","GonFat",0.0041690809444,"Cluster_2837"
"5631","M2","D14","GonFat",0.0458777670521,"Cluster_20"
"5632","M2","D14","GonFat",0.00296545894842,"Cluster_1369"
"5633","M2","D14","GonFat",0.0064464192814,"Cluster_1722"
"5634","M2","D14","GonFat",0.000753062800018,"Cluster_3719"
"5635","M2","D14","GonFat",0.00176216695204,"Cluster_3337"
"5636","M2","D14","GonFat",0.00710287395148,"Cluster_1386"
"5637","M2","D14","GonFat",0.00215911125132,"Cluster_3353"
"5638","M2","D14","GonFat",0.0139892915204,"Cluster_290"
"5639","M2","D14","GonFat",0.00023685039678,"Cluster_2418"
"5640","M2","D14","GonFat",0.00370682368553,"Cluster_138"
"5641","M2","D14","GonFat",0.0278150772374,"Cluster_23"
"5642","M2","D14","GonFat",0.0208303141908,"Cluster_3404"
"5643","M2","D14","GonFat",0.00118169520827,"Cluster_190"
"5644","M2","D14","GonFat",0.155942849663,"Cluster_943"
"5645","M2","D14","GonFat",0.00503845389514,"Cluster_673"
"5646","M2","D14","GonFat",0.00217473275893,"Cluster_1607"
"5647","M2","D14","GonFat",8.56459763474,"Cluster_1231"
"5648","M2","D14","GonFat",0.00248893637294,"Cluster_2682"
"5649","M2","D14","GonFat",0.00235317620714,"Cluster_2683"
"5650","M2","D14","GonFat",0.0018532162733,"Cluster_92"
"5651","M2","D14","GonFat",0.00165074187545,"Cluster_1594"
"5652","M2","D14","GonFat",0.0013065185928,"Cluster_3027"
"5653","M2","D14","GonFat",0.00110828110191,"Cluster_603"
"5654","M2","D14","GonFat",0.0980961602891,"Cluster_1537"
"5655","M2","D14","GonFat",0.0012551046667,"Cluster_3906"
"5656","M2","D14","GonFat",0.0021139963435,"Cluster_1186"
"5657","M2","D14","GonFat",0.0031078782223,"Cluster_139"
"5658","M2","D14","GonFat",0.00107911580976,"Cluster_3603"
"5659","M2","D14","GonFat",0.0136758503912,"Cluster_3082"
"5660","M2","D14","GonFat",0.00721354892649,"Cluster_1472"
"5661","M2","D14","GonFat",0.0251766389444,"Cluster_340"
"5662","M2","D14","GonFat",0.00676168338364,"Cluster_3066"
"5663","M2","D14","GonFat",0.000823992562745,"Cluster_3648"
"5664","M2","D14","GonFat",0.000381421418191,"Cluster_1388"
"5665","M2","D14","GonFat",0.0014146749615,"Cluster_355"
"5666","M2","D14","GonFat",0.0514171607144,"Cluster_532"
"5667","M2","D14","GonFat",0.000676715419371,"Cluster_2417"
"5668","M2","D14","GonFat",0.00650972327644,"Cluster_3922"
"5669","M2","D14","GonFat",0.00124681623965,"Cluster_3541"
"5670","M2","D14","GonFat",0.0259886439608,"Cluster_59"
"5671","M2","D14","GonFat",0.00128391034757,"Cluster_835"
"5672","M2","D14","GonFat",0.113902385596,"Cluster_294"
"5673","M2","D14","GonFat",0.00612827089621,"Cluster_56"
"5674","M2","D14","GonFat",0.0029930648867,"Cluster_1318"
"5675","M2","D14","GonFat",0.0911998685706,"Cluster_826"
"5676","M2","D14","GonFat",0.00291162642938,"Cluster_443"
"5677","M2","D14","GonFat",0.00173636946288,"Cluster_1076"
"5678","M2","D14","GonFat",0.00414908638856,"Cluster_701"
"5679","M2","D14","GonFat",0.00325831275327,"Cluster_2087"
"5680","M2","D14","GonFat",0.00178936530467,"Cluster_782"
"5681","M2","D14","GonFat",0.00181585304198,"Cluster_3031"
"5682","M2","D14","GonFat",0.00635702363652,"Cluster_101"
"5683","M2","D14","GonFat",0.231838913775,"Cluster_128"
"5684","M2","D14","GonFat",0.0703605516127,"Cluster_912"
"5685","M2","D14","GonFat",0.000789244156045,"Cluster_2822"
"5686","M2","D14","GonFat",0.00194402759834,"Cluster_617"
"5687","M2","D14","GonFat",0.00151659519209,"Cluster_3602"
"5688","M2","D14","GonFat",0.000575871552955,"Cluster_2896"
"5689","M2","D14","GonFat",0.00113374711988,"Cluster_1387"
"5690","M2","D14","GonFat",0.207442359593,"Cluster_272"
"5691","M2","D14","GonFat",0.000506369813805,"Cluster_1719"
"5692","M2","D14","GonFat",0.004570524857,"Cluster_1675"
"5693","M2","D14","GonFat",0.00357635359271,"Cluster_164"
"5694","M2","D14","GonFat",0.0391457437551,"Cluster_336"
"5695","M2","D14","GonFat",0.451190965774,"Cluster_424"
"5696","M2","D14","GonFat",0.00180920631627,"Cluster_2060"
"5697","M2","D14","GonFat",0.000951895191485,"Cluster_1610"
"5698","M2","D14","GonFat",0.00126248763532,"Cluster_1060"
"5699","M2","D14","GonFat",0.00379302410312,"Cluster_106"
"5700","M2","D14","GonFat",0.0015518557543,"Cluster_2662"
"5701","M2","D14","GonFat",0.0526889273132,"Cluster_1963"
"5702","M2","D14","GonFat",0.0940494957229,"Cluster_541"
"5703","M2","D14","GonFat",0.00175810977564,"Cluster_124"
"5704","M2","D14","GonFat",0.00175464703617,"Cluster_1424"
"5705","M2","D14","GonFat",0.000814202552099,"Cluster_1634"
"5706","M2","D14","GonFat",0.00153065533294,"Cluster_3930"
"5707","M2","D14","GonFat",0.00143471447245,"Cluster_3413"
"5708","M2","D14","GonFat",0.0149568505881,"Cluster_472"
"5709","M2","D14","GonFat",0.0017447197545,"Cluster_914"
"5710","M2","D14","GonFat",0.00115348289912,"Cluster_2293"
"5711","M2","D14","GonFat",0.00136074668111,"Cluster_1427"
"5712","M2","D14","GonFat",0.00376220217034,"Cluster_2001"
"5713","M2","D14","GonFat",0.178799742329,"Cluster_232"
"5714","M2","D14","GonFat",0,"Cluster_968"
"5715","M2","D14","GonFat",0.000545562523852,"Cluster_4269"
"5716","M2","D14","GonFat",0.012074972483,"Cluster_62"
"5717","M2","D14","GonFat",0.00130423540858,"Cluster_4154"
"5718","M2","D14","GonFat",0.00670834215726,"Cluster_476"
"5719","M2","D14","GonFat",2.50418740227,"Cluster_50"
"5720","M2","D14","GonFat",0.00226389504255,"Cluster_1260"
"5721","M2","D14","GonFat",0.0022005927355,"Cluster_1202"
"5722","M2","D14","GonFat",0.0172800114984,"Cluster_1246"
"5723","M2","D14","GonFat",0.00191271622946,"Cluster_3683"
"5724","M2","D14","GonFat",0.0041956356001,"Cluster_1543"
"5725","M2","D14","GonFat",0,"Cluster_2245"
"5726","M2","D14","GonFat",0.00231928318709,"Cluster_2587"
"5727","M2","D14","GonFat",0.00302803206344,"Cluster_613"
"5728","M2","D14","GonFat",0.00288915439622,"Cluster_1273"
"5729","M2","D14","GonFat",0.00979601248656,"Cluster_18"
"5730","M2","D14","GonFat",0.00067515975174,"Cluster_4315"
"5731","M2","D14","GonFat",0.00198974391197,"Cluster_575"
"5732","M2","D14","GonFat",0.000719839441194,"Cluster_3078"
"5733","M2","D14","GonFat",0.00267969427014,"Cluster_1785"
"5734","M2","D14","GonFat",0.00266587677718,"Cluster_1701"
"5735","M2","D14","GonFat",0.00435775444091,"Cluster_1614"
"5736","M2","D14","GonFat",0.00572105304402,"Cluster_523"
"5737","M2","D14","GonFat",0.000202547925522,"Cluster_263"
"5738","M2","D14","GonFat",0.00512257834896,"Cluster_1844"
"5739","M2","D14","GonFat",0.00335523029711,"Cluster_2361"
"5740","M2","D14","GonFat",0.0107099119266,"Cluster_34"
"5741","M2","D14","GonFat",0.00165989594389,"Cluster_310"
"5742","M2","D14","GonFat",0.00154576048425,"Cluster_477"
"5743","M2","D14","GonFat",0.00151757032344,"Cluster_256"
"5744","M2","D14","GonFat",0.0107496023218,"Cluster_1705"
"5745","M2","D14","GonFat",0.00657005456193,"Cluster_1410"
"5746","M2","D14","GonFat",0.00638858887302,"Cluster_432"
"5747","M2","D14","GonFat",0.00245475993319,"Cluster_1729"
"5748","M2","D14","GonFat",0.0749112217312,"Cluster_1152"
"5749","M2","D14","GonFat",0.00250821512538,"Cluster_3336"
"5750","M2","D14","GonFat",0.00255704159708,"Cluster_381"
"5751","M2","D14","GonFat",0.00531173158114,"Cluster_221"
"5752","M2","D14","GonFat",0.102079015827,"Cluster_514"
"5753","M2","D14","GonFat",0,"Cluster_528"
"5754","M2","D14","GonFat",0.00270883269327,"Cluster_839"
"5755","M2","D14","GonFat",0.0016759740033,"Cluster_4070"
"5756","M2","D14","GonFat",0.00143265605857,"Cluster_2506"
"5757","M2","D14","GonFat",0.0011638243273,"Cluster_2526"
"5758","M2","D14","GonFat",0.0183789949401,"Cluster_1274"
"5759","M2","D14","GonFat",0.00261909373824,"Cluster_2105"
"5760","M2","D14","GonFat",0.00247771353257,"Cluster_878"
"5761","M2","D14","GonFat",0.000753062800018,"Cluster_4310"
"5762","M2","D14","GonFat",0.00157297857054,"Cluster_622"
"5763","M2","D14","GonFat",0.00263009992842,"Cluster_3576"
"5764","M2","D14","GonFat",0.0434635260709,"Cluster_21"
"5765","M2","D14","GonFat",0.00157224032124,"Cluster_1375"
"5766","M2","D14","GonFat",0.00241092493439,"Cluster_3684"
"5767","M2","D14","GonFat",0.0137072410195,"Cluster_1868"
"5768","M2","D14","GonFat",0.00420815988547,"Cluster_1328"
"5769","M2","D14","GonFat",0.000572132127286,"Cluster_185"
"5770","M2","D14","GonFat",0.00938611263115,"Cluster_327"
"5771","M2","D14","GonFat",0.0012929946189,"Cluster_2631"
"5772","M2","D14","GonFat",0.00140523680386,"Cluster_1921"
"5773","M2","D14","GonFat",0.0014497260031,"Cluster_2912"
"5774","M2","D14","GonFat",0.00162061149869,"Cluster_2025"
"5775","M2","D14","GonFat",0.0035979667112,"Cluster_1365"
"5776","M2","D14","GonFat",0.114131139953,"Cluster_647"
"5777","M2","D14","GonFat",0.0163142674842,"Cluster_54"
"5778","M2","D14","GonFat",0.00167825424004,"Cluster_3296"
"5779","M2","D14","GonFat",0.0028058678804,"Cluster_984"
"5780","M2","D14","GonFat",0.00180439753259,"Cluster_960"
"5781","M2","D14","GonFat",0.00791934300481,"Cluster_1652"
"5782","M2","D14","GonFat",0.00140812427675,"Cluster_1187"
"5783","M2","D14","GonFat",0.00589174360865,"Cluster_319"
"5784","M2","D14","GonFat",0.00125740761104,"Cluster_1930"
"5785","M2","D14","GonFat",0.265387081303,"Cluster_825"
"5786","M2","D14","GonFat",0.0177697507769,"Cluster_536"
"5787","M2","D14","GonFat",0.00174966931408,"Cluster_2986"
"5788","M2","D14","GonFat",0.00255666748711,"Cluster_1434"
"5789","M2","D14","GonFat",0.0208568809001,"Cluster_13"
"5790","M2","D14","GonFat",0.00101273962761,"Cluster_2686"
"5791","M2","D14","GonFat",0.000567525588419,"Cluster_580"
"5792","M2","D14","GonFat",0,"Cluster_2408"
"5793","M2","D14","GonFat",0.00860533424102,"Cluster_656"
"5794","M2","D14","GonFat",27.7160808385,"Cluster_26"
"5795","M2","D14","GonFat",0.0528324211003,"Cluster_151"
"5796","M2","D14","GonFat",0.00751736160888,"Cluster_677"
"5797","M2","D14","GonFat",0.0252819485387,"Cluster_929"
"5798","M2","D14","GonFat",0.00164116188194,"Cluster_2921"
"5799","M2","D14","GonFat",0.00278603470679,"Cluster_2287"
"5800","M2","D14","GonFat",0.00236950970197,"Cluster_1126"
"5801","M2","D14","GonFat",0.00163345101227,"Cluster_4064"
"5802","M2","D14","GonFat",0.000896017094259,"Cluster_4125"
"5803","M2","D14","GonFat",0.0253177814888,"Cluster_606"
"5804","M2","D14","GonFat",0.000976477850663,"Cluster_3165"
"5805","M2","D14","GonFat",0.0500661772336,"Cluster_215"
"5806","M2","D14","GonFat",0.00224194268708,"Cluster_2109"
"5807","M2","D14","GonFat",0.0206931664195,"Cluster_1571"
"5808","M2","D14","GonFat",0.0107351849367,"Cluster_591"
"5809","M2","D14","GonFat",0.00309152096849,"Cluster_1754"
"5810","M2","D14","GonFat",0.0604613172267,"Cluster_503"
"5811","M2","D14","GonFat",0.00151724091812,"Cluster_1520"
"5812","M2","D14","GonFat",0.00557791864665,"Cluster_323"
"5813","M2","D14","GonFat",0.00150999738821,"Cluster_2950"
"5814","M2","D14","GonFat",0,"Cluster_968"
"5815","M2","D14","GonFat",0.010505969758,"Cluster_971"
"5816","M2","D14","GonFat",0.00149517195931,"Cluster_3240"
"5817","M2","D14","GonFat",0,"Cluster_1694"
"5818","M2","D14","GonFat",0.00100957481627,"Cluster_2562"
"5819","M2","D14","GonFat",0.00217201714346,"Cluster_3577"
"5820","M2","D14","GonFat",0.00910865967068,"Cluster_493"
"5821","M2","D14","GonFat",0.00242077885101,"Cluster_5"
"5822","M2","D14","GonFat",0.00154735734425,"Cluster_3778"
"5823","M2","D14","GonFat",0.00125689511558,"Cluster_1458"
"5824","M2","D14","GonFat",0.143686941195,"Cluster_1064"
"5825","M2","D14","GonFat",0.0227057926594,"Cluster_46"
"5826","M2","D14","GonFat",0.320424659624,"Cluster_315"
"5827","M2","D14","GonFat",0.000622673834644,"Cluster_4328"
"5828","M2","D14","GonFat",0.00259019324387,"Cluster_1025"
"5829","M2","D14","GonFat",0.0032178226608,"Cluster_401"
"5830","M2","D14","GonFat",0.000840539791939,"Cluster_963"
"5831","M2","D14","GonFat",0.00111169570038,"Cluster_188"
"5832","M2","D14","GonFat",0.00205006777425,"Cluster_2155"
"5833","M2","D14","GonFat",0.000992770113827,"Cluster_372"
"5834","M2","D14","GonFat",0.000978981640023,"Cluster_791"
"5835","M2","D14","GonFat",0.00137339150939,"Cluster_2256"
"5836","M2","D14","GonFat",0.0020863543148,"Cluster_2322"
"5837","M2","D14","GonFat",0.00235240733889,"Cluster_3560"
"5838","M2","D14","GonFat",0.00679215944047,"Cluster_69"
"5839","M2","D14","GonFat",0.0160271523203,"Cluster_39"
"5840","M2","D14","GonFat",0.00322554644401,"Cluster_770"
"5841","M2","D14","GonFat",0.00194309804907,"Cluster_1063"
"5842","M2","D14","GonFat",0.00216697662862,"Cluster_2622"
"5843","M2","D14","GonFat",0.0014710086819,"Cluster_3559"
"5844","M2","D14","GonFat",0.00223059107853,"Cluster_1283"
"5845","M2","D14","GonFat",0.00541786847791,"Cluster_729"
"5846","M2","D14","GonFat",0.000929412949389,"Cluster_2723"
"5847","M2","D14","GonFat",0.0548371087603,"Cluster_1678"
"5848","M2","D14","GonFat",0.0119348462357,"Cluster_9"
"5849","M2","D14","GonFat",0.00199990893563,"Cluster_2232"
"5850","M2","D14","GonFat",0.00327068866099,"Cluster_4142"
"5851","M2","D14","GonFat",0.0136239300471,"Cluster_403"
"5852","M2","D14","GonFat",0.00708295472275,"Cluster_368"
"5853","M2","D14","GonFat",7.07000636779,"Cluster_2305"
"5854","M2","D14","GonFat",0.000123921726585,"Cluster_4249"
"5855","M2","D14","GonFat",0.290192749987,"Cluster_321"
"5856","M2","D14","GonFat",0.00645437791695,"Cluster_705"
"5857","M2","D14","GonFat",0.30422007749,"Cluster_795"
"5858","M2","D14","GonFat",0,"Cluster_3561"
"5859","M2","D14","GonFat",0.00219174994035,"Cluster_3891"
"5860","M2","D14","GonFat",0.00071807944256,"Cluster_4267"
"5861","M2","D14","GonFat",0.0193317893473,"Cluster_2561"
"5862","M2","D14","GonFat",0.00177934685269,"Cluster_1049"
"5863","M2","D14","GonFat",0.00112239933251,"Cluster_2923"
"5864","M2","D14","GonFat",0.00142768155837,"Cluster_1399"
"5865","M2","D14","GonFat",0.0318293812168,"Cluster_1830"
"5866","M2","D14","GonFat",0.00373340455941,"Cluster_2235"
"5867","M2","D14","GonFat",0.00204498387027,"Cluster_1897"
"5868","M2","D14","GonFat",0.00686665995397,"Cluster_27"
"5869","M2","D14","GonFat",0.0097458313458,"Cluster_98"
"5870","M2","D14","GonFat",0.00983665762703,"Cluster_1046"
"5871","M2","D14","GonFat",0.00140331839184,"Cluster_2466"
"5872","M2","D14","GonFat",0.0169378317396,"Cluster_357"
"5873","M2","D14","GonFat",0.0340807983433,"Cluster_634"
"5874","M2","D14","GonFat",0.0040921432553,"Cluster_109"
"5875","M2","D14","GonFat",0.00145562867759,"Cluster_2831"
"5876","M2","D14","GonFat",0.00179979911536,"Cluster_335"
"5877","M2","D14","GonFat",0.00380323802599,"Cluster_1779"
"5878","M2","D14","GonFat",0.000370203141185,"Cluster_1961"
"5879","M2","D14","GonFat",0.00173065355888,"Cluster_2549"
"5880","M2","D14","GonFat",0.0254457836553,"Cluster_293"
"5881","M2","D14","GonFat",0.20374052328,"Cluster_588"
"5882","M2","D14","GonFat",0.00362089099735,"Cluster_2575"
"5883","M2","D14","GonFat",0.00377040226225,"Cluster_1618"
"5884","M2","D14","GonFat",0.0227376380909,"Cluster_719"
"5885","M2","D14","GonFat",0.00188611141656,"Cluster_769"
"5886","M2","D14","GonFat",0.0159969765859,"Cluster_3"
"5887","M2","D14","GonFat",0.00112959420003,"Cluster_2898"
"5888","M2","D14","GonFat",0.00132743273224,"Cluster_1151"
"5889","M2","D14","GonFat",0.00373395971251,"Cluster_85"
"5890","M2","D14","GonFat",0.0011806813749,"Cluster_2952"
"5891","M2","D14","GonFat",0.00451500487712,"Cluster_589"
"5892","M2","D14","GonFat",0.0770474000911,"Cluster_524"
"5893","M2","D14","GonFat",0.00157055878079,"Cluster_2321"
"5894","M2","D14","GonFat",0.00163334817171,"Cluster_3531"
"5895","M2","D14","GonFat",0.0022046771518,"Cluster_1750"
"5896","M2","D14","GonFat",0.028269944983,"Cluster_181"
"5897","M2","D14","GonFat",0.0305872563548,"Cluster_650"
"5898","M2","D14","GonFat",0.00654794277262,"Cluster_1765"
"5899","M2","D14","GonFat",0.0313694413002,"Cluster_893"
"5900","M2","D14","GonFat",0.00399865740291,"Cluster_326"
"5901","M2","D14","GonFat",0.00487556073688,"Cluster_2441"
"5902","M2","D14","GonFat",0.00194889863523,"Cluster_2473"
"5903","M2","D14","GonFat",0.0114214524669,"Cluster_888"
"5904","M2","D14","GonFat",0.00171321787004,"Cluster_2015"
"5905","M2","D14","GonFat",0.314362805579,"Cluster_632"
"5906","M2","D14","GonFat",0.00139854520003,"Cluster_17"
"5907","M2","D14","GonFat",0.00149566639448,"Cluster_2897"
"5908","M2","D14","GonFat",0.00866069169073,"Cluster_86"
"5909","M2","D14","GonFat",0.00525790139249,"Cluster_198"
"5910","M2","D14","GonFat",0.00387152200661,"Cluster_1044"
"5911","M2","D14","GonFat",27.0536159724,"Cluster_504"
"5912","M2","D14","GonFat",0.00947401587119,"Cluster_509"
"5913","M2","D14","GonFat",0.00725275701726,"Cluster_144"
"5914","M2","D14","GonFat",0.00251738136006,"Cluster_2000"
"5915","M2","D14","GonFat",0.110967327768,"Cluster_405"
"5916","M2","D14","GonFat",0.00642456701265,"Cluster_548"
"5917","M2","D14","GonFat",0,"Cluster_2893"
"5918","M2","D14","GonFat",0.00204522626746,"Cluster_52"
"5919","M2","D14","GonFat",0.000278383404746,"Cluster_3614"
"5920","M2","D14","GonFat",0.00503248041608,"Cluster_1673"
"5921","M2","D14","GonFat",0.00243186522044,"Cluster_619"
"5922","M2","D14","GonFat",0,"Cluster_1304"
"5923","M2","D14","GonFat",0.00300514683403,"Cluster_1527"
"5924","M2","D14","GonFat",0.0695857995161,"Cluster_411"
"5925","M2","D14","GonFat",0.00335650848008,"Cluster_442"
"5926","M2","D14","GonFat",0.00819416080288,"Cluster_1909"
"5927","M2","D14","GonFat",0.00136511384067,"Cluster_1566"
"5928","M2","D14","GonFat",0.502863749474,"Cluster_598"
"5929","M2","D14","GonFat",0.00320582015923,"Cluster_2449"
"5930","M2","D14","GonFat",0.00272830948859,"Cluster_906"
"5931","M2","D14","GonFat",0.00339301963759,"Cluster_1771"
"5932","M2","D14","GonFat",0.00389594734295,"Cluster_2555"
"5933","M2","D14","GonFat",0.00140922111759,"Cluster_2002"
"5934","M2","D14","GonFat",0.00232819633664,"Cluster_225"
"5935","M2","D14","GonFat",0.00195644665473,"Cluster_1534"
"5936","M2","D14","GonFat",0.00187827872795,"Cluster_1208"
"5937","M2","D14","GonFat",0.00240170729445,"Cluster_1818"
"5938","M2","D14","GonFat",0.00405095851044,"Cluster_1934"
"5939","M2","D14","GonFat",0.00874423249794,"Cluster_1904"
"5940","M2","D14","GonFat",0.00430029896106,"Cluster_1734"
"5941","M2","D14","GonFat",0.0124263673954,"Cluster_987"
"5942","M2","D14","GonFat",0.00163163606671,"Cluster_1389"
"5943","M2","D14","GonFat",0.00217991863163,"Cluster_956"
"5944","M2","D14","GonFat",0,"Cluster_791"
"5945","M2","D14","GonFat",0.00133387258963,"Cluster_1689"
"5946","M2","D14","GonFat",0.00322395560168,"Cluster_1426"
"5947","M2","D14","GonFat",0.855465979167,"Cluster_248"
"5948","M2","D14","GonFat",0.000489490820012,"Cluster_4018"
"5949","M2","D14","GonFat",0.00213387404349,"Cluster_2394"
"5950","M2","D14","GonFat",0.000947401587119,"Cluster_563"
"5951","M2","D14","GonFat",0.00360191358122,"Cluster_1425"
"5952","M2","D14","GonFat",0.00207872744595,"Cluster_3692"
"5953","M2","D14","GonFat",0.000847675104265,"Cluster_564"
"5954","M2","D14","GonFat",0.00191539886092,"Cluster_708"
"5955","M2","D14","GonFat",0.00180874206009,"Cluster_625"
"5956","M2","D14","GonFat",0.00293961729943,"Cluster_741"
"5957","M2","D14","GonFat",0.00238928791487,"Cluster_3255"
"5958","M2","D14","GonFat",0.00146375068364,"Cluster_1960"
"5959","M2","D14","GonFat",0.0591852991492,"Cluster_84"
"5960","M2","D14","GonFat",0.0902749463136,"Cluster_161"
"5961","M2","D14","GonFat",0.0033148362529,"Cluster_113"
"5962","M2","D14","GonFat",0.00386440121062,"Cluster_593"
"5963","M2","D14","GonFat",0.00132636222197,"Cluster_2586"
"5964","M2","D14","GonFat",0.0096987483407,"Cluster_254"
"5965","M2","D14","GonFat",0.00197953513731,"Cluster_233"
"5966","M2","D14","GonFat",0.0122914395045,"Cluster_1013"
"5967","M2","D14","GonFat",0.00215537110046,"Cluster_572"
"5968","M2","D14","GonFat",0.00333558841338,"Cluster_97"
"5969","M2","D14","GonFat",0.00126169471507,"Cluster_4192"
"5970","M2","D14","GonFat",0.015449652377,"Cluster_66"
"5971","M2","D14","GonFat",0,"Cluster_1635"
"5972","M2","D14","GonFat",0.0194435772346,"Cluster_119"
"5973","M2","D14","GonFat",0.203317690707,"Cluster_712"
"5974","M2","D14","GonFat",0.00559418080013,"Cluster_100"
"5975","M2","D14","GonFat",0.0140872732783,"Cluster_1376"
"5976","M2","D14","GonFat",0.0229204932224,"Cluster_1123"
"5977","M2","D14","GonFat",0.00494944756725,"Cluster_261"
"5978","M2","D14","GonFat",0.00382990725281,"Cluster_771"
"5979","M2","D14","GonFat",0.00250803464709,"Cluster_2707"
"5980","M2","D14","GonFat",0.245591623644,"Cluster_1545"
"5981","M2","D14","GonFat",0.00218173051205,"Cluster_3996"
"5982","M2","D14","GonFat",0.00901297266969,"Cluster_549"
"5983","M2","D14","GonFat",0.0267767771294,"Cluster_1229"
"5984","M2","D14","GonFat",0.00297227971387,"Cluster_447"
"5985","M2","D14","GonFat",0.000646271498304,"Cluster_4268"
"5986","M2","D14","GonFat",0.000930517202398,"Cluster_3575"
"5987","M2","D14","GonFat",0.00156187894602,"Cluster_3784"
"5988","M2","D14","GonFat",0.0157707331721,"Cluster_2215"
"5989","M2","D14","GonFat",0.0430010388378,"Cluster_2481"
"5990","M2","D14","GonFat",0.00128729728639,"Cluster_1362"
"5991","M2","D14","GonFat",0.778838424767,"Cluster_2315"
"5992","M2","D14","GonFat",0.00221699344161,"Cluster_1789"
"5993","M2","D14","GonFat",0.00630949176254,"Cluster_1137"
"5994","M2","D14","GonFat",0.40546879384,"Cluster_279"
"5995","M2","D14","GonFat",0.000683010446528,"Cluster_2037"
"5996","M2","D14","Heart",0.000526935286125,"Cluster_791"
"5997","M2","D14","Heart",0.0604291082189,"Cluster_826"
"5998","M2","D14","Heart",0.00333506443503,"Cluster_593"
"5999","M2","D14","Heart",0.000804244086472,"Cluster_3288"
"6000","M2","D14","Heart",0.0111276484055,"Cluster_712"
"6001","M2","D14","Heart",0.000934933750524,"Cluster_3198"
"6002","M2","D14","Heart",1.18672114724,"Cluster_469"
"6003","M2","D14","Heart",0.00255255955164,"Cluster_1126"
"6004","M2","D14","Heart",0.00234158110544,"Cluster_2374"
"6005","M2","D14","Heart",0.00715504854828,"Cluster_772"
"6006","M2","D14","Heart",0.00374999121812,"Cluster_142"
"6007","M2","D14","Heart",0.000783483576945,"Cluster_3769"
"6008","M2","D14","Heart",0.00177823401361,"Cluster_4293"
"6009","M2","D14","Heart",0.00289609107906,"Cluster_1271"
"6010","M2","D14","Heart",0.00379719681729,"Cluster_2528"
"6011","M2","D14","Heart",0.00448843636157,"Cluster_2210"
"6012","M2","D14","Heart",0.0114415090113,"Cluster_436"
"6013","M2","D14","Heart",0.00256710879875,"Cluster_4003"
"6014","M2","D14","Heart",0.000947691131136,"Cluster_2118"
"6015","M2","D14","Heart",0.340604320879,"Cluster_232"
"6016","M2","D14","Heart",0.0010772899183,"Cluster_2519"
"6017","M2","D14","Heart",0.00280801798376,"Cluster_3405"
"6018","M2","D14","Heart",0.000759086846346,"Cluster_3176"
"6019","M2","D14","Heart",0.000924964427296,"Cluster_2317"
"6020","M2","D14","Heart",0.00165845947949,"Cluster_1028"
"6021","M2","D14","Heart",0.00148035757481,"Cluster_1689"
"6022","M2","D14","Heart",0.000302987789522,"Cluster_4132"
"6023","M2","D14","Heart",0.0013281656527,"Cluster_3148"
"6024","M2","D14","Heart",0.00224529898761,"Cluster_715"
"6025","M2","D14","Heart",0.00155495620283,"Cluster_2158"
"6026","M2","D14","Heart",0.00249519356077,"Cluster_3010"
"6027","M2","D14","Heart",0.00196153944661,"Cluster_764"
"6028","M2","D14","Heart",0.00677337972584,"Cluster_1408"
"6029","M2","D14","Heart",0.000570329956747,"Cluster_2840"
"6030","M2","D14","Heart",0.00154727857696,"Cluster_3785"
"6031","M2","D14","Heart",0.15954727435,"Cluster_1613"
"6032","M2","D14","Heart",0.00427810697045,"Cluster_4053"
"6033","M2","D14","Heart",0.00106582938725,"Cluster_2475"
"6034","M2","D14","Heart",0.2523871909,"Cluster_315"
"6035","M2","D14","Heart",0.0112313937722,"Cluster_2441"
"6036","M2","D14","Heart",0.0441110410135,"Cluster_103"
"6037","M2","D14","Heart",0.00109466556214,"Cluster_3921"
"6038","M2","D14","Heart",0.000888546401616,"Cluster_2602"
"6039","M2","D14","Heart",0,"Cluster_2084"
"6040","M2","D14","Heart",0.00112614077378,"Cluster_166"
"6041","M2","D14","Heart",0.00334833352985,"Cluster_1523"
"6042","M2","D14","Heart",0.00342197974048,"Cluster_2956"
"6043","M2","D14","Heart",0.0032759908437,"Cluster_603"
"6044","M2","D14","Heart",0.0015235957416,"Cluster_4021"
"6045","M2","D14","Heart",0.00245728940042,"Cluster_2970"
"6046","M2","D14","Heart",0.00599364936363,"Cluster_1872"
"6047","M2","D14","Heart",0.000863713663755,"Cluster_3101"
"6048","M2","D14","Heart",0.000803186566306,"Cluster_765"
"6049","M2","D14","Heart",0.00217725962435,"Cluster_3302"
"6050","M2","D14","Heart",0.0139574155349,"Cluster_2344"
"6051","M2","D14","Heart",0.000733001387709,"Cluster_3977"
"6052","M2","D14","Heart",0.00272532946219,"Cluster_1935"
"6053","M2","D14","Heart",0.00233506819987,"Cluster_484"
"6054","M2","D14","Heart",0.0335219044707,"Cluster_943"
"6055","M2","D14","Heart",0.00713389310446,"Cluster_691"
"6056","M2","D14","Heart",0.00184153617527,"Cluster_1811"
"6057","M2","D14","Heart",0.00353997904188,"Cluster_771"
"6058","M2","D14","Heart",0.0015273905006,"Cluster_4151"
"6059","M2","D14","Heart",0.0155533731954,"Cluster_1675"
"6060","M2","D14","Heart",0.00120359287424,"Cluster_114"
"6061","M2","D14","Heart",0.00345830648932,"Cluster_2156"
"6062","M2","D14","Heart",0.000312761589184,"Cluster_2510"
"6063","M2","D14","Heart",0.00100299406187,"Cluster_1562"
"6064","M2","D14","Heart",0.00135904266616,"Cluster_3011"
"6065","M2","D14","Heart",0.136473925219,"Cluster_161"
"6066","M2","D14","Heart",0.0132725029529,"Cluster_324"
"6067","M2","D14","Heart",0.0439240480325,"Cluster_1009"
"6068","M2","D14","Heart",0.0112214123163,"Cluster_3615"
"6069","M2","D14","Heart",0.0016343396027,"Cluster_1515"
"6070","M2","D14","Heart",0.0210922026109,"Cluster_1010"
"6071","M2","D14","Heart",0.00115832500065,"Cluster_4045"
"6072","M2","D14","Heart",0.00171328035199,"Cluster_481"
"6073","M2","D14","Heart",0.00146865454844,"Cluster_3031"
"6074","M2","D14","Heart",0.0014736742449,"Cluster_1714"
"6075","M2","D14","Heart",0.00190503181002,"Cluster_728"
"6076","M2","D14","Heart",0.00952747731213,"Cluster_949"
"6077","M2","D14","Heart",0.00121195115809,"Cluster_2633"
"6078","M2","D14","Heart",0.00786236464134,"Cluster_3692"
"6079","M2","D14","Heart",0.0028487099386,"Cluster_2074"
"6080","M2","D14","Heart",0.00258420046534,"Cluster_3649"
"6081","M2","D14","Heart",0,"Cluster_306"
"6082","M2","D14","Heart",0.00305454592764,"Cluster_3116"
"6083","M2","D14","Heart",0.00139645055955,"Cluster_3249"
"6084","M2","D14","Heart",0.00183452191896,"Cluster_2110"
"6085","M2","D14","Heart",0.00111385589464,"Cluster_3060"
"6086","M2","D14","Heart",0.00795012686543,"Cluster_523"
"6087","M2","D14","Heart",0.00119086295984,"Cluster_3735"
"6088","M2","D14","Heart",0.0568040660277,"Cluster_888"
"6089","M2","D14","Heart",0.0515467537218,"Cluster_46"
"6090","M2","D14","Heart",0.000923391358542,"Cluster_1286"
"6091","M2","D14","Heart",0.00289105439893,"Cluster_1615"
"6092","M2","D14","Heart",0.00819719692379,"Cluster_323"
"6093","M2","D14","Heart",0.00206880834629,"Cluster_2724"
"6094","M2","D14","Heart",0.00796031556107,"Cluster_1365"
"6095","M2","D14","Heart",0.000760439942329,"Cluster_129"
"6096","M2","D14","Heart",0.0008128055671,"Cluster_3021"
"6097","M2","D14","Heart",0.00136204492443,"Cluster_186"
"6098","M2","D14","Heart",0.00506209457856,"Cluster_2921"
"6099","M2","D14","Heart",0.0154329193342,"Cluster_1260"
"6100","M2","D14","Heart",0.00203607794559,"Cluster_1496"
"6101","M2","D14","Heart",0.00254971039487,"Cluster_284"
"6102","M2","D14","Heart",0.00096687516213,"Cluster_2697"
"6103","M2","D14","Heart",0.00691927011323,"Cluster_1174"
"6104","M2","D14","Heart",0.0294459244335,"Cluster_1096"
"6105","M2","D14","Heart",0.00820766922902,"Cluster_56"
"6106","M2","D14","Heart",0.152907837779,"Cluster_128"
"6107","M2","D14","Heart",0.00111756243861,"Cluster_3351"
"6108","M2","D14","Heart",0.000923391358542,"Cluster_2058"
"6109","M2","D14","Heart",0.0308817976294,"Cluster_843"
"6110","M2","D14","Heart",0.00424863776768,"Cluster_4102"
"6111","M2","D14","Heart",0.00225760548367,"Cluster_4155"
"6112","M2","D14","Heart",0.122380134719,"Cluster_59"
"6113","M2","D14","Heart",0.0794116568346,"Cluster_107"
"6114","M2","D14","Heart",0.0740411394729,"Cluster_3404"
"6115","M2","D14","Heart",0,"Cluster_1328"
"6116","M2","D14","Heart",0,"Cluster_824"
"6117","M2","D14","Heart",0.00103076244675,"Cluster_2196"
"6118","M2","D14","Heart",0,"Cluster_1548"
"6119","M2","D14","Heart",0.0454520281453,"Cluster_536"
"6120","M2","D14","Heart",0.00242887952832,"Cluster_3750"
"6121","M2","D14","Heart",0.00499136148934,"Cluster_2361"
"6122","M2","D14","Heart",0.00301024191187,"Cluster_619"
"6123","M2","D14","Heart",0.00123453409892,"Cluster_1730"
"6124","M2","D14","Heart",0.0486788238032,"Cluster_86"
"6125","M2","D14","Heart",0.00201006533536,"Cluster_2376"
"6126","M2","D14","Heart",0.0703406946654,"Cluster_1705"
"6127","M2","D14","Heart",0.00140331186726,"Cluster_1897"
"6128","M2","D14","Heart",0.0290310702967,"Cluster_66"
"6129","M2","D14","Heart",0.16034647792,"Cluster_119"
"6130","M2","D14","Heart",0.0418157002924,"Cluster_648"
"6131","M2","D14","Heart",0.00130267302981,"Cluster_4302"
"6132","M2","D14","Heart",0.000944377525782,"Cluster_2301"
"6133","M2","D14","Heart",0.00241845534468,"Cluster_4101"
"6134","M2","D14","Heart",0.027747833503,"Cluster_23"
"6135","M2","D14","Heart",0.162313280563,"Cluster_1678"
"6136","M2","D14","Heart",0.000176283804813,"Cluster_2302"
"6137","M2","D14","Heart",0.000926469329738,"Cluster_4059"
"6138","M2","D14","Heart",0.00168171629724,"Cluster_2851"
"6139","M2","D14","Heart",0.000864866554128,"Cluster_4211"
"6140","M2","D14","Heart",0.145289820023,"Cluster_87"
"6141","M2","D14","Heart",0.00471498806708,"Cluster_2896"
"6142","M2","D14","Heart",0.295726927774,"Cluster_1545"
"6143","M2","D14","Heart",0.000255147612229,"Cluster_2103"
"6144","M2","D14","Heart",0.000597603971682,"Cluster_3874"
"6145","M2","D14","Heart",0.00103881527836,"Cluster_3080"
"6146","M2","D14","Heart",0.00467503172092,"Cluster_2511"
"6147","M2","D14","Heart",0.00179548319717,"Cluster_1567"
"6148","M2","D14","Heart",0.00218514125272,"Cluster_369"
"6149","M2","D14","Heart",0.00165335652724,"Cluster_3846"
"6150","M2","D14","Heart",0.00161122369705,"Cluster_3544"
"6151","M2","D14","Heart",0.000986401935118,"Cluster_2974"
"6152","M2","D14","Heart",0.00378998380896,"Cluster_355"
"6153","M2","D14","Heart",0.00256053928071,"Cluster_2508"
"6154","M2","D14","Heart",0.00248871253853,"Cluster_2893"
"6155","M2","D14","Heart",0.0202412445471,"Cluster_1046"
"6156","M2","D14","Heart",0.00583415449261,"Cluster_984"
"6157","M2","D14","Heart",0.025899331537,"Cluster_928"
"6158","M2","D14","Heart",0.00231429665177,"Cluster_1793"
"6159","M2","D14","Heart",0.000605975579043,"Cluster_3592"
"6160","M2","D14","Heart",0.00259181730955,"Cluster_1960"
"6161","M2","D14","Heart",0.00597206359161,"Cluster_692"
"6162","M2","D14","Heart",0.0158173639581,"Cluster_353"
"6163","M2","D14","Heart",0.00306921547839,"Cluster_1863"
"6164","M2","D14","Heart",0.00191181027755,"Cluster_2023"
"6165","M2","D14","Heart",0.000707278487394,"Cluster_2105"
"6166","M2","D14","Heart",0.00101391992311,"Cluster_774"
"6167","M2","D14","Heart",0.00199642669321,"Cluster_3387"
"6168","M2","D14","Heart",0.00131982115645,"Cluster_3958"
"6169","M2","D14","Heart",0.00167578431735,"Cluster_2755"
"6170","M2","D14","Heart",0.116158906213,"Cluster_1419"
"6171","M2","D14","Heart",0.0103092554207,"Cluster_92"
"6172","M2","D14","Heart",0.0029037251998,"Cluster_1591"
"6173","M2","D14","Heart",0.000711604349702,"Cluster_2568"
"6174","M2","D14","Heart",0.0672498231498,"Cluster_327"
"6175","M2","D14","Heart",0.000367855094053,"Cluster_3867"
"6176","M2","D14","Heart",0.000959961313336,"Cluster_2629"
"6177","M2","D14","Heart",0.00561949598199,"Cluster_1734"
"6178","M2","D14","Heart",0.00128439411907,"Cluster_2788"
"6179","M2","D14","Heart",0,"Cluster_3376"
"6180","M2","D14","Heart",0.00145308872701,"Cluster_1497"
"6181","M2","D14","Heart",0.00314209559504,"Cluster_538"
"6182","M2","D14","Heart",0.0350968490878,"Cluster_944"
"6183","M2","D14","Heart",0.000197869576831,"Cluster_3392"
"6184","M2","D14","Heart",0.00131218772003,"Cluster_4235"
"6185","M2","D14","Heart",0.308928604628,"Cluster_54"
"6186","M2","D14","Heart",0,"Cluster_3542"
"6187","M2","D14","Heart",0.00250634797319,"Cluster_1169"
"6188","M2","D14","Heart",0.0828747028045,"Cluster_532"
"6189","M2","D14","Heart",0.000823281453863,"Cluster_622"
"6190","M2","D14","Heart",0.0018765695351,"Cluster_1404"
"6191","M2","D14","Heart",0.00218346160385,"Cluster_2363"
"6192","M2","D14","Heart",0.00166846048532,"Cluster_3398"
"6193","M2","D14","Heart",0.00603612443081,"Cluster_1050"
"6194","M2","D14","Heart",0.00170472250808,"Cluster_507"
"6195","M2","D14","Heart",0,"Cluster_223"
"6196","M2","D14","Heart",0.0377421928736,"Cluster_792"
"6197","M2","D14","Heart",0.00731693525712,"Cluster_739"
"6198","M2","D14","Heart",0.170270456113,"Cluster_240"
"6199","M2","D14","Heart",0.00147207318029,"Cluster_881"
"6200","M2","D14","Heart",0.000828684552538,"Cluster_3971"
"6201","M2","D14","Heart",0.0299704782587,"Cluster_18"
"6202","M2","D14","Heart",0.00270539993512,"Cluster_2597"
"6203","M2","D14","Heart",0.000849250446543,"Cluster_3277"
"6204","M2","D14","Heart",0.000627547525223,"Cluster_2437"
"6205","M2","D14","Heart",0.00443426430887,"Cluster_466"
"6206","M2","D14","Heart",0.00168469806372,"Cluster_2474"
"6207","M2","D14","Heart",0.0030276251979,"Cluster_3834"
"6208","M2","D14","Heart",0.0039222833789,"Cluster_1391"
"6209","M2","D14","Heart",0.000877293818022,"Cluster_2728"
"6210","M2","D14","Heart",0.000248605365761,"Cluster_3163"
"6211","M2","D14","Heart",0.00575241889389,"Cluster_222"
"6212","M2","D14","Heart",0.00171456001081,"Cluster_2186"
"6213","M2","D14","Heart",0.00225223784619,"Cluster_1060"
"6214","M2","D14","Heart",0,"Cluster_2889"
"6215","M2","D14","Heart",0.000199909469375,"Cluster_3976"
"6216","M2","D14","Heart",0.00120023016043,"Cluster_3449"
"6217","M2","D14","Heart",0.000438715351344,"Cluster_551"
"6218","M2","D14","Heart",0.000868587616098,"Cluster_4085"
"6219","M2","D14","Heart",0.00622605940226,"Cluster_3203"
"6220","M2","D14","Heart",0.00412552274503,"Cluster_190"
"6221","M2","D14","Heart",0.00727170694852,"Cluster_672"
"6222","M2","D14","Heart",0.000570329956747,"Cluster_2861"
"6223","M2","D14","Heart",0.0354157053767,"Cluster_221"
"6224","M2","D14","Heart",0.0227741102355,"Cluster_1040"
"6225","M2","D14","Heart",1.10091950948,"Cluster_504"
"6226","M2","D14","Heart",0.149566693739,"Cluster_588"
"6227","M2","D14","Heart",0.00459695553585,"Cluster_2045"
"6228","M2","D14","Heart",0.000298326438914,"Cluster_3698"
"6229","M2","D14","Heart",0.106795340567,"Cluster_248"
"6230","M2","D14","Heart",0.000989347884153,"Cluster_1544"
"6231","M2","D14","Heart",1.2134422805,"Cluster_215"
"6232","M2","D14","Heart",0.00133684017438,"Cluster_1772"
"6233","M2","D14","Heart",0.00314209559504,"Cluster_2537"
"6234","M2","D14","Heart",0.000497210731523,"Cluster_2534"
"6235","M2","D14","Heart",0,"Cluster_1119"
"6236","M2","D14","Heart",0,"Cluster_3162"
"6237","M2","D14","Heart",0.00229753774045,"Cluster_2718"
"6238","M2","D14","Heart",0.112302424186,"Cluster_2305"
"6239","M2","D14","Heart",0.0008430964578,"Cluster_1556"
"6240","M2","D14","Heart",0.00221756841308,"Cluster_3035"
"6241","M2","D14","Heart",0.00131465888335,"Cluster_1405"
"6242","M2","D14","Heart",0.000793792571379,"Cluster_2983"
"6243","M2","D14","Heart",0.00129755365624,"Cluster_1681"
"6244","M2","D14","Heart",0.00123740409032,"Cluster_2789"
"6245","M2","D14","Heart",0.00610747040296,"Cluster_2417"
"6246","M2","D14","Heart",0.000921396992757,"Cluster_3945"
"6247","M2","D14","Heart",0.00217148452861,"Cluster_1458"
"6248","M2","D14","Heart",0.00723610891718,"Cluster_9"
"6249","M2","D14","Heart",0,"Cluster_3100"
"6250","M2","D14","Heart",0.000959961313336,"Cluster_2038"
"6251","M2","D14","Heart",0.0010296222228,"Cluster_3257"
"6252","M2","D14","Heart",0,"Cluster_3833"
"6253","M2","D14","Heart",0.0296897003526,"Cluster_1904"
"6254","M2","D14","Heart",0.00135441219711,"Cluster_2318"
"6255","M2","D14","Heart",0.000719970985002,"Cluster_2321"
"6256","M2","D14","Heart",0.00308270653544,"Cluster_3184"
"6257","M2","D14","Heart",0.00765575380901,"Cluster_838"
"6258","M2","D14","Heart",0.00227040040219,"Cluster_909"
"6259","M2","D14","Heart",0.0012128535789,"Cluster_867"
"6260","M2","D14","Heart",0.00411393807474,"Cluster_4035"
"6261","M2","D14","Heart",0.00138267819079,"Cluster_2687"
"6262","M2","D14","Heart",0.00174655317008,"Cluster_4164"
"6263","M2","D14","Heart",0.00104033802137,"Cluster_3055"
"6264","M2","D14","Heart",0.00205318784429,"Cluster_1919"
"6265","M2","D14","Heart",0.00083403090449,"Cluster_1946"
"6266","M2","D14","Heart",0.00148510426374,"Cluster_4004"
"6267","M2","D14","Heart",0.0455723285622,"Cluster_1740"
"6268","M2","D14","Heart",0.00244573927398,"Cluster_2208"
"6269","M2","D14","Heart",0.00342295716971,"Cluster_1812"
"6270","M2","D14","Heart",0.00425862581776,"Cluster_623"
"6271","M2","D14","Heart",0.0208143136991,"Cluster_163"
"6272","M2","D14","Heart",0.0637927865533,"Cluster_1963"
"6273","M2","D14","Heart",0.00105841556663,"Cluster_539"
"6274","M2","D14","Heart",0,"Cluster_4218"
"6275","M2","D14","Heart",0.00416501524751,"Cluster_1263"
"6276","M2","D14","Heart",0,"Cluster_2509"
"6277","M2","D14","Heart",0.00170397350873,"Cluster_884"
"6278","M2","D14","Heart",0.0600816268893,"Cluster_13"
"6279","M2","D14","Heart",0.00183224112089,"Cluster_1535"
"6280","M2","D14","Heart",0.000437866224857,"Cluster_2606"
"6281","M2","D14","Heart",0.000966675328474,"Cluster_342"
"6282","M2","D14","Heart",0.0319368732741,"Cluster_509"
"6283","M2","D14","Heart",0.000183513109111,"Cluster_3988"
"6284","M2","D14","Heart",0.000615594239028,"Cluster_1299"
"6285","M2","D14","Heart",0.00777256858815,"Cluster_890"
"6286","M2","D14","Heart",0.00116015837355,"Cluster_1755"
"6287","M2","D14","Heart",0.00154009677851,"Cluster_1747"
"6288","M2","D14","Heart",0.00234368684384,"Cluster_1324"
"6289","M2","D14","Heart",0.00397768585218,"Cluster_1208"
"6290","M2","D14","Heart",0.0133732541582,"Cluster_741"
"6291","M2","D14","Heart",0.207314378297,"Cluster_84"
"6292","M2","D14","Heart",0.00169754775005,"Cluster_3279"
"6293","M2","D14","Heart",0.0007722166671,"Cluster_1833"
"6294","M2","D14","Heart",0.009152197536,"Cluster_862"
"6295","M2","D14","Heart",0.157078408987,"Cluster_4"
"6296","M2","D14","Heart",0.00215767327499,"Cluster_1303"
"6297","M2","D14","Heart",0.00214629936067,"Cluster_2466"
"6298","M2","D14","Heart",0.000910476794087,"Cluster_1268"
"6299","M2","D14","Heart",0.0050172074708,"Cluster_2100"
"6300","M2","D14","Heart",0.000635051330361,"Cluster_2392"
"6301","M2","D14","Heart",0.0010506431712,"Cluster_2621"
"6302","M2","D14","Heart",0.0280795807539,"Cluster_8"
"6303","M2","D14","Heart",0.00816895255727,"Cluster_899"
"6304","M2","D14","Heart",0.00194039843085,"Cluster_331"
"6305","M2","D14","Heart",0,"Cluster_1434"
"6306","M2","D14","Heart",0.00528398242703,"Cluster_693"
"6307","M2","D14","Heart",0.00833042290271,"Cluster_443"
"6308","M2","D14","Heart",0.000770511994545,"Cluster_3032"
"6309","M2","D14","Heart",0.185153977913,"Cluster_1123"
"6310","M2","D14","Heart",0.0153937521418,"Cluster_62"
"6311","M2","D14","Heart",0,"Cluster_1877"
"6312","M2","D14","Heart",0.000526935286125,"Cluster_3224"
"6313","M2","D14","Heart",0.00274006348785,"Cluster_947"
"6314","M2","D14","Heart",0.112680152691,"Cluster_1909"
"6315","M2","D14","Heart",0.00353541553298,"Cluster_3030"
"6316","M2","D14","Heart",0.00415526111344,"Cluster_791"
"6317","M2","D14","Heart",12.1685735364,"Cluster_26"
"6318","M2","D14","Heart",0.0164307271509,"Cluster_549"
"6319","M2","D14","Heart",0.00307749693148,"Cluster_2473"
"6320","M2","D14","Heart",0.00246555012229,"Cluster_575"
"6321","M2","D14","Heart",0.000610747040296,"Cluster_2866"
"6322","M2","D14","Heart",0.157043617644,"Cluster_88"
"6323","M2","D14","Heart",0.0254104257681,"Cluster_2741"
"6324","M2","D14","Heart",0.00652773693069,"Cluster_1810"
"6325","M2","D14","Heart",0.000984325813675,"Cluster_1568"
"6326","M2","D14","Heart",0.0101992772784,"Cluster_1527"
"6327","M2","D14","Heart",0.00130557459978,"Cluster_1104"
"6328","M2","D14","Heart",0.00208048837042,"Cluster_4100"
"6329","M2","D14","Heart",0.00290727148257,"Cluster_381"
"6330","M2","D14","Heart",0,"Cluster_1120"
"6331","M2","D14","Heart",0.00390526979442,"Cluster_1072"
"6332","M2","D14","Heart",0.00399696545198,"Cluster_717"
"6333","M2","D14","Heart",0.00461626769468,"Cluster_1296"
"6334","M2","D14","Heart",0,"Cluster_4169"
"6335","M2","D14","Heart",0.00593032411336,"Cluster_864"
"6336","M2","D14","Heart",0.00230390715201,"Cluster_2019"
"6337","M2","D14","Heart",0.00238661151131,"Cluster_904"
"6338","M2","D14","Heart",0.00149994791412,"Cluster_1071"
"6339","M2","D14","Heart",0.00135919756047,"Cluster_3127"
"6340","M2","D14","Heart",0.0146511428889,"Cluster_19"
"6341","M2","D14","Heart",0.00064637395098,"Cluster_4189"
"6342","M2","D14","Heart",0.00312618884276,"Cluster_2296"
"6343","M2","D14","Heart",0.0166210444538,"Cluster_548"
"6344","M2","D14","Heart",0.0162296068126,"Cluster_409"
"6345","M2","D14","Heart",0.00160729351447,"Cluster_1027"
"6346","M2","D14","Heart",0.00393884126378,"Cluster_2133"
"6347","M2","D14","Heart",0.19688578468,"Cluster_918"
"6348","M2","D14","Heart",0.00106167702093,"Cluster_1025"
"6349","M2","D14","Heart",0.0205307227591,"Cluster_548"
"6350","M2","D14","Heart",0.00142383073118,"Cluster_2452"
"6351","M2","D14","Heart",0.014215366967,"Cluster_34"
"6352","M2","D14","Heart",0.00122816816734,"Cluster_3190"
"6353","M2","D14","Heart",0.102881187198,"Cluster_634"
"6354","M2","D14","Heart",0.0016222225618,"Cluster_292"
"6355","M2","D14","Heart",0,"Cluster_4160"
"6356","M2","D14","Heart",0.00862651166517,"Cluster_4288"
"6357","M2","D14","Heart",0.00152031742908,"Cluster_976"
"6358","M2","D14","Heart",0.00124103798588,"Cluster_2738"
"6359","M2","D14","Heart",0.00159258676895,"Cluster_982"
"6360","M2","D14","Heart",0.000625523178367,"Cluster_4159"
"6361","M2","D14","Heart",0.0032318697549,"Cluster_2411"
"6362","M2","D14","Heart",0.0023509044858,"Cluster_1652"
"6363","M2","D14","Heart",0.00356867214621,"Cluster_4052"
"6364","M2","D14","Heart",0.0010441425362,"Cluster_2709"
"6365","M2","D14","Heart",0.00209065959543,"Cluster_1595"
"6366","M2","D14","Heart",0.00258792578118,"Cluster_246"
"6367","M2","D14","Heart",63.492119899,"Cluster_1830"
"6368","M2","D14","Heart",0.0012432212036,"Cluster_2620"
"6369","M2","D14","Heart",0.0021545798366,"Cluster_583"
"6370","M2","D14","Heart",0.000980061586323,"Cluster_689"
"6371","M2","D14","Heart",0.000971874914361,"Cluster_2265"
"6372","M2","D14","Heart",0,"Cluster_479"
"6373","M2","D14","Heart",0.00155752759272,"Cluster_2900"
"6374","M2","D14","Heart",0.00235045073084,"Cluster_2767"
"6375","M2","D14","Heart",0.000298326438914,"Cluster_325"
"6376","M2","D14","Heart",0.00117522536542,"Cluster_644"
"6377","M2","D14","Heart",0.0108418569962,"Cluster_153"
"6378","M2","D14","Heart",0.0130771459258,"Cluster_1673"
"6379","M2","D14","Heart",0.10441425362,"Cluster_2315"
"6380","M2","D14","Heart",0.000747870687084,"Cluster_3907"
"6381","M2","D14","Heart",0.000589597860691,"Cluster_3514"
"6382","M2","D14","Heart",0.270404536263,"Cluster_202"
"6383","M2","D14","Heart",0.00650941964768,"Cluster_2622"
"6384","M2","D14","Heart",0.000819988880648,"Cluster_814"
"6385","M2","D14","Heart",0.0119919377748,"Cluster_589"
"6386","M2","D14","Heart",0.00181613919855,"Cluster_2013"
"6387","M2","D14","Heart",0.0106966308702,"Cluster_1592"
"6388","M2","D14","Heart",0.0016983439732,"Cluster_4051"
"6389","M2","D14","Heart",0,"Cluster_961"
"6390","M2","D14","Heart",0.00070194456215,"Cluster_3232"
"6391","M2","D14","Heart",0.0132581819713,"Cluster_402"
"6392","M2","D14","Heart",0.00465086256916,"Cluster_1748"
"6393","M2","D14","Heart",0.0143365742327,"Cluster_69"
"6394","M2","D14","Heart",0.00154295717331,"Cluster_3931"
"6395","M2","D14","Heart",0.000255147612229,"Cluster_2764"
"6396","M2","D14","Heart",0.0210028671074,"Cluster_363"
"6397","M2","D14","Heart",0.00138508703781,"Cluster_2642"
"6398","M2","D14","Heart",0.0278280995738,"Cluster_624"
"6399","M2","D14","Heart",0.00230172187422,"Cluster_782"
"6400","M2","D14","Heart",0.00160508967693,"Cluster_2607"
"6401","M2","D14","Heart",0.000575976788002,"Cluster_2626"
"6402","M2","D14","Heart",0.00130727315928,"Cluster_2283"
"6403","M2","D14","Heart",0.00107547934701,"Cluster_2018"
"6404","M2","D14","Heart",0.0490182302682,"Cluster_1088"
"6405","M2","D14","Heart",0.00309116544541,"Cluster_77"
"6406","M2","D14","Heart",0.00600438746342,"Cluster_1358"
"6407","M2","D14","Heart",0.00267108870154,"Cluster_2328"
"6408","M2","D14","Heart",0,"Cluster_326"
"6409","M2","D14","Heart",0.00951267324083,"Cluster_261"
"6410","M2","D14","Heart",0.000729777041429,"Cluster_2708"
"6411","M2","D14","Heart",0.00112688590699,"Cluster_2284"
"6412","M2","D14","Heart",0.00159537590954,"Cluster_1633"
"6413","M2","D14","Heart",0.00137003174392,"Cluster_3285"
"6414","M2","D14","Heart",0.00166806180898,"Cluster_2108"
"6415","M2","D14","Heart",0.00134394583867,"Cluster_2763"
"6416","M2","D14","Heart",0.0681060731741,"Cluster_254"
"6417","M2","D14","Heart",0.00104817397456,"Cluster_3780"
"6418","M2","D14","Heart",0.00132060884812,"Cluster_3043"
"6419","M2","D14","Heart",0.0080066966831,"Cluster_224"
"6420","M2","D14","Heart",0.00033289645544,"Cluster_3873"
"6421","M2","D14","Heart",0.00420985038213,"Cluster_194"
"6422","M2","D14","Heart",0.0249681500507,"Cluster_673"
"6423","M2","D14","Heart",0.00204662114543,"Cluster_3890"
"6424","M2","D14","Heart",0.00911702860333,"Cluster_2837"
"6425","M2","D14","Heart",0.00190549546243,"Cluster_3850"
"6426","M2","D14","Heart",0.00705656768969,"Cluster_694"
"6427","M2","D14","Heart",0.000676437855676,"Cluster_2955"
"6428","M2","D14","Heart",0.00627012519268,"Cluster_434"
"6429","M2","D14","Heart",0.486461527046,"Cluster_12"
"6430","M2","D14","Heart",0.00300639046967,"Cluster_2707"
"6431","M2","D14","Heart",0.020622187466,"Cluster_525"
"6432","M2","D14","Heart",0.00286446182497,"Cluster_649"
"6433","M2","D14","Heart",0.000812197634739,"Cluster_3092"
"6434","M2","D14","Heart",0.0174807536496,"Cluster_1722"
"6435","M2","D14","Heart",0.00160168043988,"Cluster_2748"
"6436","M2","D14","Heart",0.00241447078965,"Cluster_2576"
"6437","M2","D14","Heart",0.00140794325956,"Cluster_3126"
"6438","M2","D14","Heart",0.000412579117647,"Cluster_2858"
"6439","M2","D14","Heart",0.00246642691821,"Cluster_767"
"6440","M2","D14","Heart",0.00484780463235,"Cluster_2954"
"6441","M2","D14","Heart",0.000575027897082,"Cluster_2826"
"6442","M2","D14","Heart",0.00583071834893,"Cluster_2421"
"6443","M2","D14","Heart",0.00114838011595,"Cluster_1701"
"6444","M2","D14","Heart",0,"Cluster_1642"
"6445","M2","D14","Heart",0.00654256560138,"Cluster_340"
"6446","M2","D14","Heart",0.383602770037,"Cluster_1130"
"6447","M2","D14","Heart",0.00111872414593,"Cluster_2021"
"6448","M2","D14","Heart",0.00481371317924,"Cluster_228"
"6449","M2","D14","Heart",0.0686383216784,"Cluster_2245"
"6450","M2","D14","Heart",0.00152087988466,"Cluster_1411"
"6451","M2","D14","Heart",0.00745125526824,"Cluster_112"
"6452","M2","D14","Heart",0,"Cluster_2515"
"6453","M2","D14","Heart",0.00265229432773,"Cluster_3579"
"6454","M2","D14","Heart",0.656054869927,"Cluster_1274"
"6455","M2","D14","Heart",0.00811558405119,"Cluster_719"
"6456","M2","D14","Heart",0.0166390977244,"Cluster_272"
"6457","M2","D14","Heart",0.00153898559757,"Cluster_3145"
"6458","M2","D14","Heart",0.00136344505285,"Cluster_4133"
"6459","M2","D14","Heart",0,"Cluster_1569"
"6460","M2","D14","Heart",0.0029248263012,"Cluster_31"
"6461","M2","D14","Heart",0.00140396386286,"Cluster_2993"
"6462","M2","D14","Heart",0.0022161392605,"Cluster_2386"
"6463","M2","D14","Heart",0.00196415520357,"Cluster_1738"
"6464","M2","D14","Heart",0.00175197867617,"Cluster_2535"
"6465","M2","D14","Heart",0.00364096719223,"Cluster_1049"
"6466","M2","D14","Heart",0.00119196395758,"Cluster_886"
"6467","M2","D14","Heart",0.00105283022618,"Cluster_345"
"6468","M2","D14","Heart",0.000551171586107,"Cluster_3712"
"6469","M2","D14","Heart",0.00409331625486,"Cluster_2314"
"6470","M2","D14","Heart",0.00154135326772,"Cluster_3793"
"6471","M2","D14","Heart",0.000711075406925,"Cluster_3593"
"6472","M2","D14","Heart",0.00341185281631,"Cluster_2451"
"6473","M2","D14","Heart",0.000269322479575,"Cluster_2780"
"6474","M2","D14","Heart",0.000938284767551,"Cluster_1469"
"6475","M2","D14","Heart",0.000593608730492,"Cluster_3191"
"6476","M2","D14","Heart",0.0352352629376,"Cluster_524"
"6477","M2","D14","Heart",0.0653005756801,"Cluster_650"
"6478","M2","D14","Heart",0.0015519950082,"Cluster_3210"
"6479","M2","D14","Heart",0,"Cluster_2766"
"6480","M2","D14","Heart",0.00512447834586,"Cluster_2973"
"6481","M2","D14","Heart",0.00120020219086,"Cluster_2025"
"6482","M2","D14","Heart",0.00539522843833,"Cluster_1059"
"6483","M2","D14","Heart",0.00155246915719,"Cluster_2294"
"6484","M2","D14","Heart",0.000817942345376,"Cluster_3757"
"6485","M2","D14","Heart",0.137795989092,"Cluster_151"
"6486","M2","D14","Heart",0.00158002521351,"Cluster_572"
"6487","M2","D14","Heart",0.00473812579451,"Cluster_1084"
"6488","M2","D14","Heart",0.00191493322276,"Cluster_1625"
"6489","M2","D14","Heart",0.00710697572315,"Cluster_3323"
"6490","M2","D14","Heart",0.000852361254039,"Cluster_1990"
"6491","M2","D14","Heart",0.00256254761631,"Cluster_714"
"6492","M2","D14","Heart",0.00129376261774,"Cluster_2434"
"6493","M2","D14","Heart",0.00111992064234,"Cluster_3910"
"6494","M2","D14","Heart",0,"Cluster_1570"
"6495","M2","D14","Heart",0.00184093846798,"Cluster_1219"
"6496","M2","D14","Heart",0.000990685845228,"Cluster_2241"
"6497","M2","D14","Heart",0.0160742995704,"Cluster_1247"
"6498","M2","D14","Heart",0.00263427874362,"Cluster_1346"
"6499","M2","D14","Heart",0.00166210444538,"Cluster_2942"
"6500","M2","D14","Heart",0.000698015767959,"Cluster_3130"
"6501","M2","D14","Heart",0.0430268668656,"Cluster_591"
"6502","M2","D14","Heart",0.00346529593973,"Cluster_2043"
"6503","M2","D14","Heart",0.00125745103092,"Cluster_2998"
"6504","M2","D14","Heart",0.000915967106413,"Cluster_3664"
"6505","M2","D14","Heart",0.00154248329211,"Cluster_835"
"6506","M2","D14","Heart",0.00107507782401,"Cluster_1855"
"6507","M2","D14","Heart",0.0174458212012,"Cluster_98"
"6508","M2","D14","Heart",0.00364621203117,"Cluster_1976"
"6509","M2","D14","Heart",0.278954009313,"Cluster_893"
"6510","M2","D14","Heart",0.00728993177797,"Cluster_725"
"6511","M2","D14","Heart",0.000492788272666,"Cluster_3271"
"6512","M2","D14","Heart",0.00244414751396,"Cluster_1682"
"6513","M2","D14","Heart",0.000959961313336,"Cluster_1842"
"6514","M2","D14","Heart",0.000937122085064,"Cluster_3531"
"6515","M2","D14","Heart",0.00146269967355,"Cluster_170"
"6516","M2","D14","Heart",0.000829842539686,"Cluster_3095"
"6517","M2","D14","Heart",0,"Cluster_2277"
"6518","M2","D14","Heart",0.00299818071108,"Cluster_368"
"6519","M2","D14","Heart",0.433065540387,"Cluster_294"
"6520","M2","D14","Heart",0.00221880288942,"Cluster_3428"
"6521","M2","D14","Heart",0.00335533444216,"Cluster_4019"
"6522","M2","D14","Heart",0.00129021806262,"Cluster_3500"
"6523","M2","D14","Heart",0.0031968494944,"Cluster_2311"
"6524","M2","D14","Heart",0.00372076724967,"Cluster_2322"
"6525","M2","D14","Heart",0.158705338945,"Cluster_647"
"6526","M2","D14","Heart",0,"Cluster_668"
"6527","M2","D14","Heart",0.00127130421638,"Cluster_883"
"6528","M2","D14","Heart",0.00105530440976,"Cluster_1417"
"6529","M2","D14","Heart",0,"Cluster_3519"
"6530","M2","D14","Heart",0.00104991127949,"Cluster_4036"
"6531","M2","D14","Heart",0.00325356015594,"Cluster_263"
"6532","M2","D14","Heart",0,"Cluster_489"
"6533","M2","D14","Heart",0.0489974539627,"Cluster_293"
"6534","M2","D14","Heart",0.0874109695571,"Cluster_437"
"6535","M2","D14","Heart",0.00116168590268,"Cluster_1618"
"6536","M2","D14","Heart",0.122918269114,"Cluster_1571"
"6537","M2","D14","Heart",0.00191097569923,"Cluster_1624"
"6538","M2","D14","Heart",0.00264425707219,"Cluster_2353"
"6539","M2","D14","Heart",0.0005620643052,"Cluster_4312"
"6540","M2","D14","Heart",0.000767019768777,"Cluster_2759"
"6541","M2","D14","Heart",0.0724373203501,"Cluster_853"
"6542","M2","D14","Heart",0,"Cluster_1536"
"6543","M2","D14","Heart",0.00115768468832,"Cluster_3319"
"6544","M2","D14","Heart",0.0111429062884,"Cluster_109"
"6545","M2","D14","Heart",0.00169767477397,"Cluster_2577"
"6546","M2","D14","Heart",0.00124013606874,"Cluster_3578"
"6547","M2","D14","Heart",0.0046590216452,"Cluster_1030"
"6548","M2","D14","Heart",0.00114584473128,"Cluster_653"
"6549","M2","D14","Heart",0,"Cluster_3201"
"6550","M2","D14","Heart",0.0183348312513,"Cluster_1729"
"6551","M2","D14","Heart",0.0022439211413,"Cluster_3427"
"6552","M2","D14","Heart",0.00102059044892,"Cluster_3959"
"6553","M2","D14","Heart",0.000356456222967,"Cluster_3009"
"6554","M2","D14","Heart",0.00169109463919,"Cluster_2189"
"6555","M2","D14","Heart",0.00191926736298,"Cluster_2085"
"6556","M2","D14","Heart",0.000754413400999,"Cluster_1648"
"6557","M2","D14","Heart",0.000494673942076,"Cluster_3079"
"6558","M2","D14","Heart",0.00528851414438,"Cluster_282"
"6559","M2","D14","Heart",0,"Cluster_4217"
"6560","M2","D14","Heart",0.00117969390293,"Cluster_2188"
"6561","M2","D14","Heart",0.0015835043505,"Cluster_957"
"6562","M2","D14","Heart",0.00358604726228,"Cluster_3743"
"6563","M2","D14","Heart",0,"Cluster_1641"
"6564","M2","D14","Heart",0.000738074061672,"Cluster_1029"
"6565","M2","D14","Heart",0,"Cluster_477"
"6566","M2","D14","Heart",2.44816475868,"Cluster_1231"
"6567","M2","D14","Heart",0.00797395902143,"Cluster_3685"
"6568","M2","D14","Heart",0.00183482645447,"Cluster_3616"
"6569","M2","D14","Heart",0.00339730793269,"Cluster_1661"
"6570","M2","D14","Heart",0.00825126716644,"Cluster_225"
"6571","M2","D14","Heart",0.00333286568474,"Cluster_1011"
"6572","M2","D14","Heart",0,"Cluster_2968"
"6573","M2","D14","Heart",0.00105962942784,"Cluster_1534"
"6574","M2","D14","Heart",0,"Cluster_958"
"6575","M2","D14","Heart",0.000912032709414,"Cluster_1224"
"6576","M2","D14","Heart",0.00114716403274,"Cluster_1461"
"6577","M2","D14","Heart",0.000410396159352,"Cluster_2282"
"6578","M2","D14","Heart",0,"Cluster_4236"
"6579","M2","D14","Heart",0.00347842476713,"Cluster_3415"
"6580","M2","D14","Heart",0.000830782488114,"Cluster_3475"
"6581","M2","D14","Heart",0.00207763055672,"Cluster_2320"
"6582","M2","D14","Heart",0.00709434824246,"Cluster_1906"
"6583","M2","D14","Heart",0.00177917575015,"Cluster_3027"
"6584","M2","D14","Heart",0.00183706280805,"Cluster_720"
"6585","M2","D14","Heart",0.0187857159992,"Cluster_1386"
"6586","M2","D14","Heart",0.0142963920049,"Cluster_2561"
"6587","M2","D14","Heart",0,"Cluster_581"
"6588","M2","D14","Heart",0.000436575276459,"Cluster_584"
"6589","M2","D14","Heart",0.000524086987281,"Cluster_305"
"6590","M2","D14","Heart",0.00188460838719,"Cluster_2574"
"6591","M2","D14","Heart",0,"Cluster_2008"
"6592","M2","D14","Heart",0.016325085685,"Cluster_376"
"6593","M2","D14","Heart",0.00628419119008,"Cluster_260"
"6594","M2","D14","Heart",0.0733061561128,"Cluster_546"
"6595","M2","D14","Heart",0.0017395816095,"Cluster_3161"
"6596","M2","D14","Heart",0.00110951055305,"Cluster_1437"
"6597","M2","D14","Heart",0.00170421635531,"Cluster_2071"
"6598","M2","D14","Heart",0.00359425332009,"Cluster_1789"
"6599","M2","D14","Heart",0.000543679024189,"Cluster_2341"
"6600","M2","D14","Heart",0,"Cluster_3183"
"6601","M2","D14","Heart",0.00700577217309,"Cluster_455"
"6602","M2","D14","Heart",0.000314452192369,"Cluster_1440"
"6603","M2","D14","Heart",0.00385084637986,"Cluster_1151"
"6604","M2","D14","Heart",0.0204398154959,"Cluster_2215"
"6605","M2","D14","Heart",0.0023547492874,"Cluster_1917"
"6606","M2","D14","Heart",0.000420143068137,"Cluster_341"
"6607","M2","D14","Heart",0.00899404564207,"Cluster_1209"
"6608","M2","D14","Heart",0.00312622170942,"Cluster_2124"
"6609","M2","D14","Heart",0.00163204054068,"Cluster_2195"
"6610","M2","D14","Heart",0.0091020005342,"Cluster_1005"
"6611","M2","D14","Heart",0.00336041002924,"Cluster_690"
"6612","M2","D14","Heart",0.00335880119542,"Cluster_1660"
"6613","M2","D14","Heart",0.00114938388989,"Cluster_2744"
"6614","M2","D14","Heart",0.0013309706488,"Cluster_3859"
"6615","M2","D14","Heart",0.00478448062409,"Cluster_1771"
"6616","M2","D14","Heart",0,"Cluster_3832"
"6617","M2","D14","Heart",0.00488425429124,"Cluster_2876"
"6618","M2","D14","Heart",0.00163756943297,"Cluster_3767"
"6619","M2","D14","Heart",0.00145469447089,"Cluster_1843"
"6620","M2","D14","Heart",0.00108590823765,"Cluster_3987"
"6621","M2","D14","Heart",0.0010073360275,"Cluster_2149"
"6622","M2","D14","Heart",0.00659476125662,"Cluster_2001"
"6623","M2","D14","Heart",0.000955624732455,"Cluster_4023"
"6624","M2","D14","Heart",0.00045271327306,"Cluster_2643"
"6625","M2","D14","Heart",0.00527139921187,"Cluster_3326"
"6626","M2","D14","Heart",0,"Cluster_3508"
"6627","M2","D14","Heart",0.00295242237008,"Cluster_496"
"6628","M2","D14","Heart",0.000471518991596,"Cluster_3580"
"6629","M2","D14","Heart",0.000665041790719,"Cluster_2756"
"6630","M2","D14","Heart",0.00199100002254,"Cluster_1596"
"6631","M2","D14","Heart",0.00108703033347,"Cluster_3393"
"6632","M2","D14","Heart",0.030379575696,"Cluster_1234"
"6633","M2","D14","Heart",0.0394166661965,"Cluster_987"
"6634","M2","D14","Heart",0.000959961313336,"Cluster_3503"
"6635","M2","D14","Heart",0.00101473760046,"Cluster_1105"
"6636","M2","D14","Heart",0.00391153335142,"Cluster_1083"
"6637","M2","D14","Heart",0.000820397707013,"Cluster_568"
"6638","M2","D14","Heart",0.00282788603554,"Cluster_1942"
"6639","M2","D14","Heart",0.00151100404125,"Cluster_1262"
"6640","M2","D14","Heart",0.00169792175339,"Cluster_2839"
"6641","M2","D14","Heart",0.00128238519333,"Cluster_4112"
"6642","M2","D14","Heart",0.00466945730474,"Cluster_1610"
"6643","M2","D14","Heart",0.0136492251981,"Cluster_595"
"6644","M2","D14","Heart",0.00483375302472,"Cluster_750"
"6645","M2","D14","Heart",0.00032318697549,"Cluster_1272"
"6646","M2","D14","Heart",0.00212380012465,"Cluster_3920"
"6647","M2","D14","Heart",0.692955715049,"Cluster_50"
"6648","M2","D14","Heart",0.00568363301724,"Cluster_304"
"6649","M2","D14","Heart",0,"Cluster_307"
"6650","M2","D14","Heart",0.0489650403961,"Cluster_655"
"6651","M2","D14","Heart",0.00233665700589,"Cluster_2267"
"6652","M2","D14","Heart",0.00181356720059,"Cluster_3755"
"6653","M2","D14","Heart",0.00333998212392,"Cluster_447"
"6654","M2","D14","Heart",0.000248605365761,"Cluster_666"
"6655","M2","D14","Heart",0.0773680089548,"Cluster_1095"
"6656","M2","D14","Heart",0.00228131982699,"Cluster_1918"
"6657","M2","D14","Heart",0.00145809937779,"Cluster_310"
"6658","M2","D14","Heart",0.00110563965299,"Cluster_2507"
"6659","M2","D14","Heart",0.0547459847433,"Cluster_606"
"6660","M2","D14","Heart",0,"Cluster_582"
"6661","M2","D14","Heart",0.00228131982699,"Cluster_317"
"6662","M2","D14","Heart",0,"Cluster_1056"
"6663","M2","D14","Heart",0.00165645989005,"Cluster_2497"
"6664","M2","D14","Heart",0.0016048920423,"Cluster_2362"
"6665","M2","D14","Heart",0.00367008938268,"Cluster_116"
"6666","M2","D14","Heart",0.0191188699545,"Cluster_403"
"6667","M2","D14","Heart",0.00469142383776,"Cluster_1369"
"6668","M2","D14","Heart",0.00245282716482,"Cluster_2631"
"6669","M2","D14","Heart",0.00305373520148,"Cluster_1403"
"6670","M2","D14","Heart",0.00465389244705,"Cluster_229"
"6671","M2","D14","Heart",0.0132489350778,"Cluster_1868"
"6672","M2","D14","Heart",0.00042618062702,"Cluster_4220"
"6673","M2","D14","Heart",0.00511338925428,"Cluster_106"
"6674","M2","D14","Heart",0.00132212853609,"Cluster_780"
"6675","M2","D14","Heart",0.00165534792324,"Cluster_3457"
"6676","M2","D14","Heart",0.0767551616088,"Cluster_493"
"6677","M2","D14","Heart",0.00136896887989,"Cluster_2549"
"6678","M2","D14","Heart",0.331331940175,"Cluster_338"
"6679","M2","D14","Heart",0.00106415223637,"Cluster_157"
"6680","M2","D14","Heart",0.00170697346209,"Cluster_2097"
"6681","M2","D14","Heart",0.00155274189341,"Cluster_502"
"6682","M2","D14","Heart",2.05007015138,"Cluster_1831"
"6683","M2","D14","Heart",0.00168953191147,"Cluster_1617"
"6684","M2","D14","Heart",0.0599924370158,"Cluster_357"
"6685","M2","D14","Heart",0.0266446255977,"Cluster_290"
"6686","M2","D14","Heart",0.00104817397456,"Cluster_2431"
"6687","M2","D14","Heart",0.00705401308013,"Cluster_1325"
"6688","M2","D14","Heart",0.119453806674,"Cluster_763"
"6689","M2","D14","Heart",0.000890088719382,"Cluster_2565"
"6690","M2","D14","Heart",0,"Cluster_710"
"6691","M2","D14","Heart",0.00061886867647,"Cluster_2024"
"6692","M2","D14","Heart",0.0007436160498,"Cluster_2727"
"6693","M2","D14","Heart",0.00293806341354,"Cluster_463"
"6694","M2","D14","Heart",0.00189471448226,"Cluster_2145"
"6695","M2","D14","Heart",0.00507154946153,"Cluster_64"
"6696","M2","D14","Heart",0.00642624138356,"Cluster_1754"
"6697","M2","D14","Heart",0.705293818534,"Cluster_303"
"6698","M2","D14","Heart",0.000418515507829,"Cluster_2821"
"6699","M2","D14","Heart",0.202270469143,"Cluster_467"
"6700","M2","D14","Heart",0.00099544242964,"Cluster_3747"
"6701","M2","D14","Heart",0.00238542767623,"Cluster_2562"
"6702","M2","D14","Heart",0.00414581017838,"Cluster_2329"
"6703","M2","D14","Heart",0.00154523772656,"Cluster_2394"
"6704","M2","D14","Heart",9.6956092647e-05,"Cluster_2952"
"6705","M2","D14","Heart",0,"Cluster_1407"
"6706","M2","D14","Heart",0.00235909209382,"Cluster_557"
"6707","M2","D14","Heart",0.0172250393397,"Cluster_445"
"6708","M2","D14","Heart",0.0106525315944,"Cluster_432"
"6709","M2","D14","Heart",0.000939662571909,"Cluster_4022"
"6710","M2","D14","Heart",0.00144643121898,"Cluster_1512"
"6711","M2","D14","Heart",0.0935515275616,"Cluster_841"
"6712","M2","D14","Heart",0.00395535164407,"Cluster_1543"
"6713","M2","D14","Heart",0.00100598450331,"Cluster_3199"
"6714","M2","D14","Heart",0.773284935611,"Cluster_514"
"6715","M2","D14","Heart",0.00137109625965,"Cluster_2263"
"6716","M2","D14","Heart",0.00488995945524,"Cluster_1773"
"6717","M2","D14","Heart",0.00199615484861,"Cluster_1864"
"6718","M2","D14","Heart",0.00238766103264,"Cluster_2586"
"6719","M2","D14","Heart",0.00196816028335,"Cluster_2912"
"6720","M2","D14","Heart",0.00321266101936,"Cluster_1139"
"6721","M2","D14","Heart",0.0116233496247,"Cluster_480"
"6722","M2","D14","Heart",0.00426384346249,"Cluster_552"
"6723","M2","D14","Heart",0.000643849052734,"Cluster_3485"
"6724","M2","D14","Heart",0.0118194093893,"Cluster_1472"
"6725","M2","D14","Heart",0.0013395249642,"Cluster_3215"
"6726","M2","D14","Heart",0.000648535736769,"Cluster_2817"
"6727","M2","D14","Heart",0.00102482087565,"Cluster_3786"
"6728","M2","D14","Heart",0.00578842344161,"Cluster_453"
"6729","M2","D14","Heart",0.332934032754,"Cluster_1152"
"6730","M2","D14","Heart",0.00127854188106,"Cluster_3223"
"6731","M2","D14","Heart",0.00129501986664,"Cluster_882"
"6732","M2","D14","Heart",0.00930356285586,"Cluster_1312"
"6733","M2","D14","Heart",0.00309070762767,"Cluster_124"
"6734","M2","D14","Heart",0.00595322759947,"Cluster_61"
"6735","M2","D14","Heart",0.0011648435159,"Cluster_769"
"6736","M2","D14","Heart",0.000528165485236,"Cluster_2104"
"6737","M2","D14","Heart",0.000834249695388,"Cluster_3831"
"6738","M2","D14","Heart",0.00165199021954,"Cluster_3377"
"6739","M2","D14","Heart",0.00071191536559,"Cluster_4292"
"6740","M2","D14","Heart",0.00252366247824,"Cluster_3991"
"6741","M2","D14","Heart",0,"Cluster_1735"
"6742","M2","D14","Heart",0.00110550860645,"Cluster_684"
"6743","M2","D14","Heart",0.00269246933297,"Cluster_3417"
"6744","M2","D14","Heart",0.00471103271482,"Cluster_2192"
"6745","M2","D14","Heart",0.00169498221307,"Cluster_2542"
"6746","M2","D14","Heart",0.0400104523707,"Cluster_1989"
"6747","M2","D14","Heart",0.00812955608124,"Cluster_1004"
"6748","M2","D14","Heart",0.000837031015657,"Cluster_1060"
"6749","M2","D14","Heart",0.000926542864886,"Cluster_2063"
"6750","M2","D14","Heart",0.00510930446729,"Cluster_52"
"6751","M2","D14","Heart",0.00270318551334,"Cluster_1427"
"6752","M2","D14","Heart",0.0016770783593,"Cluster_3960"
"6753","M2","D14","Heart",0.000651586644133,"Cluster_4245"
"6754","M2","D14","Heart",0.32102713095,"Cluster_32"
"6755","M2","D14","Heart",0.000379723600445,"Cluster_3754"
"6756","M2","D14","Heart",0.00053864495915,"Cluster_479"
"6757","M2","D14","Heart",0.00949271161192,"Cluster_1289"
"6758","M2","D14","Heart",0.00213236767334,"Cluster_789"
"6759","M2","D14","Heart",0.0450804396581,"Cluster_45"
"6760","M2","D14","Heart",0.00108330829773,"Cluster_3674"
"6761","M2","D14","Heart",0.00219426946517,"Cluster_937"
"6762","M2","D14","Heart",0.00358315994565,"Cluster_948"
"6763","M2","D14","Heart",0.0008430964578,"Cluster_3286"
"6764","M2","D14","Heart",0.00221848686565,"Cluster_1218"
"6765","M2","D14","Heart",0.00137893109542,"Cluster_3122"
"6766","M2","D14","Heart",0.00246433277578,"Cluster_188"
"6767","M2","D14","Heart",0.00317386778514,"Cluster_959"
"6768","M2","D14","Heart",0.0411715289864,"Cluster_662"
"6769","M2","D14","Heart",0.000932858304647,"Cluster_2663"
"6770","M2","D14","Heart",0.00317709230143,"Cluster_158"
"6771","M2","D14","Heart",0.045047292276,"Cluster_1276"
"6772","M2","D14","Heart",0.0261436386593,"Cluster_39"
"6773","M2","D14","Heart",0.000530228631663,"Cluster_3866"
"6774","M2","D14","Heart",0.00470222491366,"Cluster_1190"
"6775","M2","D14","Heart",0.000452126856903,"Cluster_1888"
"6776","M2","D14","Heart",0.0108881173561,"Cluster_3033"
"6777","M2","D14","Heart",0.00297037518714,"Cluster_2000"
"6778","M2","D14","Heart",0.00605628315101,"Cluster_740"
"6779","M2","D14","Heart",0.000554034815125,"Cluster_1441"
"6780","M2","D14","Heart",0.00253599028455,"Cluster_709"
"6781","M2","D14","Heart",0.115985984123,"Cluster_978"
"6782","M2","D14","Heart",0.00109518509967,"Cluster_3957"
"6783","M2","D14","Heart",0.0010157304944,"Cluster_1285"
"6784","M2","D14","Heart",0.00271879844366,"Cluster_599"
"6785","M2","D14","Heart",0.00264297220481,"Cluster_1854"
"6786","M2","D14","Heart",0.0014805748766,"Cluster_1947"
"6787","M2","D14","Heart",0.0203772126919,"Cluster_1137"
"6788","M2","D14","Heart",0.269231305818,"Cluster_1537"
"6789","M2","D14","Heart",0.00064637395098,"Cluster_2857"
"6790","M2","D14","Heart",0.00112633451427,"Cluster_2641"
"6791","M2","D14","Heart",0.285758248093,"Cluster_21"
"6792","M2","D14","Heart",0.0182972146631,"Cluster_1044"
"6793","M2","D14","Heart",0.00122832887644,"Cluster_2888"
"6794","M2","D14","Heart",0.0301641177124,"Cluster_286"
"6795","M2","D14","Heart",0.000497210731523,"Cluster_2765"
"6796","M2","D14","Heart",0.00884159186832,"Cluster_488"
"6797","M2","D14","Heart",0.0261559933591,"Cluster_414"
"6798","M2","D14","Heart",0.0275046990856,"Cluster_404"
"6799","M2","D14","Heart",0.00075878681202,"Cluster_1688"
"6800","M2","D14","Heart",0.00353085330051,"Cluster_1607"
"6801","M2","D14","Heart",0.018898785389,"Cluster_472"
"6802","M2","D14","Heart",0.00158295661464,"Cluster_1725"
"6803","M2","D14","Heart",0.000524086987281,"Cluster_4148"
"6804","M2","D14","Heart",0.0142636350358,"Cluster_1426"
"6805","M2","D14","Heart",0.000548808071587,"Cluster_4324"
"6806","M2","D14","Heart",0.0738892252321,"Cluster_3880"
"6807","M2","D14","Lung",0.00250761575497,"Cluster_340"
"6808","M2","D14","Lung",0.00220169028208,"Cluster_793"
"6809","M2","D14","Lung",0.00795189908459,"Cluster_662"
"6810","M2","D14","Lung",0.0058048970653,"Cluster_3404"
"6811","M2","D14","Lung",0.00937165601641,"Cluster_825"
"6812","M2","D14","Lung",0.00147005166526,"Cluster_1365"
"6813","M2","D14","Lung",0.00364270035467,"Cluster_599"
"6814","M2","D14","Lung",0.0579702892751,"Cluster_315"
"6815","M2","D14","Lung",2.66395135228,"Cluster_592"
"6816","M2","D14","Lung",0.0405527836761,"Cluster_151"
"6817","M2","D14","Lung",0.907499474898,"Cluster_1274"
"6818","M2","D14","Lung",0.00639734417523,"Cluster_712"
"6819","M2","D14","Lung",0.00426647609677,"Cluster_2561"
"6820","M2","D14","Lung",0.00145343700081,"Cluster_92"
"6821","M2","D14","Lung",0.0158095924116,"Cluster_932"
"6822","M2","D14","Lung",9.80215685216,"Cluster_1123"
"6823","M2","D14","Lung",0.000699979619561,"Cluster_4331"
"6824","M2","D14","Lung",0.00352270445132,"Cluster_673"
"6825","M2","D14","Lung",0.00263150400636,"Cluster_2543"
"6826","M2","D14","Lung",0.00799731617166,"Cluster_144"
"6827","M2","D14","Lung",0.0214288584995,"Cluster_409"
"6828","M2","D14","Lung",0.00150402678913,"Cluster_2235"
"6829","M2","D14","Lung",0.0226677054854,"Cluster_201"
"6830","M2","D14","Lung",0.00489400792506,"Cluster_9"
"6831","M2","D14","Lung",0.0582731787769,"Cluster_1130"
"6832","M2","D14","Lung",0.00252030104208,"Cluster_466"
"6833","M2","D14","Lung",0.0304644849251,"Cluster_2315"
"6834","M2","D14","Lung",0.00335960473213,"Cluster_443"
"6835","M2","D14","Lung",0.00511988087779,"Cluster_405"
"6836","M2","D14","Lung",0.022564887736,"Cluster_363"
"6837","M2","D14","Lung",0.00370113139612,"Cluster_1753"
"6838","M2","D14","Lung",0.727409865204,"Cluster_1537"
"6839","M2","D14","Lung",0.0279998776601,"Cluster_1678"
"6840","M2","D14","Lung",0.00112455310115,"Cluster_190"
"6841","M2","D14","Lung",0.006026769183,"Cluster_1868"
"6842","M2","D14","Lung",0.00471546906736,"Cluster_2588"
"6843","M2","D14","Lung",0.0142804315987,"Cluster_1419"
"6844","M2","D14","Lung",0.0576335559867,"Cluster_293"
"6845","M2","D14","Lung",0.0019045515936,"Cluster_1044"
"6846","M2","D14","Lung",0.00989830335266,"Cluster_792"
"6847","M2","D14","Lung",0.00274982435732,"Cluster_228"
"6848","M2","D14","Lung",0.0276428299988,"Cluster_763"
"6849","M2","D14","Lung",0.00145311558617,"Cluster_2000"
"6850","M2","D14","Lung",0.0167465167697,"Cluster_542"
"6851","M2","D14","Lung",0.00320013963843,"Cluster_2215"
"6852","M2","D14","Lung",2.83243903676,"Cluster_12"
"6853","M2","D14","Lung",0.00443056665285,"Cluster_628"
"6854","M2","D14","Lung",0.0049574357657,"Cluster_233"
"6855","M2","D14","Lung",0.00493289102267,"Cluster_859"
"6856","M2","D14","Lung",0.0572358276252,"Cluster_532"
"6857","M2","D14","Lung",1.09143582117,"Cluster_2305"
"6858","M2","D14","Lung",0.2289753621,"Cluster_109"
"6859","M2","D14","Lung",0.00344499773548,"Cluster_2014"
"6860","M2","D14","Lung",0.00172475344741,"Cluster_163"
"6861","M2","D14","Lung",0.00446352983475,"Cluster_221"
"6862","M2","D14","Lung",0.00167036269712,"Cluster_575"
"6863","M2","D14","Lung",0.00176996328099,"Cluster_899"
"6864","M2","D14","Lung",0.0144106696612,"Cluster_2358"
"6865","M2","D14","Lung",0.0796910428708,"Cluster_338"
"6866","M2","D14","Lung",0.000160892751383,"Cluster_723"
"6867","M2","D14","Lung",0.0015474481698,"Cluster_540"
"6868","M2","D14","Lung",0.00262196539218,"Cluster_1088"
"6869","M2","D14","Lung",0.000852251305458,"Cluster_1729"
"6870","M2","D14","Lung",0.000941222595588,"Cluster_1865"
"6871","M2","D14","Lung",0.00175519365145,"Cluster_18"
"6872","M2","D14","Lung",0.00219264952488,"Cluster_548"
"6873","M2","D14","Lung",0.00395375267532,"Cluster_509"
"6874","M2","D14","Lung",0.00196991234147,"Cluster_355"
"6875","M2","D14","Lung",0.00947374377258,"Cluster_491"
"6876","M2","D14","Lung",0,"Cluster_541"
"6877","M2","D14","Lung",0.00402219735607,"Cluster_261"
"6878","M2","D14","Lung",0.00143836232431,"Cluster_1948"
"6879","M2","D14","Lung",0.142448581062,"Cluster_1231"
"6880","M2","D14","Lung",0.0070900898111,"Cluster_39"
"6881","M2","D14","Lung",0.00111842808426,"Cluster_3972"
"6882","M2","D14","Lung",0.00563526001635,"Cluster_1386"
"6883","M2","D14","Lung",0.00544325325049,"Cluster_1904"
"6884","M2","D14","Lung",0.00192946578596,"Cluster_3558"
"6885","M2","D14","Lung",0.00299251689437,"Cluster_479"
"6886","M2","D14","Lung",0.000904357765492,"Cluster_2865"
"6887","M2","D14","Lung",0.00345405670774,"Cluster_189"
"6888","M2","D14","Lung",0.00971964199351,"Cluster_987"
"6889","M2","D14","Lung",0.00155237552278,"Cluster_1111"
"6890","M2","D14","Lung",0.017313847746,"Cluster_978"
"6891","M2","D14","Lung",0.0547727043165,"Cluster_119"
"6892","M2","D14","Lung",0.00571051310845,"Cluster_1325"
"6893","M2","D14","Lung",0.0569120983639,"Cluster_1545"
"6894","M2","D14","Lung",0.00373818903212,"Cluster_1649"
"6895","M2","D14","Lung",0.153356865596,"Cluster_294"
"6896","M2","D14","Lung",0.00143405513949,"Cluster_1730"
"6897","M2","D14","Lung",0.0233559866393,"Cluster_1220"
"6898","M2","D14","Lung",0.0127235727174,"Cluster_327"
"6899","M2","D14","Lung",0.000292824807516,"Cluster_3630"
"6900","M2","D14","Lung",0.00198603576076,"Cluster_1722"
"6901","M2","D14","Lung",0.0430681904813,"Cluster_54"
"6902","M2","D14","Lung",0.0274271169574,"Cluster_202"
"6903","M2","D14","Lung",0.0170675030667,"Cluster_230"
"6904","M2","D14","Lung",0.0500975078655,"Cluster_200"
"6905","M2","D14","Lung",0.00141632313188,"Cluster_4204"
"6906","M2","D14","Lung",0.00275948611444,"Cluster_2050"
"6907","M2","D14","Lung",0.00241339127074,"Cluster_4181"
"6908","M2","D14","Lung",0.00246825508251,"Cluster_1092"
"6909","M2","D14","Lung",0.00336245484218,"Cluster_3066"
"6910","M2","D14","Lung",0.000254630267405,"Cluster_1372"
"6911","M2","D14","Lung",0.000903780270112,"Cluster_139"
"6912","M2","D14","Lung",0.00412676640278,"Cluster_960"
"6913","M2","D14","Lung",0.0267388754321,"Cluster_379"
"6914","M2","D14","Lung",0.0358179240109,"Cluster_1571"
"6915","M2","D14","Lung",0.000950729894533,"Cluster_1536"
"6916","M2","D14","Lung",0.00490058045637,"Cluster_2245"
"6917","M2","D14","Lung",0.00994301033418,"Cluster_272"
"6918","M2","D14","Lung",0.00420322690215,"Cluster_23"
"6919","M2","D14","Lung",0.026033384413,"Cluster_826"
"6920","M2","D14","Lung",0,"Cluster_4182"
"6921","M2","D14","Lung",2.23803758339,"Cluster_741"
"6922","M2","D14","Lung",0.000875291544206,"Cluster_91"
"6923","M2","D14","Lung",0.00414740194303,"Cluster_2071"
"6924","M2","D14","Lung",0.00903654919173,"Cluster_493"
"6925","M2","D14","Lung",0.00450499703871,"Cluster_1024"
"6926","M2","D14","Lung",0.0103941630149,"Cluster_424"
"6927","M2","D14","Lung",0.00257311559255,"Cluster_694"
"6928","M2","D14","Lung",0.00364606764223,"Cluster_2421"
"6929","M2","D14","Lung",33.8496766,"Cluster_303"
"6930","M2","D14","Lung",0.00838663182327,"Cluster_536"
"6931","M2","D14","Lung",0.0140958646598,"Cluster_240"
"6932","M2","D14","Lung",0.0239795206732,"Cluster_893"
"6933","M2","D14","Lung",0.00682251613388,"Cluster_1008"
"6934","M2","D14","Lung",0.00353278961326,"Cluster_225"
"6935","M2","D14","Lung",5.49068907833,"Cluster_1830"
"6936","M2","D14","Lung",0.00553705090576,"Cluster_376"
"6937","M2","D14","Lung",1.62886636631,"Cluster_103"
"6938","M2","D14","Lung",0.00113753997907,"Cluster_1674"
"6939","M2","D14","Lung",0.00686527060684,"Cluster_598"
"6940","M2","D14","Lung",0.00191567631085,"Cluster_3685"
"6941","M2","D14","Lung",0.00639548686746,"Cluster_254"
"6942","M2","D14","Lung",0.00248156616539,"Cluster_770"
"6943","M2","D14","Lung",0.00135846560188,"Cluster_1637"
"6944","M2","D14","Lung",0.00140965990489,"Cluster_452"
"6945","M2","D14","Lung",0.00177959827772,"Cluster_971"
"6946","M2","D14","Lung",0.00544595493235,"Cluster_591"
"6947","M2","D14","Lung",0.00114273095616,"Cluster_1960"
"6948","M2","D14","Lung",0.00222010965176,"Cluster_326"
"6949","M2","D14","Lung",0.00258918777172,"Cluster_624"
"6950","M2","D14","Lung",0.028376837017,"Cluster_1013"
"6951","M2","D14","Lung",0.00368929743091,"Cluster_525"
"6952","M2","D14","Lung",11.1045225454,"Cluster_26"
"6953","M2","D14","Lung",0.0163092297857,"Cluster_437"
"6954","M2","D14","Lung",0.00198663670527,"Cluster_3310"
"6955","M2","D14","Lung",0.00593425535847,"Cluster_634"
"6956","M2","D14","Lung",0.00131818241326,"Cluster_2768"
"6957","M2","D14","Lung",0.00638095849214,"Cluster_215"
"6958","M2","D14","Lung",0.00950587994549,"Cluster_383"
"6959","M2","D14","Lung",0.000950492508792,"Cluster_4221"
"6960","M2","D14","Lung",0.0016268044862,"Cluster_1619"
"6961","M2","D14","Lung",0.00229827459298,"Cluster_353"
"6962","M2","D14","Lung",0.736408176108,"Cluster_357"
"6963","M2","D14","Lung",0.00804709394701,"Cluster_86"
"6964","M2","D14","Lung",0.927953571481,"Cluster_34"
"6965","M2","D14","Lung",0.0016427393476,"Cluster_359"
"6966","M2","D14","Lung",0.115401776601,"Cluster_84"
"6967","M2","D14","Lung",0.00372305826699,"Cluster_1004"
"6968","M2","D14","Lung",0.0215885042081,"Cluster_128"
"6969","M2","D14","Lung",0.0215910621461,"Cluster_1152"
"6970","M2","D14","Lung",0.00974777768336,"Cluster_66"
"6971","M2","D14","Lung",0.00160892751383,"Cluster_844"
"6972","M2","D14","Lung",0.00135567040517,"Cluster_566"
"6973","M2","D14","Lung",3.87462870307,"Cluster_1756"
"6974","M2","D14","Lung",0.00224081240512,"Cluster_98"
"6975","M2","D14","Lung",0.0349128395407,"Cluster_87"
"6976","M2","D14","Lung",0.00040112987331,"Cluster_138"
"6977","M2","D14","Lung",0.00218620100371,"Cluster_99"
"6978","M2","D14","Lung",0.0141481971421,"Cluster_524"
"6979","M2","D14","Lung",0,"Cluster_1815"
"6980","M2","D14","Lung",0.0307938345969,"Cluster_647"
"6981","M2","D14","Lung",0.00657966672759,"Cluster_13"
"6982","M2","D14","Lung",0.0019535362861,"Cluster_403"
"6983","M2","D14","Lung",0.0762277320951,"Cluster_232"
"6984","M2","D14","Lung",0.00316259893122,"Cluster_549"
"6985","M2","D14","Lung",0.321420980125,"Cluster_886"
"6986","M2","D14","Lung",0.00838189352876,"Cluster_853"
"6987","M2","D14","Lung",0.0284865334923,"Cluster_4"
"6988","M2","D14","Lung",0.0248317047914,"Cluster_514"
"6989","M2","D14","Lung",0.00216615526744,"Cluster_153"
"6990","M2","D14","Lung",0.00284690785085,"Cluster_472"
"6991","M2","D14","Lung",0.0024138649491,"Cluster_3520"
"6992","M2","D14","Lung",0.00491801294596,"Cluster_1613"
"6993","M2","D14","Lung",0.0139804020439,"Cluster_59"
"6994","M2","D14","Lung",0.00146253432636,"Cluster_3949"
"6995","M2","D14","Lung",0.343014738516,"Cluster_88"
"6996","M2","D14","Lung",0.00152657482591,"Cluster_2287"
"6997","M2","D14","Lung",0.0316806149511,"Cluster_467"
"6998","M2","D14","Lung",0.00974090686227,"Cluster_480"
"6999","M2","D14","Lung",0.00330783578861,"Cluster_16"
"7000","M2","D14","Lung",0.925289990877,"Cluster_469"
"7001","M2","D14","Lung",0.0257376026138,"Cluster_912"
"7002","M2","D14","Lung",2.3878719499,"Cluster_50"
"7003","M2","D14","Lung",0.00169988139816,"Cluster_890"
"7004","M2","D14","Lung",0.000433814529654,"Cluster_2920"
"7005","M2","D14","Lung",0.000839641025136,"Cluster_1073"
"7006","M2","D14","Lung",0.0059171852296,"Cluster_206"
"7007","M2","D14","Lung",0.000969453946785,"Cluster_2980"
"7008","M2","D14","Lung",0.00112511048388,"Cluster_1740"
"7009","M2","D14","Lung",0.00127315133703,"Cluster_1675"
"7010","M2","D14","Lung",0.0042455629274,"Cluster_64"
"7011","M2","D14","Lung",0.00164835156549,"Cluster_2361"
"7012","M2","D14","Lung",0.0234147545032,"Cluster_1909"
"7013","M2","D14","Lung",5.22369089592,"Cluster_248"
"7014","M2","D14","Lung",0.021484649539,"Cluster_21"
"7015","M2","D14","Lung",0.00158999895484,"Cluster_1174"
"7016","M2","D14","Lung",0.00443044626029,"Cluster_1650"
"7017","M2","D14","Lung",0.00197239507653,"Cluster_130"
"7018","M2","D14","Lung",0.0070716886201,"Cluster_650"
"7019","M2","D14","Lung",3.455312727,"Cluster_504"
"7020","M2","D14","Lung",0.0048166417224,"Cluster_1260"
"7021","M2","D14","Lung",0.310015010353,"Cluster_943"
"7022","M2","D14","Lung",5.70129253822,"Cluster_1831"
"7023","M2","D14","Lung",0.890371710183,"Cluster_888"
"7024","M2","D14","Lung",0.00173886465271,"Cluster_2536"
"7025","M2","D14","Lung",0.000993679092314,"Cluster_2640"
"7026","M2","D14","Lung",0.00165749891047,"Cluster_626"
"7027","M2","D14","Lung",0.00489148015579,"Cluster_107"
"7028","M2","D14","Lung",0.00178462880203,"Cluster_1755"
"7029","M2","D14","SubCu",0.00429483862561,"Cluster_781"
"7030","M2","D14","SubCu",0.00174034084811,"Cluster_4135"
"7031","M2","D14","SubCu",0.056331136295,"Cluster_1152"
"7032","M2","D14","SubCu",0,"Cluster_990"
"7033","M2","D14","SubCu",0.00729641311092,"Cluster_624"
"7034","M2","D14","SubCu",0.00369150541598,"Cluster_338"
"7035","M2","D14","SubCu",0.0177574139838,"Cluster_467"
"7036","M2","D14","SubCu",0.00119741899266,"Cluster_1615"
"7037","M2","D14","SubCu",0.00534684452023,"Cluster_1030"
"7038","M2","D14","SubCu",0.00289713083279,"Cluster_2488"
"7039","M2","D14","SubCu",0.0486977555401,"Cluster_87"
"7040","M2","D14","SubCu",0.00241310086397,"Cluster_1747"
"7041","M2","D14","SubCu",0.00614928359595,"Cluster_1783"
"7042","M2","D14","SubCu",0.00531165554955,"Cluster_543"
"7043","M2","D14","SubCu",0.00306347847506,"Cluster_3117"
"7044","M2","D14","SubCu",0.00579426166559,"Cluster_1325"
"7045","M2","D14","SubCu",0.000655562723353,"Cluster_3862"
"7046","M2","D14","SubCu",64.5009637852,"Cluster_504"
"7047","M2","D14","SubCu",0.0043594921103,"Cluster_151"
"7048","M2","D14","SubCu",0.0162754372118,"Cluster_527"
"7049","M2","D14","SubCu",0.00629583058878,"Cluster_466"
"7050","M2","D14","SubCu",0.0422524390209,"Cluster_181"
"7051","M2","D14","SubCu",0.195657799391,"Cluster_469"
"7052","M2","D14","SubCu",0.00238365778289,"Cluster_98"
"7053","M2","D14","SubCu",0.00306196835519,"Cluster_3934"
"7054","M2","D14","SubCu",0.00689660784467,"Cluster_1909"
"7055","M2","D14","SubCu",0.00128564110491,"Cluster_2018"
"7056","M2","D14","SubCu",0.0176957878671,"Cluster_792"
"7057","M2","D14","SubCu",0.00419834356926,"Cluster_358"
"7058","M2","D14","SubCu",0.00249970877884,"Cluster_3726"
"7059","M2","D14","SubCu",0.00904362725009,"Cluster_410"
"7060","M2","D14","SubCu",0.00329516298181,"Cluster_1748"
"7061","M2","D14","SubCu",0.0050530476733,"Cluster_4019"
"7062","M2","D14","SubCu",0.00928972552752,"Cluster_421"
"7063","M2","D14","SubCu",0.00305442122378,"Cluster_1190"
"7064","M2","D14","SubCu",0.00430576597514,"Cluster_1241"
"7065","M2","D14","SubCu",0.00604951548346,"Cluster_2358"
"7066","M2","D14","SubCu",0.0126425271199,"Cluster_1778"
"7067","M2","D14","SubCu",0.137070460738,"Cluster_409"
"7068","M2","D14","SubCu",0.0091947315233,"Cluster_3835"
"7069","M2","D14","SubCu",0.00279848220515,"Cluster_2314"
"7070","M2","D14","SubCu",0.0534037783512,"Cluster_1231"
"7071","M2","D14","SubCu",0.135987419506,"Cluster_425"
"7072","M2","D14","SubCu",0.271826677392,"Cluster_1545"
"7073","M2","D14","SubCu",0.00514900642949,"Cluster_2869"
"7074","M2","D14","SubCu",0.0429467587298,"Cluster_1830"
"7075","M2","D14","SubCu",0.00793100090489,"Cluster_2015"
"7076","M2","D14","SubCu",0.00333122390843,"Cluster_1106"
"7077","M2","D14","SubCu",0.00317664413251,"Cluster_1096"
"7078","M2","D14","SubCu",0.0139483749859,"Cluster_741"
"7079","M2","D14","SubCu",0.00520824278664,"Cluster_3685"
"7080","M2","D14","SubCu",0.00187643233521,"Cluster_772"
"7081","M2","D14","SubCu",0.00325790001791,"Cluster_228"
"7082","M2","D14","SubCu",0.0116506185667,"Cluster_66"
"7083","M2","D14","SubCu",0.0464898963325,"Cluster_128"
"7084","M2","D14","SubCu",0.0150941221859,"Cluster_532"
"7085","M2","D14","SubCu",0.00293182217944,"Cluster_3167"
"7086","M2","D14","SubCu",0.00871378196271,"Cluster_1386"
"7087","M2","D14","SubCu",0,"Cluster_274"
"7088","M2","D14","SubCu",0.0073090691135,"Cluster_327"
"7089","M2","D14","SubCu",0.00957839951547,"Cluster_1092"
"7090","M2","D14","SubCu",0,"Cluster_107"
"7091","M2","D14","SubCu",0.0039539579605,"Cluster_2004"
"7092","M2","D14","SubCu",0.026285173018,"Cluster_542"
"7093","M2","D14","SubCu",0.0180746269425,"Cluster_807"
"7094","M2","D14","SubCu",0.773758318939,"Cluster_2305"
"7095","M2","D14","SubCu",0.0405221513336,"Cluster_662"
"7096","M2","D14","SubCu",0.00366759181117,"Cluster_1789"
"7097","M2","D14","SubCu",0.023641142975,"Cluster_13"
"7098","M2","D14","SubCu",0.512580149739,"Cluster_1989"
"7099","M2","D14","SubCu",0.329605227414,"Cluster_1250"
"7100","M2","D14","SubCu",0.00210500318832,"Cluster_1074"
"7101","M2","D14","SubCu",0.0438540517529,"Cluster_1123"
"7102","M2","D14","SubCu",0.0265582777478,"Cluster_1678"
"7103","M2","D14","SubCu",0.0178571503749,"Cluster_888"
"7104","M2","D14","SubCu",0.0114723476587,"Cluster_1401"
"7105","M2","D14","SubCu",0.00163480954136,"Cluster_3429"
"7106","M2","D14","SubCu",0.00129466558351,"Cluster_1592"
"7107","M2","D14","SubCu",0.0344194297335,"Cluster_71"
"7108","M2","D14","SubCu",0.0168282797916,"Cluster_54"
"7109","M2","D14","SubCu",0.0120430969547,"Cluster_2639"
"7110","M2","D14","SubCu",0.0489889440086,"Cluster_479"
"7111","M2","D14","SubCu",0.00259057454334,"Cluster_4199"
"7112","M2","D14","SubCu",0.00525048319854,"Cluster_3891"
"7113","M2","D14","SubCu",0.00315469794336,"Cluster_443"
"7114","M2","D14","SubCu",0.00365547475087,"Cluster_795"
"7115","M2","D14","SubCu",0.00165970511813,"Cluster_139"
"7116","M2","D14","SubCu",0.00990432057906,"Cluster_650"
"7117","M2","D14","SubCu",0.00303936421774,"Cluster_372"
"7118","M2","D14","SubCu",0.025422574699,"Cluster_591"
"7119","M2","D14","SubCu",0.00569819459623,"Cluster_2009"
"7120","M2","D14","SubCu",0.0147144282968,"Cluster_261"
"7121","M2","D14","SubCu",0.0065779318824,"Cluster_273"
"7122","M2","D14","SubCu",0.00251917123162,"Cluster_2749"
"7123","M2","D14","SubCu",0.00591842441557,"Cluster_18"
"7124","M2","D14","SubCu",0.677016175743,"Cluster_26"
"7125","M2","D14","SubCu",0.0129115588402,"Cluster_158"
"7126","M2","D14","SubCu",0.0361735783467,"Cluster_340"
"7127","M2","D14","SubCu",0.00283564249256,"Cluster_207"
"7128","M2","D14","SubCu",0.0030359027592,"Cluster_617"
"7129","M2","D14","SubCu",0.00401060231538,"Cluster_1675"
"7130","M2","D14","SubCu",0.0591314089429,"Cluster_386"
"7131","M2","D14","SubCu",0.00392958841992,"Cluster_1868"
"7132","M2","D14","SubCu",0.00290931198326,"Cluster_144"
"7133","M2","D14","SubCu",0.00315720350344,"Cluster_1920"
"7134","M2","D14","SubCu",0.0309695688473,"Cluster_384"
"7135","M2","D14","SubCu",0.00160532399853,"Cluster_767"
"7136","M2","D14","SubCu",0.00434588085037,"Cluster_3191"
"7137","M2","D14","SubCu",0.0211221118806,"Cluster_606"
"7138","M2","D14","SubCu",0.000598101051718,"Cluster_1206"
"7139","M2","D14","SubCu",0.042252097602,"Cluster_240"
"7140","M2","D14","SubCu",0.0270486669571,"Cluster_1959"
"7141","M2","D14","SubCu",0.00296067869696,"Cluster_2870"
"7142","M2","D14","SubCu",0.0205342653982,"Cluster_1013"
"7143","M2","D14","SubCu",0,"Cluster_1159"
"7144","M2","D14","SubCu",0.0151673996338,"Cluster_634"
"7145","M2","D14","SubCu",0,"Cluster_424"
"7146","M2","D14","SubCu",0.00223681710896,"Cluster_2968"
"7147","M2","D14","SubCu",0,"Cluster_1205"
"7148","M2","D14","SubCu",0.0260537694166,"Cluster_84"
"7149","M2","D14","SubCu",0.0169614133528,"Cluster_109"
"7150","M2","D14","SubCu",0.0284066696301,"Cluster_39"
"7151","M2","D14","SubCu",0.0183549650575,"Cluster_856"
"7152","M2","D14","SubCu",0.00407239599423,"Cluster_640"
"7153","M2","D14","SubCu",0.102795896409,"Cluster_215"
"7154","M2","D14","SubCu",0.00186651483069,"Cluster_189"
"7155","M2","D14","SubCu",0.00350947530887,"Cluster_78"
"7156","M2","D14","SubCu",0.00358860631031,"Cluster_473"
"7157","M2","D14","SubCu",0.00215197858948,"Cluster_364"
"7158","M2","D14","SubCu",0.0974800535401,"Cluster_1537"
"7159","M2","D14","SubCu",0.0024895576772,"Cluster_195"
"7160","M2","D14","SubCu",0.132478092308,"Cluster_2315"
"7161","M2","D14","SubCu",0.00855758073704,"Cluster_673"
"7162","M2","D14","SubCu",0.0145165660519,"Cluster_1010"
"7163","M2","D14","SubCu",0.00228269094071,"Cluster_3751"
"7164","M2","D14","SubCu",0.00340370440788,"Cluster_887"
"7165","M2","D14","SubCu",0.0413828025817,"Cluster_514"
"7166","M2","D14","SubCu",0.00195970859848,"Cluster_160"
"7167","M2","D14","SubCu",0.0129028356364,"Cluster_191"
"7168","M2","D14","SubCu",0.24439576982,"Cluster_12"
"7169","M2","D14","SubCu",0.00161020912419,"Cluster_472"
"7170","M2","D14","SubCu",0.00270982606638,"Cluster_949"
"7171","M2","D14","SubCu",0.0024014151455,"Cluster_2784"
"7172","M2","D14","SubCu",0.00475668316223,"Cluster_381"
"7173","M2","D14","SubCu",0.0251615506578,"Cluster_1419"
"7174","M2","D14","SubCu",0.00141821016995,"Cluster_2664"
"7175","M2","D14","SubCu",0.0115305407265,"Cluster_200"
"7176","M2","D14","SubCu",0.0123825949612,"Cluster_1060"
"7177","M2","D14","SubCu",0.00275721609215,"Cluster_1658"
"7178","M2","D14","SubCu",5.89710144487,"Cluster_303"
"7179","M2","D14","SubCu",0.0149254735413,"Cluster_221"
"7180","M2","D14","SubCu",0.0202799158296,"Cluster_893"
"7181","M2","D14","SubCu",0.00472543487868,"Cluster_1208"
"7182","M2","D14","SubCu",0.211785985417,"Cluster_103"
"7183","M2","D14","SubCu",0.00439119072701,"Cluster_3023"
"7184","M2","D14","SubCu",0.035946260618,"Cluster_1613"
"7185","M2","D14","SubCu",0.005570810371,"Cluster_1620"
"7186","M2","D14","SubCu",0.00716660205107,"Cluster_536"
"7187","M2","D14","SubCu",0.011059005721,"Cluster_886"
"7188","M2","D14","SubCu",0.0175935577272,"Cluster_290"
"7189","M2","D14","SubCu",0.00897542493297,"Cluster_3800"
"7190","M2","D14","SubCu",0.00882419290171,"Cluster_432"
"7191","M2","D14","SubCu",0.163723148142,"Cluster_308"
"7192","M2","D14","SubCu",0.01911148086,"Cluster_88"
"7193","M2","D14","SubCu",0.00378896916679,"Cluster_3631"
"7194","M2","D14","SubCu",0.00755046056217,"Cluster_159"
"7195","M2","D14","SubCu",0.00518266867021,"Cluster_403"
"7196","M2","D14","SubCu",0.0114872146319,"Cluster_493"
"7197","M2","D14","SubCu",0.00960730538691,"Cluster_717"
"7198","M2","D14","SubCu",0.0309502777248,"Cluster_21"
"7199","M2","D14","SubCu",0.195737003933,"Cluster_50"
"7200","M2","D14","SubCu",0.0175165965554,"Cluster_206"
"7201","M2","D14","SubCu",0.00389409970637,"Cluster_8"
"7202","M2","D14","SubCu",0.0134617626279,"Cluster_59"
"7203","M2","D14","SubCu",0.0362372012172,"Cluster_294"
"7204","M2","D14","SubCu",0.00303876701492,"Cluster_163"
"7205","M2","D14","SubCu",20.2186290479,"Cluster_1831"
"7206","M2","D14","SubCu",0,"Cluster_989"
"7207","M2","D14","SubCu",0.00138369459614,"Cluster_1520"
"7208","M2","D14","SubCu",0.00910402918244,"Cluster_154"
"7209","M2","D14","SubCu",0.00177268504485,"Cluster_451"
"7210","M2","D14","SubCu",0.00201902745201,"Cluster_1365"
"7211","M2","D14","SubCu",0.00624008788483,"Cluster_859"
"7212","M2","D14","SubCu",0.00825551662083,"Cluster_2075"
"7213","M2","D14","SubCu",0.00274305121547,"Cluster_1816"
"7214","M2","D14","SubCu",0.00150528501667,"Cluster_2265"
"7215","M2","D14","SubCu",0.00308623415469,"Cluster_525"
"7216","M2","D14","SubCu",0.00196570285535,"Cluster_3256"
"7217","M2","D14","SubCu",0.0141946830014,"Cluster_2245"
"7218","M2","D14","SubCu",0.00262991100132,"Cluster_1696"
"7219","M2","D14","SubCu",0.00400361520334,"Cluster_357"
"7220","M2","D14","SubCu",0.00718024251449,"Cluster_1730"
"7221","M2","D14","SubCu",0.00372488249931,"Cluster_1141"
"7222","M2","D14","SubCu",0.0101023178966,"Cluster_2215"
"7223","M2","D14","SubCu",0.00168643510583,"Cluster_3847"
"7224","M2","D14","SubCu",0.0149092437636,"Cluster_632"
"7225","M2","D14","SubCu",0.00837917590021,"Cluster_1949"
"7226","M2","D14","SubCu",0.0132870789353,"Cluster_1043"
"7227","M2","D14","SubCu",0.38911704331,"Cluster_449"
"7228","M2","D14","SubCu",0.00800013179816,"Cluster_3450"
"7229","M2","D14","SubCu",0.00679897426081,"Cluster_495"
"7230","M2","D14","SubCu",0.00371899800879,"Cluster_201"
"7231","M2","D14","SubCu",0.00259279783079,"Cluster_2054"
"7232","M2","D14","SubCu",0.0071972747104,"Cluster_254"
"7233","M2","D14","SubCu",0.00298322909008,"Cluster_2458"
"7234","M2","D14","SubCu",0.00113725881138,"Cluster_3973"
"7235","M2","D14","SubCu",0.00483096802779,"Cluster_1454"
"7236","M2","D14","SubCu",0.00410792171095,"Cluster_225"
"7237","M2","D14","SubCu",0.00601841388679,"Cluster_1031"
"7238","M2","D14","SubCu",0.594910703626,"Cluster_34"
"7239","M2","D14","SubCu",0.000940897577763,"Cluster_1041"
"7240","M2","D14","SubCu",0.00194796310358,"Cluster_694"
"7241","M2","D14","SubCu",0.0468821503424,"Cluster_9"
"7242","M2","D14","SubCu",0.00429584988971,"Cluster_1001"
"7243","M2","D14","SubCu",0.00588116903153,"Cluster_1088"
"7244","M2","D14","SubCu",0.119807573588,"Cluster_4"
"7245","M2","D14","SubCu",0.00675425242965,"Cluster_853"
"7246","M2","D14","SubCu",0.0299253271978,"Cluster_272"
"7247","M2","D14","SubCu",0.0025994783371,"Cluster_1472"
"7248","M2","D14","SubCu",0.00803064336108,"Cluster_806"
"7249","M2","D14","SubCu",0.105390109478,"Cluster_943"
"7250","M2","D14","SubCu",0.0262654234371,"Cluster_1571"
"7251","M2","D14","SubCu",0.0104627810647,"Cluster_499"
"7252","M2","D14","SubCu",0.00435110847163,"Cluster_1151"
"7253","M2","D14","SubCu",0.00338236456834,"Cluster_928"
"7254","M2","D14","SubCu",0.0732616343621,"Cluster_592"
"7255","M2","D14","SubCu",0.233105924877,"Cluster_19"
"7256","M2","D14","SubCu",0.0117512736588,"Cluster_1462"
"7257","M2","D14","SubCu",0.0034278264577,"Cluster_541"
"7258","M2","D14","SubCu",0.0107010403733,"Cluster_684"
"7259","M2","D14","SubCu",0.0125472777124,"Cluster_509"
"7260","M2","D14","SubCu",0.00323974905597,"Cluster_52"
"7261","M2","D14","SubCu",0.0104684142921,"Cluster_763"
"7262","M2","D14","SubCu",0.00486056498882,"Cluster_486"
"7263","M2","D14","SubCu",0.00198621719979,"Cluster_2410"
"7264","M2","D14","SubCu",0.0570468504294,"Cluster_647"
"7265","M2","D14","SubCu",0.00447893025031,"Cluster_638"
"7266","M2","D14","SubCu",0.00546316099898,"Cluster_1289"
"7267","M2","D14","SubCu",0.00257819425878,"Cluster_210"
"7268","M2","D14","SubCu",0.018498478804,"Cluster_2173"
"7269","M2","D14","SubCu",0.00169118228417,"Cluster_2322"
"7270","M2","D14","SubCu",0.0179196079233,"Cluster_119"
"7271","M2","D14","SubCu",0.00649798114232,"Cluster_1135"
"7272","M2","D14","SubCu",0.0287832105741,"Cluster_1274"
"7273","M2","D14","SubCu",0.218112273687,"Cluster_826"
"7274","M2","D14","SubCu",0,"Cluster_1207"
"7275","M2","D14","SubCu",0.0116953715245,"Cluster_524"
"7276","M2","D14","SubCu",0.666233893187,"Cluster_1064"
"7277","M2","D14","SubCu",0.0801917101342,"Cluster_503"
"7278","M2","D14","SubCu",0.00127571842823,"Cluster_1697"
"7279","M2","D14","SubCu",0.00994536221982,"Cluster_86"
"7280","M2","D14","SubCu",0.00367164047669,"Cluster_176"
"7281","M2","D14","SubCu",0.0639291262008,"Cluster_402"
"7282","M2","D14","SubCu",0.0155868758933,"Cluster_437"
"7283","M2","D14","SubCu",0.010801420184,"Cluster_3272"
"7284","M2","D14","SubCu",0.0152650985566,"Cluster_23"
"7285","M2","D14","SubCu",0.00279520376484,"Cluster_1705"
"7286","M2","D14","SubCu",0.00272468256894,"Cluster_811"
"7287","M2","D14","SubCu",0.00431123979147,"Cluster_3415"
"7288","M2","D14","SubCu",0.00310210539158,"Cluster_120"
"7289","M2","D14","SubCu",0.00764823177246,"Cluster_1044"
"7290","M2","D14","SubCu",0.0273202672681,"Cluster_865"
"7291","M2","D14","SubCu",0.00195525393651,"Cluster_2076"
"7292","M2","D14","SubCu",0.00297007323508,"Cluster_106"
"7293","M2","D14","SubCu",0.00295810213249,"Cluster_1137"
"7294","M2","D14","SubCu",0.00848622879616,"Cluster_293"
"7295","M2","D14","SubCu",0.0243275229369,"Cluster_978"
"7296","M2","D14","SubCu",0.00288910306879,"Cluster_1498"
"7297","M2","D14","SubCu",0.000956961682749,"Cluster_124"
"7298","M2","D14","SubCu",0.0211483671971,"Cluster_232"
"7299","M2","D14","SubCu",0.00301347380896,"Cluster_2394"
"7300","M2","D14","SubCu",0.087997964491,"Cluster_315"
"7301","M2","D14","blood",0.0045526775368,"Cluster_320"
"7302","M2","D14","blood",0.00217282314229,"Cluster_503"
"7303","M2","D14","blood",0.00517667799592,"Cluster_321"
"7304","M2","D14","blood",1.90903869594,"Cluster_303"
"7305","M2","D14","blood",0.00309716752874,"Cluster_2588"
"7306","M2","D14","blood",0.000763014638339,"Cluster_4096"
"7307","M2","D14","blood",0.0155156913533,"Cluster_181"
"7308","M2","D14","blood",0.0370049985293,"Cluster_272"
"7309","M2","D14","blood",0.0024607526635,"Cluster_3005"
"7310","M2","D14","blood",0.00159349519294,"Cluster_1868"
"7311","M2","D14","blood",0.000983796984965,"Cluster_2197"
"7312","M2","D14","blood",0.00314505177871,"Cluster_806"
"7313","M2","D14","blood",0.000475501876066,"Cluster_421"
"7314","M2","D14","blood",0.0039183896246,"Cluster_1537"
"7315","M2","D14","blood",0.00972137168846999,"Cluster_663"
"7316","M2","D14","blood",0.00103972713426,"Cluster_694"
"7317","M2","D14","blood",16.0576431771,"Cluster_504"
"7318","M2","D14","blood",0.00271317822481,"Cluster_853"
"7319","M2","D14","blood",0.0249874037383,"Cluster_340"
"7320","M2","D14","blood",0.00287478996828,"Cluster_1419"
"7321","M2","D14","blood",0.0135606090582,"Cluster_1792"
"7322","M2","D14","blood",0.0277307775137,"Cluster_259"
"7323","M2","D14","blood",0.000972272206653,"Cluster_3823"
"7324","M2","D14","blood",0.00355130072475,"Cluster_1123"
"7325","M2","D14","blood",0.0181130073804,"Cluster_1545"
"7326","M2","D14","blood",0.0419990797322,"Cluster_409"
"7327","M2","D14","blood",0.00113847216935,"Cluster_277"
"7328","M2","D14","blood",0.000891566017624,"Cluster_717"
"7329","M2","D14","blood",0.16730561765,"Cluster_632"
"7330","M2","D14","blood",0.0240212664367,"Cluster_660"
"7331","M2","D14","blood",31.8707436875,"Cluster_2305"
"7332","M2","D14","blood",0.00612108219594,"Cluster_1325"
"7333","M2","D14","blood",0.00252700794177,"Cluster_159"
"7334","M2","D14","blood",0.0176221791998,"Cluster_2315"
"7335","M2","D14","blood",0.0044895100989,"Cluster_929"
"7336","M2","D14","blood",0.00527369161045,"Cluster_228"
"7337","M2","D14","blood",0.00162606859173,"Cluster_509"
"7338","M2","D14","blood",0.000867642063663,"Cluster_8"
"7339","M2","D14","blood",0.00899671163239,"Cluster_886"
"7340","M2","D14","blood",0.00141420816589,"Cluster_1152"
"7341","M2","D14","blood",0.00564739899383,"Cluster_405"
"7342","M2","D14","blood",0.00292098383623,"Cluster_98"
"7343","M2","D14","blood",2.04103548557,"Cluster_50"
"7344","M2","D14","blood",0.00107660802128,"Cluster_1010"
"7345","M2","D14","blood",0.0679414773617,"Cluster_1831"
"7346","M2","D14","blood",0.002125773093,"Cluster_2071"
"7347","M2","D14","blood",0.00116602964994,"Cluster_54"
"7348","M2","D14","blood",0.564954060076,"Cluster_542"
"7349","M2","D14","blood",0.00187777810931,"Cluster_763"
"7350","M2","D14","blood",0.0892850143032,"Cluster_103"
"7351","M2","D14","blood",0.00651703078873,"Cluster_598"
"7352","M2","D14","blood",0.00866388331246,"Cluster_184"
"7353","M2","D14","blood",0.00725550276411,"Cluster_1501"
"7354","M2","D14","blood",0.00176700070856,"Cluster_232"
"7355","M2","D14","blood",0.00672006882678,"Cluster_153"
"7356","M2","D14","blood",0.00256313310735,"Cluster_46"
"7357","M2","D14","blood",0.0351799884248,"Cluster_712"
"7358","M2","D14","blood",0.00826767850826,"Cluster_161"
"7359","M2","D14","blood",0.00944320661815,"Cluster_4"
"7360","M2","D14","blood",0.00661379882165,"Cluster_1231"
"7361","M2","D14","blood",0.00130730974013,"Cluster_1009"
"7362","M2","D14","blood",0.0123147556184,"Cluster_128"
"7363","M2","D14","blood",0.0212380092171,"Cluster_588"
"7364","M2","D14","blood",0.0611359554942,"Cluster_825"
"7365","M2","D14","blood",0.057949937578,"Cluster_514"
"7366","M2","D14","blood",0.00309193338132,"Cluster_1830"
"7367","M2","D14","blood",0.0104326531018,"Cluster_154"
"7368","M2","D14","blood",0.0119830493926,"Cluster_943"
"7369","M2","D14","blood",0.00162281374217,"Cluster_294"
"7370","M2","D14","blood",0.00238638730931,"Cluster_1730"
"7371","M2","D14","blood",0.102131838496,"Cluster_826"
"7372","M2","D14","blood",0.00586532770985,"Cluster_15"
"7373","M2","D14","blood",0.000794268167149,"Cluster_434"
"7374","M2","D14","blood",0.0501103291954,"Cluster_795"
"7375","M2","D14","blood",0.0137525392898,"Cluster_647"
"7376","M2","D14","blood",0.001450280722,"Cluster_56"
"7377","M2","D14","blood",0.00163505908261,"Cluster_364"
"7378","M2","D14","blood",0.00143154628413,"Cluster_578"
"7379","M2","D14","blood",0.00173335659256,"Cluster_13"
"7380","M2","D14","blood",0.00231272710839,"Cluster_659"
"7381","M2","D14","blood",0.0152748850085,"Cluster_215"
"7382","M2","D14","blood",0.00315322885386,"Cluster_315"
"7383","M2","D14","blood",46.43507577,"Cluster_26"
"7384","M2","D14","blood",0.00294999747475,"Cluster_403"
"7385","M2","D6","blood",0.0043446290345,"Cluster_588"
"7386","M2","D6","blood",0.00213009206607,"Cluster_26"
"7387","M2","D6","blood",0.00626459889553,"Cluster_294"
"7388","M2","D6","blood",99.9582563354,"Cluster_56"
"7389","M2","D6","blood",0.00254762658293,"Cluster_254"
"7390","M2","D6","blood",0.000962624351528,"Cluster_232"
"7391","M2","D6","blood",0.00286232565765,"Cluster_4"
"7392","M2","D6","blood",0.00232870929192,"Cluster_504"
"7393","M2","D6","blood",0.0045457159854,"Cluster_1831"
"7394","M2","D6","blood",0.00312125556208,"Cluster_1545"
"7395","M2","D6","blood",0.00176576215636,"Cluster_1868"
"7396","M2","D6","blood",0.00358455627843,"Cluster_1830"
"7397","M2","D6","blood",0.00226552430623,"Cluster_1088"
"7398","M2","D6","blood",0.00340695909731,"Cluster_437"
"7399","M2","D6","blood",0.0016132853268,"Cluster_1024"
"7400","M34","D10","blood",0.00559705465328,"Cluster_1008"
"7401","M34","D10","blood",0.000966455848141,"Cluster_606"
"7402","M34","D10","blood",0.0351256330991,"Cluster_12"
"7403","M34","D10","blood",0.0412569186788,"Cluster_327"
"7404","M34","D10","blood",0.00304715736365,"Cluster_21"
"7405","M34","D10","blood",0.0261724648917,"Cluster_978"
"7406","M34","D10","blood",0.010016105107,"Cluster_1030"
"7407","M34","D10","blood",0.00231827900461,"Cluster_43"
"7408","M34","D10","blood",0.00881569396195,"Cluster_1501"
"7409","M34","D10","blood",0.00167619604819,"Cluster_741"
"7410","M34","D10","blood",0.000771957524756,"Cluster_264"
"7411","M34","D10","blood",0.00160541271396,"Cluster_1064"
"7412","M34","D10","blood",0.0194686034392,"Cluster_161"
"7413","M34","D10","blood",0.0169332804148,"Cluster_888"
"7414","M34","D10","blood",0.00864144873257,"Cluster_2957"
"7415","M34","D10","blood",0.00366938791006,"Cluster_1678"
"7416","M34","D10","blood",0.0023977931473,"Cluster_409"
"7417","M34","D10","blood",0.012076137659,"Cluster_483"
"7418","M34","D10","blood",0.00414456564927,"Cluster_18"
"7419","M34","D10","blood",0.00408940487128,"Cluster_588"
"7420","M34","D10","blood",0.00589637492175,"Cluster_240"
"7421","M34","D10","blood",0.0732187344817,"Cluster_119"
"7422","M34","D10","blood",0.00833692548608,"Cluster_128"
"7423","M34","D10","blood",0.00386830196449,"Cluster_66"
"7424","M34","D10","blood",0.000928632976833,"Cluster_13"
"7425","M34","D10","blood",0.00369285964679,"Cluster_84"
"7426","M34","D10","blood",0.00930183146377,"Cluster_2056"
"7427","M34","D10","blood",0.00436312668194,"Cluster_89"
"7428","M34","D10","blood",0.00201316421241,"Cluster_504"
"7429","M34","D10","blood",0.146028766236,"Cluster_1274"
"7430","M34","D10","blood",0.234431903934,"Cluster_1831"
"7431","M34","D10","blood",0.00718530457046,"Cluster_221"
"7432","M34","D10","blood",0.000831362660559,"Cluster_2001"
"7433","M34","D10","blood",0.0286020940445,"Cluster_503"
"7434","M34","D10","blood",0.0112717793515,"Cluster_2286"
"7435","M34","D10","blood",0.0232785175708,"Cluster_54"
"7436","M34","D10","blood",0.0307498002138,"Cluster_1229"
"7437","M34","D10","blood",0.00624251838881,"Cluster_424"
"7438","M34","D10","blood",0.00126987282549,"Cluster_215"
"7439","M34","D10","blood",0.0015887929644,"Cluster_87"
"7440","M34","D10","blood",0.0410851550704,"Cluster_88"
"7441","M34","D10","blood",0.00500789436618,"Cluster_34"
"7442","M34","D10","blood",0.0163189487809,"Cluster_763"
"7443","M34","D10","blood",0.0123080336463,"Cluster_527"
"7444","M34","D10","blood",0.00319283934767,"Cluster_747"
"7445","M34","D10","blood",0.00495298118522,"Cluster_632"
"7446","M34","D10","blood",0.0699483336386,"Cluster_50"
"7447","M34","D10","blood",0.0217573591476,"Cluster_368"
"7448","M34","D10","blood",0.0341028501075,"Cluster_248"
"7449","M34","D10","blood",0.00295494922386,"Cluster_1597"
"7450","M34","D10","blood",0.00316215680456,"Cluster_1571"
"7451","M34","D10","blood",11.8439262905,"Cluster_1830"
"7452","M34","D10","blood",0.0034648646495,"Cluster_1610"
"7453","M34","D10","blood",0.0206894326792,"Cluster_1231"
"7454","M34","D10","blood",0.106969972589,"Cluster_1123"
"7455","M34","D10","blood",0.0103391751675,"Cluster_1260"
"7456","M34","D10","blood",0.0115057665217,"Cluster_325"
"7457","M34","D10","blood",0.00896487526202,"Cluster_2613"
"7458","M34","D10","blood",0.02514420972,"Cluster_2305"
"7459","M34","D10","blood",0.0267016063924,"Cluster_151"
"7460","M34","D10","blood",0.00712355404711,"Cluster_480"
"7461","M34","D10","blood",0.0277021667692,"Cluster_86"
"7462","M34","D10","blood",0.000799225002045,"Cluster_1325"
"7463","M34","D10","blood",0.00129640602232,"Cluster_1545"
"7464","M34","D10","blood",0.00302335082627,"Cluster_2287"
"7465","M34","D10","blood",0.00413123066422,"Cluster_46"
"7466","M34","D10","blood",0.0137538048901,"Cluster_261"
"7467","M34","D10","blood",86.2504357771,"Cluster_294"
"7468","M34","D10","blood",0.0661432281871,"Cluster_205"
"7469","M34","D10","blood",0.0182397517364,"Cluster_1124"
"7470","M34","D10","blood",0.0134822112755,"Cluster_56"
"7471","M34","D10","blood",0.00208876277837,"Cluster_853"
"7472","M34","D10","blood",0.103779933995,"Cluster_4"
"7473","M34","D10","blood",0.00281258925135,"Cluster_62"
"7474","M34","D10","blood",0.00584994176861,"Cluster_2913"
"7475","M34","D10","blood",0.0117630600967,"Cluster_2"
"7476","M34","D10","blood",0.0495914393703,"Cluster_893"
"7477","M34","D10","blood",0.0917020036082,"Cluster_469"
"7478","M34","D10","blood",0.0196236247922,"Cluster_467"
"7479","M34","D10","blood",0.04300285396,"Cluster_449"
"7480","M34","D10","blood",0.018705071877,"Cluster_232"
"7481","M34","D10","blood",0.0400546377574,"Cluster_1537"
"7482","M34","D10","blood",0.00762422938326,"Cluster_746"
"7483","M34","D10","blood",0.00476075152733,"Cluster_315"
"7484","M34","D10","blood",0.094133769685,"Cluster_357"
"7485","M34","D10","blood",0.00386480453851,"Cluster_523"
"7486","M34","D10","blood",0.0071782701964,"Cluster_340"
"7487","M34","D10","blood",0.00294523876674,"Cluster_290"
"7488","M34","D14","Brain",0.0448046694638,"Cluster_221"
"7489","M34","D14","Brain",0.02863283481,"Cluster_248"
"7490","M34","D14","Brain",0.0345385354852,"Cluster_358"
"7491","M34","D14","Brain",0.0595238767894,"Cluster_2305"
"7492","M34","D14","Brain",0.00168226487493,"Cluster_810"
"7493","M34","D14","Brain",0.0711311053772,"Cluster_151"
"7494","M34","D14","Brain",0.00304712128288,"Cluster_866"
"7495","M34","D14","Brain",0.00538324759976,"Cluster_1555"
"7496","M34","D14","Brain",0.00194736405256,"Cluster_886"
"7497","M34","D14","Brain",0.0243385740775,"Cluster_1054"
"7498","M34","D14","Brain",0.0341705616367,"Cluster_943"
"7499","M34","D14","Brain",0.0202435279157,"Cluster_39"
"7500","M34","D14","Brain",0.00982796847983,"Cluster_1571"
"7501","M34","D14","Brain",0.00291379326651,"Cluster_3056"
"7502","M34","D14","Brain",0.00383840717941,"Cluster_189"
"7503","M34","D14","Brain",0.0193412669001,"Cluster_792"
"7504","M34","D14","Brain",0.0318781161156,"Cluster_272"
"7505","M34","D14","Brain",0.00316724353631,"Cluster_2449"
"7506","M34","D14","Brain",0.155322878964,"Cluster_1537"
"7507","M34","D14","Brain",0.00146072203322,"Cluster_1705"
"7508","M34","D14","Brain",0,"Cluster_78"
"7509","M34","D14","Brain",0.0017146727797,"Cluster_3118"
"7510","M34","D14","Brain",0.013187974275,"Cluster_202"
"7511","M34","D14","Brain",0.00213780355108,"Cluster_1114"
"7512","M34","D14","Brain",0.00016479329387,"Cluster_1758"
"7513","M34","D14","Brain",0.0246789879915,"Cluster_66"
"7514","M34","D14","Brain",3.70922858053,"Cluster_504"
"7515","M34","D14","Brain",0.106021644833,"Cluster_826"
"7516","M34","D14","Brain",0.0268690496433,"Cluster_509"
"7517","M34","D14","Brain",0.00317551122458,"Cluster_1208"
"7518","M34","D14","Brain",0.0320083667826,"Cluster_1830"
"7519","M34","D14","Brain",0.0908643898745,"Cluster_1678"
"7520","M34","D14","Brain",0.00574671504719,"Cluster_234"
"7521","M34","D14","Brain",0.637873370212,"Cluster_26"
"7522","M34","D14","Brain",0.00159424904238,"Cluster_3562"
"7523","M34","D14","Brain",0,"Cluster_87"
"7524","M34","D14","Brain",0,"Cluster_863"
"7525","M34","D14","Brain",0.00670366682234,"Cluster_859"
"7526","M34","D14","Brain",0.00415722000505,"Cluster_1264"
"7527","M34","D14","Brain",0.00456867723927,"Cluster_161"
"7528","M34","D14","Brain",0.00184523428468,"Cluster_1748"
"7529","M34","D14","Brain",0.00221147477266,"Cluster_2077"
"7530","M34","D14","Brain",0.00148435136023,"Cluster_1859"
"7531","M34","D14","Brain",0.000258809980758,"Cluster_110"
"7532","M34","D14","Brain",0.00745696257058,"Cluster_2725"
"7533","M34","D14","Brain",0.00149534655549,"Cluster_1429"
"7534","M34","D14","Brain",0.00288388264273,"Cluster_712"
"7535","M34","D14","Brain",0.00535343531084,"Cluster_18"
"7536","M34","D14","Brain",0.00313988739933,"Cluster_1595"
"7537","M34","D14","Brain",0.00309438502541,"Cluster_4011"
"7538","M34","D14","Brain",0.00408583937182,"Cluster_153"
"7539","M34","D14","Brain",0.00339824247279,"Cluster_281"
"7540","M34","D14","Brain",0.00372182494452,"Cluster_1652"
"7541","M34","D14","Brain",0.0744296182057,"Cluster_978"
"7542","M34","D14","Brain",0.00116464491341,"Cluster_672"
"7543","M34","D14","Brain",0.0742243926154,"Cluster_356"
"7544","M34","D14","Brain",0.0353158889857,"Cluster_271"
"7545","M34","D14","Brain",0.025167940297,"Cluster_1009"
"7546","M34","D14","Brain",0.00157905844088,"Cluster_2447"
"7547","M34","D14","Brain",0.00110520053374,"Cluster_791"
"7548","M34","D14","Brain",0.00217749341114,"Cluster_1936"
"7549","M34","D14","Brain",0.00231246317172,"Cluster_1868"
"7550","M34","D14","Brain",0.00167003022129,"Cluster_3242"
"7551","M34","D14","Brain",0.00169510659153,"Cluster_728"
"7552","M34","D14","Brain",0.00103384472098,"Cluster_758"
"7553","M34","D14","Brain",0.0121951420264,"Cluster_1730"
"7554","M34","D14","Brain",0.0128653319272,"Cluster_536"
"7555","M34","D14","Brain",0.00731399165371,"Cluster_479"
"7556","M34","D14","Brain",0.00953283429124,"Cluster_200"
"7557","M34","D14","Brain",0.00177253274626,"Cluster_3320"
"7558","M34","D14","Brain",0.00777272057178,"Cluster_2078"
"7559","M34","D14","Brain",0.00245672628652,"Cluster_1630"
"7560","M34","D14","Brain",0.0847950427264,"Cluster_592"
"7561","M34","D14","Brain",0.00281214426853,"Cluster_1921"
"7562","M34","D14","Brain",0.00789765571053,"Cluster_23"
"7563","M34","D14","Brain",0.0111204804635,"Cluster_1016"
"7564","M34","D14","Brain",0.006962707399,"Cluster_1289"
"7565","M34","D14","Brain",0.00609015951657,"Cluster_2215"
"7566","M34","D14","Brain",0.00285253609226,"Cluster_1480"
"7567","M34","D14","Brain",0.0723314952109,"Cluster_424"
"7568","M34","D14","Brain",0.0024570839667,"Cluster_290"
"7569","M34","D14","Brain",0.00467380377015,"Cluster_925"
"7570","M34","D14","Brain",0,"Cluster_1757"
"7571","M34","D14","Brain",0.000611732681791,"Cluster_3855"
"7572","M34","D14","Brain",0.0106123493431,"Cluster_853"
"7573","M34","D14","Brain",0.00963140126323,"Cluster_1977"
"7574","M34","D14","Brain",0.0556782767948,"Cluster_503"
"7575","M34","D14","Brain",0.00220519765129,"Cluster_381"
"7576","M34","D14","Brain",0.0294131846056,"Cluster_606"
"7577","M34","D14","Brain",0.00801511527281,"Cluster_98"
"7578","M34","D14","Brain",0.00165922015061,"Cluster_1729"
"7579","M34","D14","Brain",0.000142163228867,"Cluster_4146"
"7580","M34","D14","Brain",0.00115135999044,"Cluster_1382"
"7581","M34","D14","Brain",0.0275891439488,"Cluster_514"
"7582","M34","D14","Brain",0.0177915943646,"Cluster_1152"
"7583","M34","D14","Brain",0.0202472593875,"Cluster_379"
"7584","M34","D14","Brain",0.00184295458825,"Cluster_1935"
"7585","M34","D14","Brain",0.0565240997975,"Cluster_10"
"7586","M34","D14","Brain",0.0172815530811,"Cluster_480"
"7587","M34","D14","Brain",0.00880945272396,"Cluster_472"
"7588","M34","D14","Brain",0.00182652391552,"Cluster_348"
"7589","M34","D14","Brain",0.153256459555,"Cluster_128"
"7590","M34","D14","Brain",0.00150799219232,"Cluster_277"
"7591","M34","D14","Brain",0.0744614342237,"Cluster_264"
"7592","M34","D14","Brain",0.00245455950574,"Cluster_2227"
"7593","M34","D14","Brain",0,"Cluster_1499"
"7594","M34","D14","Brain",0.0320710975772,"Cluster_1909"
"7595","M34","D14","Brain",2.23420989991,"Cluster_1231"
"7596","M34","D14","Brain",0.0220498358668,"Cluster_2537"
"7597","M34","D14","Brain",0.00270987209683,"Cluster_599"
"7598","M34","D14","Brain",0.00218351114378,"Cluster_111"
"7599","M34","D14","Brain",0.00219097371435,"Cluster_2001"
"7600","M34","D14","Brain",0.00571837072109,"Cluster_34"
"7601","M34","D14","Brain",0.000790104833624,"Cluster_2314"
"7602","M34","D14","Brain",0.00618171973178,"Cluster_693"
"7603","M34","D14","Brain",0.00417715950198,"Cluster_1004"
"7604","M34","D14","Brain",0.276388683525,"Cluster_469"
"7605","M34","D14","Brain",0.0293721795183,"Cluster_1123"
"7606","M34","D14","Brain",0.00147092506652,"Cluster_2207"
"7607","M34","D14","Brain",0.00435610368771,"Cluster_443"
"7608","M34","D14","Brain",0.0562326194503,"Cluster_524"
"7609","M34","D14","Brain",0.00246299166244,"Cluster_673"
"7610","M34","D14","Brain",0.0393642867562,"Cluster_357"
"7611","M34","D14","Brain",0.00173920307069,"Cluster_4024"
"7612","M34","D14","Brain",0.000968843645245,"Cluster_2141"
"7613","M34","D14","Brain",0.099709568568,"Cluster_2612"
"7614","M34","D14","Brain",0.00783383046234,"Cluster_634"
"7615","M34","D14","Brain",0.00245345239755,"Cluster_888"
"7616","M34","D14","Brain",0.00328928467557,"Cluster_1725"
"7617","M34","D14","Brain",0.00176843879948,"Cluster_589"
"7618","M34","D14","Brain",0.00369126885942,"Cluster_755"
"7619","M34","D14","Brain",0.00120414748942,"Cluster_136"
"7620","M34","D14","Brain",0.132969019489,"Cluster_327"
"7621","M34","D14","Brain",0,"Cluster_437"
"7622","M34","D14","Brain",0.0006170753253,"Cluster_2401"
"7623","M34","D14","Brain",0.0541033956945,"Cluster_409"
"7624","M34","D14","Brain",0.0623764270636,"Cluster_532"
"7625","M34","D14","Brain",0.00381252420024,"Cluster_445"
"7626","M34","D14","Brain",0.00309019117025,"Cluster_1260"
"7627","M34","D14","Brain",0.00476949821682,"Cluster_1012"
"7628","M34","D14","Brain",0.033391805531,"Cluster_723"
"7629","M34","D14","Brain",0.00102595526004,"Cluster_1898"
"7630","M34","D14","Brain",0.143946999139,"Cluster_12"
"7631","M34","D14","Brain",0.00640595225859,"Cluster_493"
"7632","M34","D14","Brain",0.0204190484603,"Cluster_763"
"7633","M34","D14","Brain",0.00126779381878,"Cluster_27"
"7634","M34","D14","Brain",0.00135725234113,"Cluster_769"
"7635","M34","D14","Brain",0.00494705560057,"Cluster_822"
"7636","M34","D14","Brain",0.00637414117969,"Cluster_808"
"7637","M34","D14","Brain",0.00115161756539,"Cluster_2264"
"7638","M34","D14","Brain",0.00826683536696,"Cluster_1414"
"7639","M34","D14","Brain",0.0327276984758,"Cluster_279"
"7640","M34","D14","Brain",0.00239255448878,"Cluster_1588"
"7641","M34","D14","Brain",0.00519226764057,"Cluster_2043"
"7642","M34","D14","Brain",0.0047840847676,"Cluster_717"
"7643","M34","D14","Brain",0.00317375744445,"Cluster_569"
"7644","M34","D14","Brain",0.00883926894807,"Cluster_1386"
"7645","M34","D14","Brain",0.00113819643848,"Cluster_1989"
"7646","M34","D14","Brain",0.0135686903996,"Cluster_188"
"7647","M34","D14","Brain",0.00793671892109,"Cluster_650"
"7648","M34","D14","Brain",0.0388859014407,"Cluster_752"
"7649","M34","D14","Brain",0.00285188690335,"Cluster_987"
"7650","M34","D14","Brain",0.00211671386204,"Cluster_226"
"7651","M34","D14","Brain",0.0101084985394,"Cluster_655"
"7652","M34","D14","Brain",0.446720325682,"Cluster_2"
"7653","M34","D14","Brain",0.00137924822044,"Cluster_709"
"7654","M34","D14","Brain",0.0012297936327,"Cluster_1472"
"7655","M34","D14","Brain",0.0085453996203,"Cluster_1889"
"7656","M34","D14","Brain",0.063467382212,"Cluster_2315"
"7657","M34","D14","Brain",0.0220694329046,"Cluster_1064"
"7658","M34","D14","Brain",0.00805339567783,"Cluster_363"
"7659","M34","D14","Brain",0.155718034148,"Cluster_4"
"7660","M34","D14","Brain",0.00181431979685,"Cluster_4019"
"7661","M34","D14","Brain",0.00136093338196,"Cluster_832"
"7662","M34","D14","Brain",0.00375503243411,"Cluster_1963"
"7663","M34","D14","Brain",0.130905474489,"Cluster_294"
"7664","M34","D14","Brain",0.097841129403,"Cluster_54"
"7665","M34","D14","Brain",0.00375575413937,"Cluster_825"
"7666","M34","D14","Brain",66.2445276557,"Cluster_1831"
"7667","M34","D14","Brain",0.0958150358951,"Cluster_647"
"7668","M34","D14","Brain",0.0517920515041,"Cluster_232"
"7669","M34","D14","Brain",0.0013135492859,"Cluster_949"
"7670","M34","D14","Brain",0.00716803200216,"Cluster_2877"
"7671","M34","D14","Brain",0.00440744328417,"Cluster_2598"
"7672","M34","D14","Brain",0.0162826624931,"Cluster_88"
"7673","M34","D14","Brain",0.236708545741,"Cluster_50"
"7674","M34","D14","Brain",0.00137863658043,"Cluster_1133"
"7675","M34","D14","Brain",0.0257648211511,"Cluster_893"
"7676","M34","D14","Brain",0.0399411557429,"Cluster_591"
"7677","M34","D14","Brain",0.0600773953153,"Cluster_1501"
"7678","M34","D14","Brain",0.00406132585189,"Cluster_118"
"7679","M34","D14","Brain",0.00865164792819,"Cluster_795"
"7680","M34","D14","Brain",0.0484750473312,"Cluster_315"
"7681","M34","D14","Brain",0.00720507013955,"Cluster_1613"
"7682","M34","D14","Brain",0.00143171478717,"Cluster_1315"
"7683","M34","D14","Brain",0.00265970731213,"Cluster_20"
"7684","M34","D14","Brain",0.0028147699868,"Cluster_376"
"7685","M34","D14","Brain",0.0810166853924,"Cluster_338"
"7686","M34","D14","Brain",0.00184299081839,"Cluster_610"
"7687","M34","D14","Brain",0.0038646625505,"Cluster_1060"
"7688","M34","D14","Brain",0,"Cluster_3744"
"7689","M34","D14","Brain",0,"Cluster_1493"
"7690","M34","D14","Brain",0.000205991617338,"Cluster_4295"
"7691","M34","D14","Brain",0.00458549143261,"Cluster_59"
"7692","M34","D14","Brain",0.00377953782472,"Cluster_1960"
"7693","M34","D14","Brain",0.015250949693,"Cluster_1325"
"7694","M34","D14","Brain",0.0187671149081,"Cluster_215"
"7695","M34","D14","Brain",0.00481205999107,"Cluster_1134"
"7696","M34","D14","Brain",0.00708668783675,"Cluster_261"
"7697","M34","D14","Brain",0.000844651820046,"Cluster_545"
"7698","M34","D14","Brain",0.00169118462506,"Cluster_1465"
"7699","M34","D14","Brain",0.00119754448723,"Cluster_56"
"7700","M34","D14","Brain",0.00263737981781,"Cluster_733"
"7701","M34","D14","Brain",0.00635133682508,"Cluster_144"
"7702","M34","D14","Brain",0.00110614676707,"Cluster_3581"
"7703","M34","D14","Brain",0.0860726334614,"Cluster_303"
"7704","M34","D14","Brain",21.6579586469,"Cluster_1274"
"7705","M34","D14","Brain",0.000246185103648,"Cluster_173"
"7706","M34","D14","Brain",0.0711537399701,"Cluster_119"
"7707","M34","D14","Brain",0.0723904122969,"Cluster_240"
"7708","M34","D14","Brain",0.00249323718515,"Cluster_1454"
"7709","M34","D14","Brain",0,"Cluster_1500"
"7710","M34","D14","Brain",0.00166475531258,"Cluster_1811"
"7711","M34","D14","Brain",0.00311570600629,"Cluster_1090"
"7712","M34","D14","Brain",0.00125581203727,"Cluster_402"
"7713","M34","D14","Brain",0.00308987426007,"Cluster_1598"
"7714","M34","D14","Brain",0.00576048275353,"Cluster_835"
"7715","M34","D14","Brain",0.00148653744471,"Cluster_1990"
"7716","M34","D14","Brain",0.00587976072789,"Cluster_206"
"7717","M34","D14","Brain",0.0864214676444,"Cluster_103"
"7718","M34","D14","Brain",0.00565512879167,"Cluster_467"
"7719","M34","D14","Brain",0.022604413465,"Cluster_405"
"7720","M34","D14","Brain",0.00829012373522,"Cluster_1031"
"7721","M34","D14","Brain",0.00713351419882,"Cluster_109"
"7722","M34","D14","Brain",0.0149914393521,"Cluster_340"
"7723","M34","D14","Brain",0.0039062760655,"Cluster_1304"
"7724","M34","D14","Brain",0.0098936523379,"Cluster_159"
"7725","M34","D14","Brain",0.00161497427993,"Cluster_57"
"7726","M34","D14","Brain",0.00565240997975,"Cluster_438"
"7727","M34","D14","Brain",0.00155645169615,"Cluster_2287"
"7728","M34","D14","Brain",0.00527220028932,"Cluster_2321"
"7729","M34","D14","Brain",0.0032170802389,"Cluster_1121"
"7730","M34","D14","Brain",0.141776570309,"Cluster_1545"
"7731","M34","D14","Brain",0.00113411115163,"Cluster_991"
"7732","M34","D14","Brain",0.0029980958167,"Cluster_770"
"7733","M34","D14","Brain",0.0013691882853,"Cluster_324"
"7734","M34","D14","Brain",0.00376725857005,"Cluster_3354"
"7735","M34","D14","Brain",0.00135712124364,"Cluster_2481"
"7736","M34","D14","Brain",0.00342670791771,"Cluster_432"
"7737","M34","D14","Brain",0.00215306937917,"Cluster_3002"
"7738","M34","D14","Brain",0.0105966766633,"Cluster_9"
"7739","M34","D14","Brain",0.00194885329773,"Cluster_2719"
"7740","M34","D14","Brain",0.00131298721945,"Cluster_314"
"7741","M34","D14","Brain",0.00188833295537,"Cluster_484"
"7742","M34","D14","Brain",0.000862364906758,"Cluster_227"
"7743","M34","D14","Brain",0.00165498490398,"Cluster_684"
"7744","M34","D14","Brain",0.0161122723984,"Cluster_15"
"7745","M34","D14","Brain",0.00198699275549,"Cluster_523"
"7746","M34","D14","Brain",0.0370490408818,"Cluster_293"
"7747","M34","D14","Brain",0.000288388264273,"Cluster_585"
"7748","M34","D14","Ear",0.0377099875998,"Cluster_338"
"7749","M34","D14","Ear",0.0192498801089,"Cluster_151"
"7750","M34","D14","Ear",0.0580316137048,"Cluster_493"
"7751","M34","D14","Ear",0.059552629523,"Cluster_128"
"7752","M34","D14","Ear",0.00770211875163,"Cluster_1060"
"7753","M34","D14","Ear",0.0182691912934,"Cluster_402"
"7754","M34","D14","Ear",0.0235343874052,"Cluster_1152"
"7755","M34","D14","Ear",0.0122871342306,"Cluster_437"
"7756","M34","D14","Ear",0.00580549691884,"Cluster_1868"
"7757","M34","D14","Ear",0.00386256798653,"Cluster_1095"
"7758","M34","D14","Ear",0.0102912259263,"Cluster_1571"
"7759","M34","D14","Ear",5.36049976335,"Cluster_303"
"7760","M34","D14","Ear",0.155523818128,"Cluster_86"
"7761","M34","D14","Ear",0.0478878488491,"Cluster_200"
"7762","M34","D14","Ear",0.319226152305,"Cluster_809"
"7763","M34","D14","Ear",0.212273577469,"Cluster_387"
"7764","M34","D14","Ear",0.0766250170475,"Cluster_340"
"7765","M34","D14","Ear",0.0139234071997,"Cluster_532"
"7766","M34","D14","Ear",0.0196887235295,"Cluster_255"
"7767","M34","D14","Ear",0.0924552431405,"Cluster_71"
"7768","M34","D14","Ear",0.00188552819748,"Cluster_1778"
"7769","M34","D14","Ear",0.192898647915,"Cluster_4"
"7770","M34","D14","Ear",0.00265857553797,"Cluster_294"
"7771","M34","D14","Ear",0.00942989370925,"Cluster_1651"
"7772","M34","D14","Ear",0.0138404322304,"Cluster_72"
"7773","M34","D14","Ear",0.00333033995962,"Cluster_615"
"7774","M34","D14","Ear",0.0186653831852,"Cluster_509"
"7775","M34","D14","Ear",0.00485235311494,"Cluster_763"
"7776","M34","D14","Ear",0.0140816254174,"Cluster_1830"
"7777","M34","D14","Ear",0.132033139257,"Cluster_3531"
"7778","M34","D14","Ear",0.013853743845,"Cluster_78"
"7779","M34","D14","Ear",0.217281882078,"Cluster_424"
"7780","M34","D14","Ear",0.0141144036188,"Cluster_592"
"7781","M34","D14","Ear",0.0742552506098,"Cluster_594"
"7782","M34","D14","Ear",0.19975225866,"Cluster_272"
"7783","M34","D14","Ear",0.016720754152,"Cluster_232"
"7784","M34","D14","Ear",0.0141944293041,"Cluster_503"
"7785","M34","D14","Ear",2.77797716579,"Cluster_826"
"7786","M34","D14","Ear",0.181577141355,"Cluster_215"
"7787","M34","D14","Ear",0.0703429710363,"Cluster_1989"
"7788","M34","D14","Ear",0.0613237180614,"Cluster_624"
"7789","M34","D14","Ear",0.00270785815351,"Cluster_5"
"7790","M34","D14","Ear",0.0147658629757,"Cluster_795"
"7791","M34","D14","Ear",0.00322700148819,"Cluster_6"
"7792","M34","D14","Ear",0.0502240023122,"Cluster_971"
"7793","M34","D14","Ear",0.141705824166,"Cluster_1501"
"7794","M34","D14","Ear",13.6246994099,"Cluster_26"
"7795","M34","D14","Ear",0.0435104481192,"Cluster_240"
"7796","M34","D14","Ear",0.0085697152861,"Cluster_949"
"7797","M34","D14","Ear",0.758696599954,"Cluster_1545"
"7798","M34","D14","Ear",0.330032613311,"Cluster_248"
"7799","M34","D14","Ear",0,"Cluster_696"
"7800","M34","D14","Ear",10.2281530312,"Cluster_504"
"7801","M34","D14","Ear",1.21364214181,"Cluster_409"
"7802","M34","D14","Ear",3.13592524824,"Cluster_50"
"7803","M34","D14","Ear",0.152922685395,"Cluster_1274"
"7804","M34","D14","Ear",0.011998363486,"Cluster_632"
"7805","M34","D14","Ear",0.118903692247,"Cluster_1678"
"7806","M34","D14","Ear",0.00240776789147,"Cluster_674"
"7807","M34","D14","Ear",0.00504458775549,"Cluster_888"
"7808","M34","D14","Ear",0.111211246462,"Cluster_3279"
"7809","M34","D14","Ear",13.1973800855,"Cluster_943"
"7810","M34","D14","Ear",0.125070040582,"Cluster_321"
"7811","M34","D14","Ear",8.67403976416,"Cluster_1537"
"7812","M34","D14","Ear",0.503239158948,"Cluster_469"
"7813","M34","D14","Ear",1.88487910107,"Cluster_3891"
"7814","M34","D14","Ear",0.00203577791916,"Cluster_694"
"7815","M34","D14","Ear",0.00274031818798,"Cluster_650"
"7816","M34","D14","Ear",0.00375848620697,"Cluster_825"
"7817","M34","D14","Ear",0.00918511579917,"Cluster_1370"
"7818","M34","D14","Ear",0.756065221502,"Cluster_1831"
"7819","M34","D14","Ear",0.0165836061783,"Cluster_655"
"7820","M34","D14","Ear",0.131799639277,"Cluster_108"
"7821","M34","D14","Ear",0.0201847457817,"Cluster_119"
"7822","M34","D14","Ear",27.7720031688,"Cluster_405"
"7823","M34","D14","Ear",0.784903265895,"Cluster_1231"
"7824","M34","D14","Ear",1.46828403137,"Cluster_103"
"7825","M34","D14","Ear",0.0508746831449,"Cluster_978"
"7826","M34","D14","Ear",0.00592739236534,"Cluster_54"
"7827","M34","D14","Ear",2.94147442401,"Cluster_327"
"7828","M34","D14","Ear",0.0237465914584,"Cluster_2315"
"7829","M34","D14","Ear",0.0501019949933,"Cluster_4208"
"7830","M34","D14","Ear",0.0779656743021,"Cluster_315"
"7831","M34","D14","Ear",0.00790231799079,"Cluster_1064"
"7832","M34","D14","Ear",0.0910119132932,"Cluster_161"
"7833","M34","D14","Ear",0.0384184305961,"Cluster_2322"
"7834","M34","D14","Ear",0.292884882671,"Cluster_39"
"7835","M34","D14","Ear",0.514130309401,"Cluster_2305"
"7836","M34","D14","Ear",0.00559233696497,"Cluster_1486"
"7837","M34","D14","GonFat",0.00251801363015,"Cluster_821"
"7838","M34","D14","GonFat",0.000962261363818,"Cluster_2558"
"7839","M34","D14","GonFat",0.0235094561458,"Cluster_3430"
"7840","M34","D14","GonFat",0.00785413962514,"Cluster_1652"
"7841","M34","D14","GonFat",0.00299010014908,"Cluster_2235"
"7842","M34","D14","GonFat",0.0012393748444,"Cluster_2655"
"7843","M34","D14","GonFat",0.00101204778596,"Cluster_1417"
"7844","M34","D14","GonFat",0,"Cluster_416"
"7845","M34","D14","GonFat",0.0404531376988,"Cluster_2245"
"7846","M34","D14","GonFat",0.00327596550819,"Cluster_2574"
"7847","M34","D14","GonFat",0.0103942031474,"Cluster_1592"
"7848","M34","D14","GonFat",0.00817250995075,"Cluster_1472"
"7849","M34","D14","GonFat",0.015997294216,"Cluster_1740"
"7850","M34","D14","GonFat",0.000729316701853,"Cluster_75"
"7851","M34","D14","GonFat",0.00533540399605,"Cluster_1167"
"7852","M34","D14","GonFat",0.00185500539313,"Cluster_3095"
"7853","M34","D14","GonFat",0.0337805541496,"Cluster_353"
"7854","M34","D14","GonFat",0.00103524939811,"Cluster_2003"
"7855","M34","D14","GonFat",0.00186021729328,"Cluster_285"
"7856","M34","D14","GonFat",0.424262035555,"Cluster_340"
"7857","M34","D14","GonFat",0.00522252705303,"Cluster_1989"
"7858","M34","D14","GonFat",0.0100299108653,"Cluster_593"
"7859","M34","D14","GonFat",0.00151554986302,"Cluster_2482"
"7860","M34","D14","GonFat",0.00320158580625,"Cluster_3508"
"7861","M34","D14","GonFat",0.578135153156,"Cluster_315"
"7862","M34","D14","GonFat",0.00376130125796,"Cluster_1839"
"7863","M34","D14","GonFat",0.0445011681428,"Cluster_88"
"7864","M34","D14","GonFat",0.00463411354626,"Cluster_887"
"7865","M34","D14","GonFat",0.00230107707125,"Cluster_1586"
"7866","M34","D14","GonFat",0.00713009796724,"Cluster_694"
"7867","M34","D14","GonFat",0,"Cluster_1400"
"7868","M34","D14","GonFat",0.00281930388245,"Cluster_1662"
"7869","M34","D14","GonFat",0.00178907603786,"Cluster_949"
"7870","M34","D14","GonFat",0,"Cluster_43"
"7871","M34","D14","GonFat",0.00163940499325,"Cluster_2043"
"7872","M34","D14","GonFat",0.00192991362923,"Cluster_120"
"7873","M34","D14","GonFat",0.00472251699446,"Cluster_56"
"7874","M34","D14","GonFat",0.0142069215717,"Cluster_98"
"7875","M34","D14","GonFat",0.00836868680111,"Cluster_1088"
"7876","M34","D14","GonFat",0.00792233107471,"Cluster_77"
"7877","M34","D14","GonFat",0.000223208534248,"Cluster_1557"
"7878","M34","D14","GonFat",0.111204274739,"Cluster_503"
"7879","M34","D14","GonFat",0.00173308716841,"Cluster_619"
"7880","M34","D14","GonFat",0.00652741060325,"Cluster_240"
"7881","M34","D14","GonFat",0.000633191939555,"Cluster_3250"
"7882","M34","D14","GonFat",0.00481865672617,"Cluster_1722"
"7883","M34","D14","GonFat",0.00133320492465,"Cluster_443"
"7884","M34","D14","GonFat",0.00124218203544,"Cluster_252"
"7885","M34","D14","GonFat",0.00285381879651,"Cluster_2228"
"7886","M34","D14","GonFat",0.00409238681057,"Cluster_1868"
"7887","M34","D14","GonFat",0.00048539358412,"Cluster_1784"
"7888","M34","D14","GonFat",0.000870720597994,"Cluster_3331"
"7889","M34","D14","GonFat",0.0250664141937,"Cluster_591"
"7890","M34","D14","GonFat",0.00759578839052,"Cluster_58"
"7891","M34","D14","GonFat",0.00177215155423,"Cluster_1607"
"7892","M34","D14","GonFat",0.00900758533469,"Cluster_119"
"7893","M34","D14","GonFat",0.00146311258865,"Cluster_1470"
"7894","M34","D14","GonFat",0.00120439604938,"Cluster_2473"
"7895","M34","D14","GonFat",0.000706640083297,"Cluster_992"
"7896","M34","D14","GonFat",0.00170450153426,"Cluster_1093"
"7897","M34","D14","GonFat",0,"Cluster_1503"
"7898","M34","D14","GonFat",0.35389713105,"Cluster_1419"
"7899","M34","D14","GonFat",0.0243248778736,"Cluster_978"
"7900","M34","D14","GonFat",0.00144227052899,"Cluster_2904"
"7901","M34","D14","GonFat",0.104061775818,"Cluster_151"
"7902","M34","D14","GonFat",0.00209784804216,"Cluster_228"
"7903","M34","D14","GonFat",0.0115026479341,"Cluster_1004"
"7904","M34","D14","GonFat",0.0968984368053,"Cluster_405"
"7905","M34","D14","GonFat",0.0023286176507,"Cluster_2769"
"7906","M34","D14","GonFat",0.4788563511,"Cluster_303"
"7907","M34","D14","GonFat",0.019521555807,"Cluster_45"
"7908","M34","D14","GonFat",0.00265585122779,"Cluster_611"
"7909","M34","D14","GonFat",0.00196003863623,"Cluster_31"
"7910","M34","D14","GonFat",0.00249752251834,"Cluster_862"
"7911","M34","D14","GonFat",0.057127434234,"Cluster_128"
"7912","M34","D14","GonFat",0.00517653054282,"Cluster_1715"
"7913","M34","D14","GonFat",0.00163302243766,"Cluster_3289"
"7914","M34","D14","GonFat",0.00226519282842,"Cluster_309"
"7915","M34","D14","GonFat",0.00103208349781,"Cluster_3632"
"7916","M34","D14","GonFat",0.00209381093799,"Cluster_3271"
"7917","M34","D14","GonFat",0.005840239793,"Cluster_480"
"7918","M34","D14","GonFat",0.0145383954392,"Cluster_712"
"7919","M34","D14","GonFat",0.0030977462666,"Cluster_3045"
"7920","M34","D14","GonFat",0.00186390631691,"Cluster_5"
"7921","M34","D14","GonFat",0.0019403404501,"Cluster_972"
"7922","M34","D14","GonFat",0.00789666477533,"Cluster_650"
"7923","M34","D14","GonFat",0,"Cluster_1328"
"7924","M34","D14","GonFat",0.0134850736933,"Cluster_525"
"7925","M34","D14","GonFat",0,"Cluster_3260"
"7926","M34","D14","GonFat",0.0108153065105,"Cluster_2561"
"7927","M34","D14","GonFat",0.0166939707823,"Cluster_1904"
"7928","M34","D14","GonFat",0.00126015082879,"Cluster_1393"
"7929","M34","D14","GonFat",0.00167511357677,"Cluster_3538"
"7930","M34","D14","GonFat",1.35899683669,"Cluster_469"
"7931","M34","D14","GonFat",0.00147771616063,"Cluster_2654"
"7932","M34","D14","GonFat",0.00199591631269,"Cluster_1085"
"7933","M34","D14","GonFat",0.00229841774493,"Cluster_2026"
"7934","M34","D14","GonFat",0.00494372027025,"Cluster_142"
"7935","M34","D14","GonFat",0.0342057457677,"Cluster_467"
"7936","M34","D14","GonFat",0.124821446339,"Cluster_792"
"7937","M34","D14","GonFat",0.0258270506067,"Cluster_101"
"7938","M34","D14","GonFat",0.00151205781265,"Cluster_956"
"7939","M34","D14","GonFat",0.0304209867367,"Cluster_1537"
"7940","M34","D14","GonFat",0.00586875121754,"Cluster_490"
"7941","M34","D14","GonFat",0.432506785824,"Cluster_432"
"7942","M34","D14","GonFat",0.00122371190419,"Cluster_2198"
"7943","M34","D14","GonFat",0.00243049292848,"Cluster_175"
"7944","M34","D14","GonFat",0.012937166645,"Cluster_1008"
"7945","M34","D14","GonFat",0,"Cluster_1434"
"7946","M34","D14","GonFat",0.0073592212378,"Cluster_2421"
"7947","M34","D14","GonFat",0.00107253592304,"Cluster_2687"
"7948","M34","D14","GonFat",0.0020327446515,"Cluster_3582"
"7949","M34","D14","GonFat",0.00262410911284,"Cluster_2535"
"7950","M34","D14","GonFat",0.0824794367603,"Cluster_662"
"7951","M34","D14","GonFat",0.00141328016659,"Cluster_3665"
"7952","M34","D14","GonFat",0.0105175055167,"Cluster_8"
"7953","M34","D14","GonFat",0.00154757917078,"Cluster_2749"
"7954","M34","D14","GonFat",0.00306303988582,"Cluster_856"
"7955","M34","D14","GonFat",0.000818431292242,"Cluster_2855"
"7956","M34","D14","GonFat",0.00263399557333,"Cluster_1860"
"7957","M34","D14","GonFat",0.0848049530952,"Cluster_50"
"7958","M34","D14","GonFat",0.00137751552564,"Cluster_1978"
"7959","M34","D14","GonFat",0.000833998279529,"Cluster_3758"
"7960","M34","D14","GonFat",0.00171263011824,"Cluster_1458"
"7961","M34","D14","GonFat",0.00174144119599,"Cluster_2234"
"7962","M34","D14","GonFat",0.00231611679066,"Cluster_281"
"7963","M34","D14","GonFat",0.0195809810399,"Cluster_437"
"7964","M34","D14","GonFat",0.000803550723292,"Cluster_1979"
"7965","M34","D14","GonFat",0.00327026457154,"Cluster_1527"
"7966","M34","D14","GonFat",0.0242545442004,"Cluster_1900"
"7967","M34","D14","GonFat",0.0011987396036,"Cluster_4184"
"7968","M34","D14","GonFat",0.00229704101751,"Cluster_764"
"7969","M34","D14","GonFat",0.00222729160214,"Cluster_2363"
"7970","M34","D14","GonFat",0.133212293294,"Cluster_1831"
"7971","M34","D14","GonFat",0.00167431631492,"Cluster_1111"
"7972","M34","D14","GonFat",0.00143700676793,"Cluster_906"
"7973","M34","D14","GonFat",0.00296045003318,"Cluster_452"
"7974","M34","D14","GonFat",0.00466294032859,"Cluster_3066"
"7975","M34","D14","GonFat",0.00125306177147,"Cluster_1471"
"7976","M34","D14","GonFat",0.00557006751373,"Cluster_213"
"7977","M34","D14","GonFat",0.0630215038635,"Cluster_1830"
"7978","M34","D14","GonFat",0.00144564031994,"Cluster_3211"
"7979","M34","D14","GonFat",0.00124811872701,"Cluster_2506"
"7980","M34","D14","GonFat",5.97895913178,"Cluster_504"
"7981","M34","D14","GonFat",0.00637174129422,"Cluster_1260"
"7982","M34","D14","GonFat",0.00151021944448,"Cluster_1151"
"7983","M34","D14","GonFat",0.00144890470805,"Cluster_3287"
"7984","M34","D14","GonFat",1.25777360725,"Cluster_514"
"7985","M34","D14","GonFat",0.00147584888942,"Cluster_2048"
"7986","M34","D14","GonFat",0.0148137005704,"Cluster_971"
"7987","M34","D14","GonFat",0.0172708030649,"Cluster_1571"
"7988","M34","D14","GonFat",0.00060919007903,"Cluster_3947"
"7989","M34","D14","GonFat",0.00222326287077,"Cluster_245"
"7990","M34","D14","GonFat",1.04673405309,"Cluster_161"
"7991","M34","D14","GonFat",0,"Cluster_1500"
"7992","M34","D14","GonFat",0.00248520842255,"Cluster_1825"
"7993","M34","D14","GonFat",0,"Cluster_4318"
"7994","M34","D14","GonFat",0.00718775002833,"Cluster_705"
"7995","M34","D14","GonFat",0.00206111710348,"Cluster_464"
"7996","M34","D14","GonFat",0.254490393706,"Cluster_338"
"7997","M34","D14","GonFat",0.00108577710727,"Cluster_82"
"7998","M34","D14","GonFat",0.0014447401703,"Cluster_3860"
"7999","M34","D14","GonFat",0.00465527388208,"Cluster_4015"
"8000","M34","D14","GonFat",0.00300883777518,"Cluster_52"
"8001","M34","D14","GonFat",0.0147462416518,"Cluster_795"
"8002","M34","D14","GonFat",0.000281242753152,"Cluster_4172"
"8003","M34","D14","GonFat",0.00157533008355,"Cluster_487"
"8004","M34","D14","GonFat",0.00570898751057,"Cluster_1030"
"8005","M34","D14","GonFat",0.00150397194199,"Cluster_458"
"8006","M34","D14","GonFat",0.00413592284047,"Cluster_673"
"8007","M34","D14","GonFat",0.000667858780572,"Cluster_1146"
"8008","M34","D14","GonFat",0.00102943906717,"Cluster_4266"
"8009","M34","D14","GonFat",0,"Cluster_457"
"8010","M34","D14","GonFat",9.81158497494,"Cluster_1231"
"8011","M34","D14","GonFat",0.013747648956,"Cluster_863"
"8012","M34","D14","GonFat",0.000978235663138,"Cluster_2006"
"8013","M34","D14","GonFat",0.00388225290626,"Cluster_2549"
"8014","M34","D14","GonFat",0.00386398286961,"Cluster_2449"
"8015","M34","D14","GonFat",0.00162495812932,"Cluster_3338"
"8016","M34","D14","GonFat",0.122297985083,"Cluster_1622"
"8017","M34","D14","GonFat",0.00319010684801,"Cluster_174"
"8018","M34","D14","GonFat",0.0396805813148,"Cluster_606"
"8019","M34","D14","GonFat",0.00138251353375,"Cluster_1061"
"8020","M34","D14","GonFat",0.00304910642159,"Cluster_2329"
"8021","M34","D14","GonFat",0.00157427864851,"Cluster_1932"
"8022","M34","D14","GonFat",0.00733676747353,"Cluster_937"
"8023","M34","D14","GonFat",0,"Cluster_1013"
"8024","M34","D14","GonFat",0.0107001809976,"Cluster_656"
"8025","M34","D14","GonFat",0.011987396036,"Cluster_2578"
"8026","M34","D14","GonFat",0.56293130805,"Cluster_826"
"8027","M34","D14","GonFat",0,"Cluster_994"
"8028","M34","D14","GonFat",0.00125929590964,"Cluster_3610"
"8029","M34","D14","GonFat",0.00364158943325,"Cluster_3617"
"8030","M34","D14","GonFat",0.00314823977409,"Cluster_3892"
"8031","M34","D14","GonFat",0.00287886282754,"Cluster_2896"
"8032","M34","D14","GonFat",0.00249420178636,"Cluster_260"
"8033","M34","D14","GonFat",0.0147203653778,"Cluster_888"
"8034","M34","D14","GonFat",0.000990291384339,"Cluster_2599"
"8035","M34","D14","GonFat",0.00360916850292,"Cluster_2100"
"8036","M34","D14","GonFat",0.001710560189,"Cluster_2557"
"8037","M34","D14","GonFat",0.00470088751666,"Cluster_1174"
"8038","M34","D14","GonFat",0.00117098881882,"Cluster_1890"
"8039","M34","D14","GonFat",0.00339849442773,"Cluster_2512"
"8040","M34","D14","GonFat",0.0387792871086,"Cluster_3404"
"8041","M34","D14","GonFat",0.042419384107,"Cluster_87"
"8042","M34","D14","GonFat",0.00139538748356,"Cluster_2208"
"8043","M34","D14","GonFat",0.00400871141027,"Cluster_221"
"8044","M34","D14","GonFat",0.00502952368776,"Cluster_93"
"8045","M34","D14","GonFat",0,"Cluster_2925"
"8046","M34","D14","GonFat",0.00224105854988,"Cluster_36"
"8047","M34","D14","GonFat",0.00334718487906,"Cluster_771"
"8048","M34","D14","GonFat",0.00271269605877,"Cluster_740"
"8049","M34","D14","GonFat",0.697584459857,"Cluster_279"
"8050","M34","D14","GonFat",0.00137282082673,"Cluster_2973"
"8051","M34","D14","GonFat",0.0229494086572,"Cluster_1803"
"8052","M34","D14","GonFat",0.463221061993,"Cluster_215"
"8053","M34","D14","GonFat",0.00492536977559,"Cluster_1356"
"8054","M34","D14","GonFat",0.0143408813296,"Cluster_536"
"8055","M34","D14","GonFat",0.0364328058626,"Cluster_634"
"8056","M34","D14","GonFat",0.0044990623039,"Cluster_1332"
"8057","M34","D14","GonFat",0.00159363411603,"Cluster_2732"
"8058","M34","D14","GonFat",0.0176616609488,"Cluster_439"
"8059","M34","D14","GonFat",0.00139259059688,"Cluster_2921"
"8060","M34","D14","GonFat",0.0161457762492,"Cluster_791"
"8061","M34","D14","GonFat",0.00225407794806,"Cluster_1657"
"8062","M34","D14","GonFat",0.00159309620522,"Cluster_1450"
"8063","M34","D14","GonFat",0.00997689213257,"Cluster_323"
"8064","M34","D14","GonFat",0.00236559325081,"Cluster_2211"
"8065","M34","D14","GonFat",0.00971971708224,"Cluster_1675"
"8066","M34","D14","GonFat",0.000611397289461,"Cluster_1878"
"8067","M34","D14","GonFat",0.00443751891967,"Cluster_1411"
"8068","M34","D14","GonFat",0,"Cluster_1493"
"8069","M34","D14","GonFat",0.00195857629347,"Cluster_229"
"8070","M34","D14","GonFat",0.0127873002644,"Cluster_960"
"8071","M34","D14","GonFat",0.00129307012944,"Cluster_2712"
"8072","M34","D14","GonFat",0.00235772367912,"Cluster_114"
"8073","M34","D14","GonFat",0.00330873827238,"Cluster_714"
"8074","M34","D14","GonFat",0.00736081638356,"Cluster_86"
"8075","M34","D14","GonFat",0.00171141634778,"Cluster_2750"
"8076","M34","D14","GonFat",0.0209700422952,"Cluster_2315"
"8077","M34","D14","GonFat",0.0044555303546,"Cluster_640"
"8078","M34","D14","GonFat",0.000349369879692,"Cluster_2914"
"8079","M34","D14","GonFat",0.00228609421277,"Cluster_2498"
"8080","M34","D14","GonFat",0.046094109312,"Cluster_107"
"8081","M34","D14","GonFat",0.00369118005628,"Cluster_1942"
"8082","M34","D14","GonFat",0.00067122375454,"Cluster_3739"
"8083","M34","D14","GonFat",18.6018107079,"Cluster_424"
"8084","M34","D14","GonFat",0.123304592804,"Cluster_647"
"8085","M34","D14","GonFat",0.00164481321338,"Cluster_646"
"8086","M34","D14","GonFat",0.00772530205392,"Cluster_1789"
"8087","M34","D14","GonFat",0.00473062686282,"Cluster_254"
"8088","M34","D14","GonFat",0.0191340851409,"Cluster_524"
"8089","M34","D14","GonFat",0.00253139930373,"Cluster_1190"
"8090","M34","D14","GonFat",0.182071808862,"Cluster_39"
"8091","M34","D14","GonFat",0.00338896484327,"Cluster_13"
"8092","M34","D14","GonFat",0,"Cluster_2866"
"8093","M34","D14","GonFat",0.00087342469923,"Cluster_4274"
"8094","M34","D14","GonFat",0.03486639611,"Cluster_3717"
"8095","M34","D14","GonFat",0.0259106991836,"Cluster_4"
"8096","M34","D14","GonFat",0.00200047146594,"Cluster_1538"
"8097","M34","D14","GonFat",0.00288700858668,"Cluster_2934"
"8098","M34","D14","GonFat",0.00266580808675,"Cluster_2905"
"8099","M34","D14","GonFat",0.0179139405812,"Cluster_206"
"8100","M34","D14","GonFat",0.00249301055426,"Cluster_445"
"8101","M34","D14","GonFat",0.00242450649269,"Cluster_2185"
"8102","M34","D14","GonFat",0.000732880138507,"Cluster_3416"
"8103","M34","D14","GonFat",0.0018536454185,"Cluster_2267"
"8104","M34","D14","GonFat",0.0182597906897,"Cluster_1729"
"8105","M34","D14","GonFat",0.00196462842038,"Cluster_104"
"8106","M34","D14","GonFat",0.183111932475,"Cluster_54"
"8107","M34","D14","GonFat",0,"Cluster_1016"
"8108","M34","D14","GonFat",0.0061087988696,"Cluster_1044"
"8109","M34","D14","GonFat",0.0018953732173,"Cluster_661"
"8110","M34","D14","GonFat",0.0642300643365,"Cluster_294"
"8111","M34","D14","GonFat",0.162905147433,"Cluster_825"
"8112","M34","D14","GonFat",0.07611003703,"Cluster_1678"
"8113","M34","D14","GonFat",0.0039753722492,"Cluster_1049"
"8114","M34","D14","GonFat",0.00722666225157,"Cluster_359"
"8115","M34","D14","GonFat",0.0512830490552,"Cluster_943"
"8116","M34","D14","GonFat",0.0390528200452,"Cluster_1220"
"8117","M34","D14","GonFat",0.111667593141,"Cluster_532"
"8118","M34","D14","GonFat",0.00574369002916,"Cluster_364"
"8119","M34","D14","GonFat",0.000442901973468,"Cluster_1168"
"8120","M34","D14","GonFat",0.00752732176501,"Cluster_95"
"8121","M34","D14","GonFat",0.0266117092478,"Cluster_425"
"8122","M34","D14","GonFat",0.00124688905338,"Cluster_2900"
"8123","M34","D14","GonFat",0.00218296937262,"Cluster_1928"
"8124","M34","D14","GonFat",0,"Cluster_1502"
"8125","M34","D14","GonFat",0.114096080906,"Cluster_103"
"8126","M34","D14","GonFat",0.00200082519778,"Cluster_3649"
"8127","M34","D14","GonFat",0.00239577160093,"Cluster_2924"
"8128","M34","D14","GonFat",0.00109575098631,"Cluster_352"
"8129","M34","D14","GonFat",0.0100799393829,"Cluster_403"
"8130","M34","D14","GonFat",0.00133443721841,"Cluster_1621"
"8131","M34","D14","GonFat",0.00455665549596,"Cluster_2083"
"8132","M34","D14","GonFat",0.00158997293256,"Cluster_3027"
"8133","M34","D14","GonFat",0.00298105273684,"Cluster_1725"
"8134","M34","D14","GonFat",0.00299194418247,"Cluster_2000"
"8135","M34","D14","GonFat",4.69959220726,"Cluster_26"
"8136","M34","D14","GonFat",0.000737685909907,"Cluster_2771"
"8137","M34","D14","GonFat",0.00196398570637,"Cluster_1754"
"8138","M34","D14","GonFat",0.00436579187152,"Cluster_739"
"8139","M34","D14","GonFat",0.00120964625012,"Cluster_3044"
"8140","M34","D14","GonFat",0.00147037561059,"Cluster_1060"
"8141","M34","D14","GonFat",0,"Cluster_417"
"8142","M34","D14","GonFat",0.00223417140355,"Cluster_2970"
"8143","M34","D14","GonFat",0.00237216904017,"Cluster_885"
"8144","M34","D14","GonFat",0.00330507004813,"Cluster_3991"
"8145","M34","D14","GonFat",0.00141803068816,"Cluster_1169"
"8146","M34","D14","GonFat",0.00265056119877,"Cluster_1365"
"8147","M34","D14","GonFat",0.00247493622774,"Cluster_3378"
"8148","M34","D14","GonFat",0.00150432170291,"Cluster_178"
"8149","M34","D14","GonFat",0.00178566827398,"Cluster_436"
"8150","M34","D14","GonFat",0.00281242753152,"Cluster_1615"
"8151","M34","D14","GonFat",0.0792494952387,"Cluster_1963"
"8152","M34","D14","GonFat",0.00253899707707,"Cluster_867"
"8153","M34","D14","GonFat",0.0428157673855,"Cluster_1123"
"8154","M34","D14","GonFat",0,"Cluster_961"
"8155","M34","D14","GonFat",0.00221007402323,"Cluster_2487"
"8156","M34","D14","GonFat",0.00757355674147,"Cluster_984"
"8157","M34","D14","GonFat",0.0218898300483,"Cluster_1229"
"8158","M34","D14","GonFat",0.00100220134754,"Cluster_2823"
"8159","M34","D14","GonFat",0.0495455646974,"Cluster_763"
"8160","M34","D14","GonFat",0.237254039377,"Cluster_1545"
"8161","M34","D14","GonFat",0.0247062656336,"Cluster_109"
"8162","M34","D14","GonFat",0.00119395508414,"Cluster_616"
"8163","M34","D14","GonFat",0.111421309309,"Cluster_592"
"8164","M34","D14","GonFat",0.002126469597,"Cluster_3989"
"8165","M34","D14","GonFat",0.00176074143259,"Cluster_2900"
"8166","M34","D14","GonFat",0,"Cluster_78"
"8167","M34","D14","GonFat",0.00792992705976,"Cluster_144"
"8168","M34","D14","GonFat",0.00216638159237,"Cluster_2966"
"8169","M34","D14","GonFat",0.0106978375539,"Cluster_1325"
"8170","M34","D14","GonFat",0.0126474781635,"Cluster_523"
"8171","M34","D14","GonFat",0.00163703581579,"Cluster_1530"
"8172","M34","D14","GonFat",0.00290940779123,"Cluster_1092"
"8173","M34","D14","GonFat",0.00289405471581,"Cluster_1145"
"8174","M34","D14","GonFat",0.00138679858556,"Cluster_2648"
"8175","M34","D14","GonFat",0.0213573929882,"Cluster_261"
"8176","M34","D14","GonFat",0.0017807947252,"Cluster_1826"
"8177","M34","D14","GonFat",0.00360407379965,"Cluster_886"
"8178","M34","D14","GonFat",0.00111857913186,"Cluster_1135"
"8179","M34","D14","GonFat",0.00188926429598,"Cluster_2258"
"8180","M34","D14","GonFat",0.0243730894832,"Cluster_472"
"8181","M34","D14","GonFat",0.0728851711879,"Cluster_232"
"8182","M34","D14","GonFat",0.020398386448,"Cluster_188"
"8183","M34","D14","GonFat",0.00256409401653,"Cluster_99"
"8184","M34","D14","GonFat",0,"Cluster_1456"
"8185","M34","D14","GonFat",0.00920562619854,"Cluster_1426"
"8186","M34","D14","GonFat",0.00190673052985,"Cluster_446"
"8187","M34","D14","GonFat",0.00296568791364,"Cluster_595"
"8188","M34","D14","GonFat",0.00337491303783,"Cluster_510"
"8189","M34","D14","GonFat",0.0015230699984,"Cluster_180"
"8190","M34","D14","GonFat",0.00315888599555,"Cluster_2250"
"8191","M34","D14","GonFat",0.00258076803832,"Cluster_1025"
"8192","M34","D14","GonFat",0.00150162982773,"Cluster_4065"
"8193","M34","D14","GonFat",0.00130989775441,"Cluster_745"
"8194","M34","D14","GonFat",0.0128502446648,"Cluster_1679"
"8195","M34","D14","GonFat",0.0406107400429,"Cluster_357"
"8196","M34","D14","GonFat",0.00728683896437,"Cluster_589"
"8197","M34","D14","GonFat",0.0134108894299,"Cluster_29"
"8198","M34","D14","GonFat",0.00197363335545,"Cluster_1573"
"8199","M34","D14","GonFat",0.00217788365252,"Cluster_3156"
"8200","M34","D14","GonFat",0.00473716928678,"Cluster_368"
"8201","M34","D14","GonFat",0.00124012552571,"Cluster_247"
"8202","M34","D14","GonFat",0.0468592011283,"Cluster_293"
"8203","M34","D14","GonFat",0.0103498814359,"Cluster_163"
"8204","M34","D14","GonFat",0.00120018244588,"Cluster_1431"
"8205","M34","D14","GonFat",0.00103439183565,"Cluster_741"
"8206","M34","D14","GonFat",0.00251254332787,"Cluster_3330"
"8207","M34","D14","GonFat",0.00230852392261,"Cluster_2675"
"8208","M34","D14","GonFat",0.000606126623173,"Cluster_3656"
"8209","M34","D14","GonFat",0.00214507184608,"Cluster_3868"
"8210","M34","D14","GonFat",0.00309278027596,"Cluster_2361"
"8211","M34","D14","GonFat",0.00237994322504,"Cluster_1018"
"8212","M34","D14","GonFat",0.00170450153426,"Cluster_2600"
"8213","M34","D14","GonFat",0.00266040442171,"Cluster_459"
"8214","M34","D14","GonFat",0.00527769970469,"Cluster_2922"
"8215","M34","D14","GonFat",0.00633568839519,"Cluster_663"
"8216","M34","D14","GonFat",0.00369901742142,"Cluster_810"
"8217","M34","D14","GonFat",0.00128600066054,"Cluster_4311"
"8218","M34","D14","GonFat",0.00310753121527,"Cluster_1681"
"8219","M34","D14","GonFat",0.000749980675072,"Cluster_3379"
"8220","M34","D14","GonFat",0.00213575323822,"Cluster_434"
"8221","M34","D14","GonFat",0.0110786118732,"Cluster_1137"
"8222","M34","D14","GonFat",0.00138110280566,"Cluster_3123"
"8223","M34","D14","GonFat",0.0183527330389,"Cluster_59"
"8224","M34","D14","GonFat",0.00374308536923,"Cluster_225"
"8225","M34","D14","GonFat",0.0430555466791,"Cluster_1152"
"8226","M34","D14","GonFat",0.00287090901138,"Cluster_881"
"8227","M34","D14","GonFat",37.0166492761,"Cluster_327"
"8228","M34","D14","GonFat",0.00203880049455,"Cluster_3602"
"8229","M34","D14","GonFat",0.0065466949791,"Cluster_1705"
"8230","M34","D14","GonFat",0.0271906894126,"Cluster_32"
"8231","M34","D14","GonFat",0.00384858504313,"Cluster_428"
"8232","M34","D14","GonFat",0.00185249717645,"Cluster_1288"
"8233","M34","D14","GonFat",0.00119772150396,"Cluster_2665"
"8234","M34","D14","GonFat",0,"Cluster_493"
"8235","M34","D14","GonFat",0.444297965251,"Cluster_545"
"8236","M34","D14","GonFat",0.000546692176754,"Cluster_1003"
"8237","M34","D14","GonFat",0.00579444868303,"Cluster_455"
"8238","M34","D14","GonFat",0.00193652319437,"Cluster_284"
"8239","M34","D14","GonFat",0.000656233090688,"Cluster_4005"
"8240","M34","D14","GonFat",0.0162495812932,"Cluster_48"
"8241","M34","D14","GonFat",0.00600712676636,"Cluster_1221"
"8242","M34","D14","GonFat",0.215053884886,"Cluster_84"
"8243","M34","D14","GonFat",0.00110706946383,"Cluster_1412"
"8244","M34","D14","GonFat",0.00258044787415,"Cluster_401"
"8245","M34","D14","GonFat",0.00753368254712,"Cluster_2543"
"8246","M34","D14","GonFat",0.000581881558246,"Cluster_1481"
"8247","M34","D14","GonFat",0.00260495336936,"Cluster_2849"
"8248","M34","D14","GonFat",0.00158236368546,"Cluster_2583"
"8249","M34","D14","GonFat",0.00642667895813,"Cluster_277"
"8250","M34","D14","GonFat",0.000739001228253,"Cluster_1468"
"8251","M34","D14","GonFat",0.000962427672384,"Cluster_1248"
"8252","M34","D14","GonFat",8.65034186365,"Cluster_409"
"8253","M34","D14","GonFat",0.00182427731774,"Cluster_2296"
"8254","M34","D14","GonFat",0.00280241889262,"Cluster_1128"
"8255","M34","D14","GonFat",0.01737087593,"Cluster_664"
"8256","M34","D14","GonFat",0.00796539878055,"Cluster_453"
"8257","M34","D14","GonFat",0.00144610635486,"Cluster_2049"
"8258","M34","D14","GonFat",0.0134573145325,"Cluster_3279"
"8259","M34","D14","GonFat",0.0045723515083,"Cluster_2001"
"8260","M34","D14","GonFat",0.00154528985248,"Cluster_4025"
"8261","M34","D14","GonFat",0.00483090614078,"Cluster_69"
"8262","M34","D14","GonFat",0.00724599233012,"Cluster_515"
"8263","M34","D14","GonFat",0.00416313285916,"Cluster_3047"
"8264","M34","D14","GonFat",0.240183499852,"Cluster_12"
"8265","M34","D14","GonFat",0.00494047744918,"Cluster_980"
"8266","M34","D14","GonFat",0.0140621376576,"Cluster_62"
"8267","M34","D14","GonFat",0.00159696200528,"Cluster_2991"
"8268","M34","D14","GonFat",0.00329749362234,"Cluster_1949"
"8269","M34","D14","GonFat",0.00198387004298,"Cluster_1449"
"8270","M34","D14","GonFat",0.0019285217359,"Cluster_2265"
"8271","M34","D14","GonFat",0.00216340579348,"Cluster_843"
"8272","M34","D14","GonFat",0.000660194256226,"Cluster_4072"
"8273","M34","D14","GonFat",0.0057936463342,"Cluster_2441"
"8274","M34","D14","GonFat",0.00223608459953,"Cluster_4086"
"8275","M34","D14","GonFat",0.00549285619328,"Cluster_603"
"8276","M34","D14","GonFat",0.0249832835093,"Cluster_1274"
"8277","M34","D14","GonFat",0.00124122205374,"Cluster_3203"
"8278","M34","D14","GonFat",0.00158618472494,"Cluster_1208"
"8279","M34","D14","GonFat",0.0104108785989,"Cluster_549"
"8280","M34","D14","GonFat",0.000645860184692,"Cluster_4313"
"8281","M34","D14","GonFat",0.00299471450116,"Cluster_968"
"8282","M34","D14","GonFat",0.0207187708683,"Cluster_1613"
"8283","M34","D14","GonFat",0.000745837135431,"Cluster_1179"
"8284","M34","D14","GonFat",0.00551496281507,"Cluster_1673"
"8285","M34","D14","GonFat",0.00283883530177,"Cluster_2059"
"8286","M34","D14","GonFat",0.00841301428413,"Cluster_1909"
"8287","M34","D14","GonFat",0.00918854748312,"Cluster_717"
"8288","M34","D14","GonFat",0.0106003874971,"Cluster_479"
"8289","M34","D14","GonFat",0.00567453109281,"Cluster_462"
"8290","M34","D14","GonFat",0.00381849916881,"Cluster_2811"
"8291","M34","D14","GonFat",0.00419179727532,"Cluster_170"
"8292","M34","D14","GonFat",0.0577477124276,"Cluster_272"
"8293","M34","D14","GonFat",0.00843511418475,"Cluster_2287"
"8294","M34","D14","GonFat",0.000669625602743,"Cluster_4271"
"8295","M34","D14","GonFat",0.00992621481714,"Cluster_2481"
"8296","M34","D14","GonFat",0.0129941272026,"Cluster_18"
"8297","M34","D14","GonFat",0.0329146738579,"Cluster_248"
"8298","M34","D14","GonFat",0.0066697886123,"Cluster_246"
"8299","M34","D14","GonFat",0.00259165676966,"Cluster_3003"
"8300","M34","D14","GonFat",0.00344163429158,"Cluster_1050"
"8301","M34","D14","GonFat",0.00153278461668,"Cluster_1633"
"8302","M34","D14","GonFat",0.163910827678,"Cluster_853"
"8303","M34","D14","GonFat",0.000834857894329,"Cluster_2569"
"8304","M34","D14","GonFat",0.00472286522843,"Cluster_729"
"8305","M34","D14","GonFat",0.00238211075074,"Cluster_635"
"8306","M34","D14","GonFat",0.252446566823,"Cluster_380"
"8307","M34","D14","GonFat",0.00206579147121,"Cluster_3531"
"8308","M34","D14","GonFat",0.0045088123918,"Cluster_1289"
"8309","M34","D14","GonFat",0.0058435156486,"Cluster_66"
"8310","M34","D14","GonFat",0.00238669308868,"Cluster_2360"
"8311","M34","D14","GonFat",0.00392291393882,"Cluster_139"
"8312","M34","D14","GonFat",0.00968725038635,"Cluster_987"
"8313","M34","D14","GonFat",0.0498672349691,"Cluster_2215"
"8314","M34","D14","GonFat",0.00343741142742,"Cluster_1430"
"8315","M34","D14","GonFat",0.00190673052985,"Cluster_488"
"8316","M34","D14","GonFat",0.00265202291946,"Cluster_106"
"8317","M34","D14","GonFat",0.00273122883639,"Cluster_2906"
"8318","M34","D14","GonFat",0.0029677718387,"Cluster_2411"
"8319","M34","D14","GonFat",0.009617627828,"Cluster_928"
"8320","M34","D14","GonFat",0.00806921321963,"Cluster_859"
"8321","M34","D14","GonFat",0.00273051216653,"Cluster_1811"
"8322","M34","D14","GonFat",0.419670037328,"Cluster_2305"
"8323","M34","D14","GonFat",0.00296606545434,"Cluster_728"
"8324","M34","D14","GonFat",0.000657877785151,"Cluster_1877"
"8325","M34","D14","GonFat",0.00150367412576,"Cluster_3395"
"8326","M34","D14","GonFat",0.0125187323049,"Cluster_358"
"8327","M34","D14","GonFat",0.00296261568792,"Cluster_1921"
"8328","M34","D14","GonFat",0.0389940335324,"Cluster_21"
"8329","M34","D14","GonFat",0.0186465682598,"Cluster_290"
"8330","M34","D14","GonFat",0,"Cluster_1491"
"8331","M34","D14","GonFat",0.016391579914,"Cluster_1730"
"8332","M34","D14","GonFat",0.0156466038726,"Cluster_509"
"8333","M34","D14","GonFat",0.00230242746859,"Cluster_3139"
"8334","M34","D14","GonFat",0.00194920720006,"Cluster_2388"
"8335","M34","D14","GonFat",0.00180438036667,"Cluster_3024"
"8336","M34","D14","GonFat",0.0002929612012,"Cluster_3455"
"8337","M34","D14","GonFat",0.00132800880292,"Cluster_772"
"8338","M34","D14","GonFat",0.0273713099124,"Cluster_893"
"8339","M34","D14","GonFat",0.00389413042826,"Cluster_703"
"8340","M34","D14","GonFat",0.00239495781981,"Cluster_625"
"8341","M34","D14","GonFat",0.00113583552634,"Cluster_3006"
"8342","M34","D14","GonFat",0.00129861429556,"Cluster_3119"
"8343","M34","D14","GonFat",0.00146165588556,"Cluster_1577"
"8344","M34","D14","GonFat",0.0248463877493,"Cluster_1064"
"8345","M34","D14","GonFat",0.00269739170865,"Cluster_1287"
"8346","M34","D14","GonFat",0,"Cluster_1499"
"8347","M34","D14","GonFat",0.00151205781265,"Cluster_1488"
"8348","M34","D14","GonFat",0.00538647489737,"Cluster_1312"
"8349","M34","D14","GonFat",0.0011479296047,"Cluster_4226"
"8350","M34","D14","GonFat",0.0034186398263,"Cluster_1126"
"8351","M34","D14","GonFat",0,"Cluster_1448"
"8352","M34","D14","GonFat",0.0165982565194,"Cluster_624"
"8353","M34","D14","GonFat",0,"Cluster_34"
"8354","M34","D14","GonFat",0.00421022085557,"Cluster_112"
"8355","M34","D14","GonFat",0,"Cluster_3259"
"8356","M34","D14","Heart",0.000701836325066,"Cluster_161"
"8357","M34","D14","Heart",0.00126947286462,"Cluster_353"
"8358","M34","D14","Heart",0.0047734955277,"Cluster_23"
"8359","M34","D14","Heart",0.673246065315,"Cluster_1123"
"8360","M34","D14","Heart",36.6727143711,"Cluster_26"
"8361","M34","D14","Heart",0.00330865696103,"Cluster_993"
"8362","M34","D14","Heart",0.0762999665427,"Cluster_315"
"8363","M34","D14","Heart",0.00727314664711,"Cluster_409"
"8364","M34","D14","Heart",0.000994635965922,"Cluster_340"
"8365","M34","D14","Heart",0.0285655037424,"Cluster_54"
"8366","M34","D14","Heart",0.00101606758879,"Cluster_1898"
"8367","M34","D14","Heart",0.00296577336461,"Cluster_1904"
"8368","M34","D14","Heart",2.2069152487,"Cluster_327"
"8369","M34","D14","Heart",0.00169540610764,"Cluster_1729"
"8370","M34","D14","Heart",0.0357182016144,"Cluster_356"
"8371","M34","D14","Heart",0.00276791629324,"Cluster_2417"
"8372","M34","D14","Heart",0.000805047549341,"Cluster_2417"
"8373","M34","D14","Heart",0.00702811810814,"Cluster_826"
"8374","M34","D14","Heart",0.00388224621712,"Cluster_66"
"8375","M34","D14","Heart",0.00181743128845,"Cluster_64"
"8376","M34","D14","Heart",0.0113247764297,"Cluster_662"
"8377","M34","D14","Heart",0.00164979607372,"Cluster_1167"
"8378","M34","D14","Heart",28.0380428757,"Cluster_1831"
"8379","M34","D14","Heart",0.00245025183724,"Cluster_1868"
"8380","M34","D14","Heart",0.00148160034757,"Cluster_650"
"8381","M34","D14","Heart",0.0158074273294,"Cluster_87"
"8382","M34","D14","Heart",0.0247176393731,"Cluster_893"
"8383","M34","D14","Heart",0.201977964459,"Cluster_12"
"8384","M34","D14","Heart",0.0339541662734,"Cluster_763"
"8385","M34","D14","Heart",0.00609382886091,"Cluster_1613"
"8386","M34","D14","Heart",0.0294026589692,"Cluster_151"
"8387","M34","D14","Heart",0.00158499339336,"Cluster_529"
"8388","M34","D14","Heart",0.00603529639817,"Cluster_265"
"8389","M34","D14","Heart",0.00121266656167,"Cluster_2421"
"8390","M34","D14","Heart",0.00218268840387,"Cluster_98"
"8391","M34","D14","Heart",0.00273902495004,"Cluster_479"
"8392","M34","D14","Heart",0.0036846407066,"Cluster_491"
"8393","M34","D14","Heart",0.00994792137921,"Cluster_1500"
"8394","M34","D14","Heart",0.00176074727166,"Cluster_13"
"8395","M34","D14","Heart",0.00205051973736,"Cluster_364"
"8396","M34","D14","Heart",0.000676333551626,"Cluster_4260"
"8397","M34","D14","Heart",0.000925084460276,"Cluster_2360"
"8398","M34","D14","Heart",0.0537531522696,"Cluster_503"
"8399","M34","D14","Heart",0.044798212629,"Cluster_84"
"8400","M34","D14","Heart",0.0012629521118,"Cluster_1174"
"8401","M34","D14","Heart",0.00224893198826,"Cluster_624"
"8402","M34","D14","Heart",0.00157534484475,"Cluster_233"
"8403","M34","D14","Heart",0.00210862824775,"Cluster_589"
"8404","M34","D14","Heart",0.00213524380269,"Cluster_62"
"8405","M34","D14","Heart",0.00729909778069,"Cluster_932"
"8406","M34","D14","Heart",0.0137609019374,"Cluster_88"
"8407","M34","D14","Heart",0.0013159431095,"Cluster_196"
"8408","M34","D14","Heart",0.0768615009065,"Cluster_2315"
"8409","M34","D14","Heart",0.00885364062447,"Cluster_2245"
"8410","M34","D14","Heart",0.0294695844315,"Cluster_553"
"8411","M34","D14","Heart",0.00322923567545,"Cluster_509"
"8412","M34","D14","Heart",0.000376673624003,"Cluster_3014"
"8413","M34","D14","Heart",0.00577566223472,"Cluster_201"
"8414","M34","D14","Heart",0.0104393168721,"Cluster_792"
"8415","M34","D14","Heart",0.0289105136355,"Cluster_103"
"8416","M34","D14","Heart",0.00129393097021,"Cluster_2215"
"8417","M34","D14","Heart",3.21508748576,"Cluster_469"
"8418","M34","D14","Heart",0.0032696470434,"Cluster_376"
"8419","M34","D14","Heart",0.00308238926549,"Cluster_1229"
"8420","M34","D14","Heart",0.00135958358954,"Cluster_1092"
"8421","M34","D14","Heart",0.0284942806429,"Cluster_128"
"8422","M34","D14","Heart",0.00343736581532,"Cluster_254"
"8423","M34","D14","Heart",0.00589130533661,"Cluster_493"
"8424","M34","D14","Heart",0.000215524540768,"Cluster_3372"
"8425","M34","D14","Heart",0.00221744742704,"Cluster_18"
"8426","M34","D14","Heart",0.0222011262828,"Cluster_696"
"8427","M34","D14","Heart",0.00478366413497,"Cluster_34"
"8428","M34","D14","Heart",0.00287713016213,"Cluster_2462"
"8429","M34","D14","Heart",0.00662485908739,"Cluster_59"
"8430","M34","D14","Heart",0.215564392476,"Cluster_410"
"8431","M34","D14","Heart",0.00100857543541,"Cluster_3295"
"8432","M34","D14","Heart",0.25009884435,"Cluster_9"
"8433","M34","D14","Heart",0.00178886883416,"Cluster_550"
"8434","M34","D14","Heart",0.00135243238746,"Cluster_1679"
"8435","M34","D14","Heart",0.40371228498,"Cluster_261"
"8436","M34","D14","Heart",0.00132825869493,"Cluster_169"
"8437","M34","D14","Heart",0.00553477135026,"Cluster_290"
"8438","M34","D14","Heart",0.00456193611293,"Cluster_1152"
"8439","M34","D14","Heart",0.00210360526003,"Cluster_2837"
"8440","M34","D14","Heart",0.00224357513751,"Cluster_917"
"8441","M34","D14","Heart",0.00832455863342,"Cluster_853"
"8442","M34","D14","Heart",0.00348582093723,"Cluster_943"
"8443","M34","D14","Heart",0.013025994873,"Cluster_2554"
"8444","M34","D14","Heart",0.206351964761,"Cluster_50"
"8445","M34","D14","Heart",0.0167218446047,"Cluster_405"
"8446","M34","D14","Heart",0.00135311664367,"Cluster_971"
"8447","M34","D14","Heart",0.12283154953,"Cluster_647"
"8448","M34","D14","Heart",0.00234050727666,"Cluster_188"
"8449","M34","D14","Heart",0.0360680977401,"Cluster_215"
"8450","M34","D14","Heart",0.00406930100014,"Cluster_221"
"8451","M34","D14","Heart",0.00453860992389,"Cluster_359"
"8452","M34","D14","Heart",0.00526678461107,"Cluster_591"
"8453","M34","D14","Heart",0.00219950491159,"Cluster_3238"
"8454","M34","D14","Heart",0.00179486011001,"Cluster_380"
"8455","M34","D14","Heart",0.000805047549341,"Cluster_380"
"8456","M34","D14","Heart",0.00542439169647,"Cluster_2537"
"8457","M34","D14","Heart",0.0816951829968,"Cluster_699"
"8458","M34","D14","Heart",0.00222054506159,"Cluster_2543"
"8459","M34","D14","Heart",0.00191470768492,"Cluster_403"
"8460","M34","D14","Heart",0.00176524083277,"Cluster_658"
"8461","M34","D14","Heart",0.00678374361462,"Cluster_1909"
"8462","M34","D14","Heart",0.333925441586,"Cluster_1989"
"8463","M34","D14","Heart",0.00292391494488,"Cluster_791"
"8464","M34","D14","Heart",0.00517841396603,"Cluster_634"
"8465","M34","D14","Heart",0.0201230067274,"Cluster_294"
"8466","M34","D14","Heart",0.0133284216387,"Cluster_1571"
"8467","M34","D14","Heart",0.00427681510587,"Cluster_795"
"8468","M34","D14","Heart",4.63433971699,"Cluster_424"
"8469","M34","D14","Heart",0.00269128744986,"Cluster_856"
"8470","M34","D14","Heart",0.00515873041595,"Cluster_437"
"8471","M34","D14","Heart",0.0128929932308,"Cluster_1008"
"8472","M34","D14","Heart",0.00110592390617,"Cluster_1202"
"8473","M34","D14","Heart",0.00373249318331,"Cluster_2051"
"8474","M34","D14","Heart",2.65445577016,"Cluster_1088"
"8475","M34","D14","Heart",0.00630951323814,"Cluster_107"
"8476","M34","D14","Heart",0.0204684467389,"Cluster_264"
"8477","M34","D14","Heart",0.00316934508898,"Cluster_390"
"8478","M34","D14","Heart",0.264023322563,"Cluster_1537"
"8479","M34","D14","Heart",0.00514832877233,"Cluster_1705"
"8480","M34","D14","Heart",0.00159850241397,"Cluster_228"
"8481","M34","D14","Heart",0.0235499192547,"Cluster_811"
"8482","M34","D14","Heart",0.00195511547697,"Cluster_480"
"8483","M34","D14","Heart",0.325804372414,"Cluster_39"
"8484","M34","D14","Heart",1.58514598962,"Cluster_504"
"8485","M34","D14","Heart",0.00195080589105,"Cluster_673"
"8486","M34","D14","Heart",0.00194093655731,"Cluster_2561"
"8487","M34","D14","Heart",0.00244662495442,"Cluster_712"
"8488","M34","D14","Heart",0.00174840723271,"Cluster_928"
"8489","M34","D14","Heart",8.63365933316,"Cluster_809"
"8490","M34","D14","Heart",0.00281055841621,"Cluster_234"
"8491","M34","D14","Heart",0.00379165744466,"Cluster_206"
"8492","M34","D14","Heart",0.00195970494992,"Cluster_960"
"8493","M34","D14","Heart",0.0655084722524,"Cluster_1830"
"8494","M34","D14","Heart",0.00503760334934,"Cluster_888"
"8495","M34","D14","Heart",0.00889008879625,"Cluster_972"
"8496","M34","D14","Heart",0.00119110603471,"Cluster_593"
"8497","M34","D14","Heart",0.158494694666,"Cluster_1545"
"8498","M34","D14","Heart",0.0437661802621,"Cluster_86"
"8499","M34","D14","Heart",0.0137136438812,"Cluster_588"
"8500","M34","D14","Heart",0.0110651216356,"Cluster_532"
"8501","M34","D14","Heart",0.00211909290407,"Cluster_374"
"8502","M34","D14","Heart",0.00254901973494,"Cluster_1715"
"8503","M34","D14","Heart",0.00115248912327,"Cluster_918"
"8504","M34","D14","Heart",0.872382552057,"Cluster_303"
"8505","M34","D14","Heart",0.00208262300808,"Cluster_382"
"8506","M34","D14","Heart",0.00223914494683,"Cluster_153"
"8507","M34","D14","Heart",0.00233313156711,"Cluster_472"
"8508","M34","D14","Heart",0.0027620972681,"Cluster_1070"
"8509","M34","D14","Heart",0.00302101547034,"Cluster_1740"
"8510","M34","D14","Heart",0.170873847682,"Cluster_825"
"8511","M34","D14","Heart",0.471565859387,"Cluster_248"
"8512","M34","D14","Heart",0.00603632611141,"Cluster_200"
"8513","M34","D14","Heart",0.00142463192605,"Cluster_656"
"8514","M34","D14","Heart",0.050684616968,"Cluster_4"
"8515","M34","D14","Heart",0.575315746386,"Cluster_232"
"8516","M34","D14","Heart",0.00548279096635,"Cluster_524"
"8517","M34","D14","Heart",0.0018084818162,"Cluster_1937"
"8518","M34","D14","Heart",0.00125047994974,"Cluster_138"
"8519","M34","D14","Heart",1.05773664084,"Cluster_978"
"8520","M34","D14","Heart",0.000570242014116,"Cluster_528"
"8521","M34","D14","Heart",0.0333615272525,"Cluster_636"
"8522","M34","D14","Heart",1.18971238771,"Cluster_1274"
"8523","M34","D14","Heart",0.155601924911,"Cluster_2305"
"8524","M34","D14","Heart",0.0114927477733,"Cluster_1423"
"8525","M34","D14","Heart",0.00131671042327,"Cluster_1050"
"8526","M34","D14","Heart",0.00444599740509,"Cluster_3404"
"8527","M34","D14","Heart",0.00387788157687,"Cluster_22"
"8528","M34","D14","Heart",0.00180157237668,"Cluster_1675"
"8529","M34","D14","Heart",0.000656918800262,"Cluster_818"
"8530","M34","D14","Heart",0,"Cluster_380"
"8531","M34","D14","Heart",1.33694572551,"Cluster_303"
"8532","M34","D14","Heart",0.00161741371277,"Cluster_549"
"8533","M34","D14","Heart",0.00146633660773,"Cluster_139"
"8534","M34","D14","Heart",0.000360152851021,"Cluster_439"
"8535","M34","D14","Heart",0.0109840155942,"Cluster_467"
"8536","M34","D14","Heart",0.00165262591261,"Cluster_272"
"8537","M34","D14","Heart",0.00301764819908,"Cluster_8"
"8538","M34","D14","Heart",0.00254868731192,"Cluster_1260"
"8539","M34","D14","Heart",0.0174864066492,"Cluster_119"
"8540","M34","D14","Heart",0.00152526739338,"Cluster_523"
"8541","M34","D14","Heart",1.86115354166,"Cluster_1231"
"8542","M34","D14","Heart",0.0125453243106,"Cluster_2278"
"8543","M34","D14","Heart",0.0159355302575,"Cluster_3717"
"8544","M34","D14","Heart",0.0347140029031,"Cluster_1678"
"8545","M34","D14","Heart",0.0234613857236,"Cluster_357"
"8546","M34","D14","Heart",0.00232277806157,"Cluster_109"
"8547","M34","D14","Heart",0.0005732275744,"Cluster_1216"
"8548","M34","D14","Lung",0.00759062272916,"Cluster_1004"
"8549","M34","D14","Lung",0.0478953526461,"Cluster_1220"
"8550","M34","D14","Lung",0.00267691415251,"Cluster_705"
"8551","M34","D14","Lung",0.00264729028326,"Cluster_523"
"8552","M34","D14","Lung",0,"Cluster_1010"
"8553","M34","D14","Lung",0.0263015077565,"Cluster_1044"
"8554","M34","D14","Lung",0.0147572380168,"Cluster_18"
"8555","M34","D14","Lung",0.00215965459584,"Cluster_1365"
"8556","M34","D14","Lung",0.00249667470489,"Cluster_1817"
"8557","M34","D14","Lung",0.004887073907,"Cluster_1586"
"8558","M34","D14","Lung",0.00321046010512,"Cluster_684"
"8559","M34","D14","Lung",2.44560104961,"Cluster_504"
"8560","M34","D14","Lung",0.0594083007368,"Cluster_109"
"8561","M34","D14","Lung",0.00136306669436,"Cluster_3239"
"8562","M34","D14","Lung",0.238937409943,"Cluster_888"
"8563","M34","D14","Lung",0.0952601514474,"Cluster_4147"
"8564","M34","D14","Lung",0.0130994608088,"Cluster_275"
"8565","M34","D14","Lung",0.00467305438375,"Cluster_1254"
"8566","M34","D14","Lung",0.39815247751,"Cluster_338"
"8567","M34","D14","Lung",0.00260574485553,"Cluster_188"
"8568","M34","D14","Lung",0,"Cluster_1346"
"8569","M34","D14","Lung",0.0168880480906,"Cluster_99"
"8570","M34","D14","Lung",0.0107439078541,"Cluster_2278"
"8571","M34","D14","Lung",0.419787778319,"Cluster_532"
"8572","M34","D14","Lung",0.00288214921707,"Cluster_169"
"8573","M34","D14","Lung",1.24946275025,"Cluster_2315"
"8574","M34","D14","Lung",0.00556488632975,"Cluster_2287"
"8575","M34","D14","Lung",0.0160759699247,"Cluster_215"
"8576","M34","D14","Lung",0.00682214410827,"Cluster_791"
"8577","M34","D14","Lung",1.01466722718,"Cluster_460"
"8578","M34","D14","Lung",0.0175254704611,"Cluster_153"
"8579","M34","D14","Lung",1.83015259509,"Cluster_343"
"8580","M34","D14","Lung",0.00308690860878,"Cluster_2042"
"8581","M34","D14","Lung",0.00581605822626,"Cluster_138"
"8582","M34","D14","Lung",0.0196909683739,"Cluster_1500"
"8583","M34","D14","Lung",3.46995975759,"Cluster_1123"
"8584","M34","D14","Lung",0.00327178396418,"Cluster_717"
"8585","M34","D14","Lung",0.00208576588077,"Cluster_2543"
"8586","M34","D14","Lung",0.00209501187325,"Cluster_1937"
"8587","M34","D14","Lung",0.0112644841301,"Cluster_57"
"8588","M34","D14","Lung",0.0189968526056,"Cluster_1260"
"8589","M34","D14","Lung",0.0800916860482,"Cluster_1007"
"8590","M34","D14","Lung",0.0122484108453,"Cluster_1748"
"8591","M34","D14","Lung",0.00677776864163,"Cluster_56"
"8592","M34","D14","Lung",0.0108226299859,"Cluster_761"
"8593","M34","D14","Lung",0.0029562025247,"Cluster_2713"
"8594","M34","D14","Lung",0,"Cluster_2285"
"8595","M34","D14","Lung",0.00368768313185,"Cluster_2550"
"8596","M34","D14","Lung",0.747558934091,"Cluster_1571"
"8597","M34","D14","Lung",0.52490105,"Cluster_327"
"8598","M34","D14","Lung",0.00285551997906,"Cluster_1167"
"8599","M34","D14","Lung",0.00325885311197,"Cluster_1701"
"8600","M34","D14","Lung",0.0225821026192,"Cluster_589"
"8601","M34","D14","Lung",0.0507572956705,"Cluster_206"
"8602","M34","D14","Lung",3.34351991644,"Cluster_4"
"8603","M34","D14","Lung",0.0068010397096,"Cluster_1060"
"8604","M34","D14","Lung",0.00375923162217,"Cluster_755"
"8605","M34","D14","Lung",0.00395012011761,"Cluster_599"
"8606","M34","D14","Lung",0.150572428959,"Cluster_493"
"8607","M34","D14","Lung",0.0250787251928,"Cluster_529"
"8608","M34","D14","Lung",0.00161135719457,"Cluster_312"
"8609","M34","D14","Lung",5.1129118811,"Cluster_344"
"8610","M34","D14","Lung",0.207500934275,"Cluster_606"
"8611","M34","D14","Lung",0.003279149019,"Cluster_1852"
"8612","M34","D14","Lung",0.0143831568475,"Cluster_1904"
"8613","M34","D14","Lung",0,"Cluster_3487"
"8614","M34","D14","Lung",0.105595987052,"Cluster_591"
"8615","M34","D14","Lung",1.2878847907,"Cluster_1678"
"8616","M34","D14","Lung",0.0126811825533,"Cluster_1963"
"8617","M34","D14","Lung",0.0150430056404,"Cluster_825"
"8618","M34","D14","Lung",0.00428053471625,"Cluster_2837"
"8619","M34","D14","Lung",0.0012752246185,"Cluster_124"
"8620","M34","D14","Lung",0.00511736816464,"Cluster_1651"
"8621","M34","D14","Lung",0.00500652264483,"Cluster_2490"
"8622","M34","D14","Lung",0.0037178891784,"Cluster_1432"
"8623","M34","D14","Lung",0.00338201205857,"Cluster_1679"
"8624","M34","D14","Lung",0.605126510184,"Cluster_240"
"8625","M34","D14","Lung",0.0284602255444,"Cluster_1325"
"8626","M34","D14","Lung",0.0239965323729,"Cluster_1152"
"8627","M34","D14","Lung",0.00436261053697,"Cluster_624"
"8628","M34","D14","Lung",0.0585589547616,"Cluster_359"
"8629","M34","D14","Lung",0.00152619967639,"Cluster_2980"
"8630","M34","D14","Lung",0.00562599096396,"Cluster_1485"
"8631","M34","D14","Lung",0.0194131416596,"Cluster_1386"
"8632","M34","D14","Lung",0.0384646556123,"Cluster_15"
"8633","M34","D14","Lung",0.0121505068006,"Cluster_525"
"8634","M34","D14","Lung",0.035311476398,"Cluster_863"
"8635","M34","D14","Lung",0.000975937208034,"Cluster_3216"
"8636","M34","D14","Lung",0.0101669137261,"Cluster_650"
"8637","M34","D14","Lung",0.0166212529159,"Cluster_98"
"8638","M34","D14","Lung",0.00514776084862,"Cluster_1139"
"8639","M34","D14","Lung",0.00358130261803,"Cluster_163"
"8640","M34","D14","Lung",0.00250863859377,"Cluster_1270"
"8641","M34","D14","Lung",0.124066870663,"Cluster_1024"
"8642","M34","D14","Lung",0.0842889150012,"Cluster_856"
"8643","M34","D14","Lung",0.00121923033638,"Cluster_1085"
"8644","M34","D14","Lung",0.000629222673601,"Cluster_1245"
"8645","M34","D14","Lung",0.0462089819624,"Cluster_1009"
"8646","M34","D14","Lung",0.706605854926,"Cluster_54"
"8647","M34","D14","Lung",0,"Cluster_4012"
"8648","M34","D14","Lung",0.0680691049583,"Cluster_221"
"8649","M34","D14","Lung",0.00727550742779,"Cluster_1760"
"8650","M34","D14","Lung",0.00189962216486,"Cluster_4272"
"8651","M34","D14","Lung",0.008016627066,"Cluster_364"
"8652","M34","D14","Lung",0.0155188092095,"Cluster_4201"
"8653","M34","D14","Lung",0.00720686518806,"Cluster_229"
"8654","M34","D14","Lung",0.528827479329,"Cluster_411"
"8655","M34","D14","Lung",0.0183926627668,"Cluster_648"
"8656","M34","D14","Lung",0.00102368948733,"Cluster_2584"
"8657","M34","D14","Lung",0.00678748587265,"Cluster_1261"
"8658","M34","D14","Lung",0.00792361282114,"Cluster_1414"
"8659","M34","D14","Lung",0.00296786510311,"Cluster_453"
"8660","M34","D14","Lung",0.00337042257443,"Cluster_1643"
"8661","M34","D14","Lung",0.666662706808,"Cluster_609"
"8662","M34","D14","Lung",0.00496351743957,"Cluster_899"
"8663","M34","D14","Lung",1.46393362974,"Cluster_26"
"8664","M34","D14","Lung",0.00646835004887,"Cluster_1454"
"8665","M34","D14","Lung",0.0101257826691,"Cluster_261"
"8666","M34","D14","Lung",0.00611704811356,"Cluster_694"
"8667","M34","D14","Lung",0.0966585917423,"Cluster_265"
"8668","M34","D14","Lung",0.00129245738361,"Cluster_3805"
"8669","M34","D14","Lung",0.376300343969,"Cluster_128"
"8670","M34","D14","Lung",0.00407170904004,"Cluster_3697"
"8671","M34","D14","Lung",0.00675490268214,"Cluster_234"
"8672","M34","D14","Lung",0.00227042958783,"Cluster_769"
"8673","M34","D14","Lung",0.00993499794221,"Cluster_673"
"8674","M34","D14","Lung",0.00504469276465,"Cluster_1017"
"8675","M34","D14","Lung",0.00264640060392,"Cluster_1358"
"8676","M34","D14","Lung",0.327384385624,"Cluster_647"
"8677","M34","D14","Lung",0.00559309043201,"Cluster_3197"
"8678","M34","D14","Lung",0.0242374751505,"Cluster_402"
"8679","M34","D14","Lung",0.00933354868664,"Cluster_1088"
"8680","M34","D14","Lung",0.00393048683784,"Cluster_1577"
"8681","M34","D14","Lung",0.00396976149494,"Cluster_1953"
"8682","M34","D14","Lung",0.00286252005033,"Cluster_1111"
"8683","M34","D14","Lung",0.0111945287602,"Cluster_189"
"8684","M34","D14","Lung",0.00628304100355,"Cluster_3489"
"8685","M34","D14","Lung",0,"Cluster_20"
"8686","M34","D14","Lung",2.44407672515,"Cluster_50"
"8687","M34","D14","Lung",0.00947194843673,"Cluster_1289"
"8688","M34","D14","Lung",0.0722642084473,"Cluster_943"
"8689","M34","D14","Lung",0.0948101781579,"Cluster_1557"
"8690","M34","D14","Lung",0.295503586119,"Cluster_893"
"8691","M34","D14","Lung",0.00333911683148,"Cluster_100"
"8692","M34","D14","Lung",2.83046959975,"Cluster_1545"
"8693","M34","D14","Lung",0.00436672127158,"Cluster_2417"
"8694","M34","D14","Lung",0.00479609551796,"Cluster_225"
"8695","M34","D14","Lung",0.0200882157645,"Cluster_228"
"8696","M34","D14","Lung",0.00927974792086,"Cluster_741"
"8697","M34","D14","Lung",0.0229670556291,"Cluster_107"
"8698","M34","D14","Lung",0.0144301733146,"Cluster_655"
"8699","M34","D14","Lung",1.3171782623,"Cluster_449"
"8700","M34","D14","Lung",0.00564814053469,"Cluster_3488"
"8701","M34","D14","Lung",0.00678162214881,"Cluster_14"
"8702","M34","D14","Lung",0,"Cluster_3804"
"8703","M34","D14","Lung",0.00442909664677,"Cluster_283"
"8704","M34","D14","Lung",0.0034784993566,"Cluster_971"
"8705","M34","D14","Lung",0.0136917447691,"Cluster_353"
"8706","M34","D14","Lung",0.0126541519836,"Cluster_301"
"8707","M34","D14","Lung",0.0258573213158,"Cluster_294"
"8708","M34","D14","Lung",0.00274045405121,"Cluster_2511"
"8709","M34","D14","Lung",0.00200147361648,"Cluster_623"
"8710","M34","D14","Lung",0.0135146087287,"Cluster_1705"
"8711","M34","D14","Lung",0.00440455871521,"Cluster_1675"
"8712","M34","D14","Lung",0.00147899762455,"Cluster_1913"
"8713","M34","D14","Lung",0.00212852773859,"Cluster_611"
"8714","M34","D14","Lung",0.00430222838421,"Cluster_1878"
"8715","M34","D14","Lung",0.013283589776,"Cluster_260"
"8716","M34","D14","Lung",0.103196323294,"Cluster_409"
"8717","M34","D14","Lung",0.020170910731,"Cluster_479"
"8718","M34","D14","Lung",0.0309783338928,"Cluster_77"
"8719","M34","D14","Lung",0.0275490101007,"Cluster_3036"
"8720","M34","D14","Lung",0.0181454886427,"Cluster_29"
"8721","M34","D14","Lung",0.00761036880206,"Cluster_1868"
"8722","M34","D14","Lung",0.00267860195813,"Cluster_1869"
"8723","M34","D14","Lung",0.00274458605878,"Cluster_1224"
"8724","M34","D14","Lung",0,"Cluster_534"
"8725","M34","D14","Lung",0.00649613195593,"Cluster_1209"
"8726","M34","D14","Lung",0.00585336935165,"Cluster_1942"
"8727","M34","D14","Lung",0.00134706825898,"Cluster_1363"
"8728","M34","D14","Lung",0.093818167113,"Cluster_390"
"8729","M34","D14","Lung",0.0333367012648,"Cluster_41"
"8730","M34","D14","Lung",0.00107635518442,"Cluster_204"
"8731","M34","D14","Lung",0.00265307861554,"Cluster_572"
"8732","M34","D14","Lung",0.0795482664664,"Cluster_23"
"8733","M34","D14","Lung",0.00580593453918,"Cluster_190"
"8734","M34","D14","Lung",0.054180088512,"Cluster_34"
"8735","M34","D14","Lung",0.765306541656,"Cluster_763"
"8736","M34","D14","Lung",0.00792701365525,"Cluster_2"
"8737","M34","D14","Lung",0.0668594879206,"Cluster_64"
"8738","M34","D14","Lung",0.00264021660145,"Cluster_92"
"8739","M34","D14","Lung",0.0439311830296,"Cluster_712"
"8740","M34","D14","Lung",0,"Cluster_2342"
"8741","M34","D14","Lung",0.0127901992986,"Cluster_443"
"8742","M34","D14","Lung",0.00501889955174,"Cluster_1673"
"8743","M34","D14","Lung",0.365874250143,"Cluster_88"
"8744","M34","D14","Lung",0.0046883258033,"Cluster_78"
"8745","M34","D14","Lung",0.00258302796813,"Cluster_886"
"8746","M34","D14","Lung",0.000777575986889,"Cluster_1102"
"8747","M34","D14","Lung",0.0147166741502,"Cluster_254"
"8748","M34","D14","Lung",0.42849671081,"Cluster_151"
"8749","M34","D14","Lung",0.00457331074202,"Cluster_455"
"8750","M34","D14","Lung",0.00711983490225,"Cluster_2561"
"8751","M34","D14","Lung",0.00565396550467,"Cluster_3404"
"8752","M34","D14","Lung",0.0268468340737,"Cluster_466"
"8753","M34","D14","Lung",0.00848938213048,"Cluster_2267"
"8754","M34","D14","Lung",0.12736535495,"Cluster_662"
"8755","M34","D14","Lung",3.8119701611,"Cluster_1537"
"8756","M34","D14","Lung",0.00162564044851,"Cluster_167"
"8757","M34","D14","Lung",0.00170321096306,"Cluster_1849"
"8758","M34","D14","Lung",0.290272545292,"Cluster_1909"
"8759","M34","D14","Lung",0.132220776984,"Cluster_792"
"8760","M34","D14","Lung",0.242027208677,"Cluster_303"
"8761","M34","D14","Lung",0.00248420380227,"Cluster_2004"
"8762","M34","D14","Lung",0.00100675627776,"Cluster_1234"
"8763","M34","D14","Lung",0.528786845659,"Cluster_264"
"8764","M34","D14","Lung",0.00434735665397,"Cluster_403"
"8765","M34","D14","Lung",0.262499765893,"Cluster_467"
"8766","M34","D14","Lung",1.22276988492,"Cluster_103"
"8767","M34","D14","Lung",0.00802364483116,"Cluster_256"
"8768","M34","D14","Lung",0.799951454846,"Cluster_21"
"8769","M34","D14","Lung",0,"Cluster_1043"
"8770","M34","D14","Lung",0.0439932609422,"Cluster_2245"
"8771","M34","D14","Lung",0.0389852322567,"Cluster_1064"
"8772","M34","D14","Lung",0.0037864074083,"Cluster_1949"
"8773","M34","D14","Lung",0.00404120477693,"Cluster_1208"
"8774","M34","D14","Lung",0.139601452801,"Cluster_86"
"8775","M34","D14","Lung",0.00296034286437,"Cluster_3978"
"8776","M34","D14","Lung",0.907948877065,"Cluster_503"
"8777","M34","D14","Lung",0.0400759769838,"Cluster_859"
"8778","M34","D14","Lung",0.131029329551,"Cluster_32"
"8779","M34","D14","Lung",0.00483388393294,"Cluster_2614"
"8780","M34","D14","Lung",0.00179746477039,"Cluster_3107"
"8781","M34","D14","Lung",0,"Cluster_1010"
"8782","M34","D14","Lung",0.00233689851125,"Cluster_1426"
"8783","M34","D14","Lung",11.5901954277,"Cluster_1831"
"8784","M34","D14","Lung",0.00187533032132,"Cluster_1485"
"8785","M34","D14","Lung",0.00205240013707,"Cluster_2215"
"8786","M34","D14","Lung",0.00758176613435,"Cluster_472"
"8787","M34","D14","Lung",0.00179156196403,"Cluster_4263"
"8788","M34","D14","Lung",0.157978395508,"Cluster_59"
"8789","M34","D14","Lung",0.0584714628805,"Cluster_1989"
"8790","M34","D14","Lung",0.00707510984862,"Cluster_2106"
"8791","M34","D14","Lung",0.00200405602979,"Cluster_1018"
"8792","M34","D14","Lung",0.00237746067014,"Cluster_447"
"8793","M34","D14","Lung",0.00140787801355,"Cluster_3521"
"8794","M34","D14","Lung",0.00301541429634,"Cluster_1472"
"8795","M34","D14","Lung",0,"Cluster_414"
"8796","M34","D14","Lung",0.0285360985487,"Cluster_272"
"8797","M34","D14","Lung",0.164527627557,"Cluster_524"
"8798","M34","D14","Lung",0.00359983177765,"Cluster_2449"
"8799","M34","D14","Lung",0.758718962593,"Cluster_405"
"8800","M34","D14","Lung",0.00511265169628,"Cluster_401"
"8801","M34","D14","Lung",0.0896684976658,"Cluster_509"
"8802","M34","D14","Lung",0.00191077122912,"Cluster_2321"
"8803","M34","D14","Lung",0.00259059173963,"Cluster_2421"
"8804","M34","D14","Lung",0.00901661681591,"Cluster_549"
"8805","M34","D14","Lung",0.00311875586046,"Cluster_3650"
"8806","M34","D14","Lung",0,"Cluster_3486"
"8807","M34","D14","Lung",0.0164716513223,"Cluster_634"
"8808","M34","D14","Lung",0.00336588171217,"Cluster_1523"
"8809","M34","D14","Lung",1.95751173757,"Cluster_232"
"8810","M34","D14","Lung",0.00217561737991,"Cluster_772"
"8811","M34","D14","Lung",2.10603803635,"Cluster_9"
"8812","M34","D14","Lung",0.347336995274,"Cluster_2305"
"8813","M34","D14","Lung",0.0741762487094,"Cluster_66"
"8814","M34","D14","Lung",0.0155475280746,"Cluster_432"
"8815","M34","D14","Lung",0,"Cluster_929"
"8816","M34","D14","Lung",0,"Cluster_1314"
"8817","M34","D14","Lung",0.266665529717,"Cluster_541"
"8818","M34","D14","Lung",0.0068719043172,"Cluster_1328"
"8819","M34","D14","Lung",0.161194123125,"Cluster_545"
"8820","M34","D14","Lung",0.002149254975,"Cluster_366"
"8821","M34","D14","Lung",0.00396416886915,"Cluster_3531"
"8822","M34","D14","Lung",0.00180456313938,"Cluster_57"
"8823","M34","D14","Lung",1.38230560428,"Cluster_119"
"8824","M34","D14","Lung",0.00329927299553,"Cluster_2542"
"8825","M34","D14","Lung",10.3391479483,"Cluster_1231"
"8826","M34","D14","Lung",0.125786739452,"Cluster_480"
"8827","M34","D14","Lung",0.00138030597673,"Cluster_1921"
"8828","M34","D14","Lung",0.0196143256398,"Cluster_1592"
"8829","M34","D14","Lung",0.00593639046542,"Cluster_97"
"8830","M34","D14","Lung",0.006024683237,"Cluster_3535"
"8831","M34","D14","Lung",0,"Cluster_43"
"8832","M34","D14","Lung",0.166846569028,"Cluster_1830"
"8833","M34","D14","Lung",1.32308027003,"Cluster_978"
"8834","M34","D14","Lung",0.031366750279,"Cluster_286"
"8835","M34","D14","Lung",0.00659035501872,"Cluster_1906"
"8836","M34","D14","Lung",0.0181474272632,"Cluster_1613"
"8837","M34","D14","Lung",0.0213690025551,"Cluster_853"
"8838","M34","D14","Lung",0.000896642309882,"Cluster_3039"
"8839","M34","D14","Lung",0.187566165177,"Cluster_363"
"8840","M34","D14","Lung",0.00356872561147,"Cluster_2001"
"8841","M34","D14","Lung",0.00832646662667,"Cluster_2588"
"8842","M34","D14","Lung",9.86053870035,"Cluster_469"
"8843","M34","D14","Lung",0.0044864720669,"Cluster_928"
"8844","M34","D14","Lung",0.00217367832699,"Cluster_1818"
"8845","M34","D14","Lung",0.0171912287415,"Cluster_1730"
"8846","M34","D14","Lung",0.00202802897344,"Cluster_1249"
"8847","M34","D14","Lung",0.00910086773582,"Cluster_937"
"8848","M34","D14","Lung",0.187268195407,"Cluster_424"
"8849","M34","D14","Lung",0.0486673112148,"Cluster_376"
"8850","M34","D14","Lung",0.001821749455,"Cluster_2109"
"8851","M34","D14","Lung",0.00818851424549,"Cluster_740"
"8852","M34","D14","Lung",0.0110355976601,"Cluster_1736"
"8853","M34","D14","Lung",0.0016192186183,"Cluster_867"
"8854","M34","D14","Lung",0.00244767139341,"Cluster_1137"
"8855","M34","D14","Lung",0.0412770073882,"Cluster_87"
"8856","M34","D14","Lung",0.487452517602,"Cluster_826"
"8857","M34","D14","Lung",4.67945317338,"Cluster_1274"
"8858","M34","D14","Lung",0.0042891591084,"Cluster_445"
"8859","M34","D14","Lung",0.040250075634,"Cluster_340"
"8860","M34","D14","Lung",0.00180127414217,"Cluster_2684"
"8861","M34","D14","Lung",0.642593655415,"Cluster_379"
"8862","M34","D14","Lung",0.00236639619928,"Cluster_2476"
"8863","M34","D14","Lung",0.00638118752704,"Cluster_656"
"8864","M34","D14","Lung",0.132617131034,"Cluster_39"
"8865","M34","D14","Lung",0.00324771342549,"Cluster_758"
"8866","M34","D14","Lung",4.33222141229,"Cluster_248"
"8867","M34","D14","Lung",0.369250166432,"Cluster_437"
"8868","M34","D14","Lung",0.0171994580898,"Cluster_962"
"8869","M34","D14","Lung",0.0573719792331,"Cluster_290"
"8870","M34","D14","Lung",0.342479878978,"Cluster_84"
"8871","M34","D14","Lung",0.0179165584173,"Cluster_261"
"8872","M34","D14","SubCu",0.01058716882,"Cluster_98"
"8873","M34","D14","SubCu",0.525258195425,"Cluster_2214"
"8874","M34","D14","SubCu",0.0396368202088,"Cluster_647"
"8875","M34","D14","SubCu",0.00229514016209,"Cluster_1681"
"8876","M34","D14","SubCu",0.0204208202514,"Cluster_1610"
"8877","M34","D14","SubCu",0.0233439186023,"Cluster_1087"
"8878","M34","D14","SubCu",0.00237480024118,"Cluster_4047"
"8879","M34","D14","SubCu",0.0124844046392,"Cluster_1679"
"8880","M34","D14","SubCu",0.0150336500808,"Cluster_9"
"8881","M34","D14","SubCu",0.00907221414189,"Cluster_368"
"8882","M34","D14","SubCu",0.005478674774,"Cluster_3781"
"8883","M34","D14","SubCu",0.017140165773,"Cluster_2537"
"8884","M34","D14","SubCu",0.00230233142266,"Cluster_4121"
"8885","M34","D14","SubCu",0.0793162688872,"Cluster_340"
"8886","M34","D14","SubCu",0.0177369195723,"Cluster_1123"
"8887","M34","D14","SubCu",0.0139832270771,"Cluster_1729"
"8888","M34","D14","SubCu",0.0639178723633,"Cluster_853"
"8889","M34","D14","SubCu",0.000902369962776,"Cluster_3915"
"8890","M34","D14","SubCu",0.0226069406972,"Cluster_264"
"8891","M34","D14","SubCu",0.00838531305233,"Cluster_190"
"8892","M34","D14","SubCu",0,"Cluster_835"
"8893","M34","D14","SubCu",0.00270219960402,"Cluster_2182"
"8894","M34","D14","SubCu",0.143611219608,"Cluster_380"
"8895","M34","D14","SubCu",0.0338885323285,"Cluster_2837"
"8896","M34","D14","SubCu",0.0668672889173,"Cluster_2215"
"8897","M34","D14","SubCu",0.0117182765999,"Cluster_138"
"8898","M34","D14","SubCu",0.00189207910656,"Cluster_3856"
"8899","M34","D14","SubCu",0.0300124209925,"Cluster_3025"
"8900","M34","D14","SubCu",0.0281044814389,"Cluster_206"
"8901","M34","D14","SubCu",0.0333571396396,"Cluster_241"
"8902","M34","D14","SubCu",0.0111225827212,"Cluster_1904"
"8903","M34","D14","SubCu",0.164459950903,"Cluster_259"
"8904","M34","D14","SubCu",2.63917193869,"Cluster_315"
"8905","M34","D14","SubCu",0,"Cluster_1737"
"8906","M34","D14","SubCu",0,"Cluster_3491"
"8907","M34","D14","SubCu",0.00205927873304,"Cluster_2343"
"8908","M34","D14","SubCu",0.0349789300081,"Cluster_859"
"8909","M34","D14","SubCu",0.00915732873373,"Cluster_593"
"8910","M34","D14","SubCu",0.0212357836632,"Cluster_353"
"8911","M34","D14","SubCu",10.1741465858,"Cluster_1231"
"8912","M34","D14","SubCu",0.0604019321739,"Cluster_591"
"8913","M34","D14","SubCu",0.00535741237878,"Cluster_1773"
"8914","M34","D14","SubCu",0.00438146705716,"Cluster_1950"
"8915","M34","D14","SubCu",0.002100570439,"Cluster_4120"
"8916","M34","D14","SubCu",0.0012109306282,"Cluster_3104"
"8917","M34","D14","SubCu",0.0099350605956,"Cluster_3233"
"8918","M34","D14","SubCu",0.0076220648681,"Cluster_717"
"8919","M34","D14","SubCu",0.0385585129677,"Cluster_595"
"8920","M34","D14","SubCu",0.0871632985919,"Cluster_1012"
"8921","M34","D14","SubCu",0.0161549651392,"Cluster_434"
"8922","M34","D14","SubCu",0.0141532431662,"Cluster_572"
"8923","M34","D14","SubCu",0.00971142357091,"Cluster_741"
"8924","M34","D14","SubCu",0.00213244201559,"Cluster_1434"
"8925","M34","D14","SubCu",0.0620835846354,"Cluster_1830"
"8926","M34","D14","SubCu",0.00656460051777,"Cluster_8"
"8927","M34","D14","SubCu",0.941400024055,"Cluster_1537"
"8928","M34","D14","SubCu",0.0085147189683,"Cluster_301"
"8929","M34","D14","SubCu",0.068235628343,"Cluster_264"
"8930","M34","D14","SubCu",0.0207418440239,"Cluster_601"
"8931","M34","D14","SubCu",0.00122633127209,"Cluster_3935"
"8932","M34","D14","SubCu",0.00487397345307,"Cluster_3636"
"8933","M34","D14","SubCu",0.00344058587255,"Cluster_194"
"8934","M34","D14","SubCu",0.0141187860921,"Cluster_1008"
"8935","M34","D14","SubCu",0.0189593633817,"Cluster_714"
"8936","M34","D14","SubCu",0.00255284694462,"Cluster_1730"
"8937","M34","D14","SubCu",0.0225935783615,"Cluster_294"
"8938","M34","D14","SubCu",0.116294523893,"Cluster_863"
"8939","M34","D14","SubCu",0,"Cluster_4306"
"8940","M34","D14","SubCu",0.00726259695933,"Cluster_290"
"8941","M34","D14","SubCu",0.00222596083885,"Cluster_1442"
"8942","M34","D14","SubCu",0.0166057990009,"Cluster_700"
"8943","M34","D14","SubCu",0.0078338098239,"Cluster_963"
"8944","M34","D14","SubCu",0.00274329596704,"Cluster_1698"
"8945","M34","D14","SubCu",0.015046039615,"Cluster_602"
"8946","M34","D14","SubCu",0.645416087438,"Cluster_978"
"8947","M34","D14","SubCu",0,"Cluster_545"
"8948","M34","D14","SubCu",0.112549539713,"Cluster_2315"
"8949","M34","D14","SubCu",0.00402415415072,"Cluster_105"
"8950","M34","D14","SubCu",1.26449346431,"Cluster_2305"
"8951","M34","D14","SubCu",25.83361649,"Cluster_1831"
"8952","M34","D14","SubCu",0.00231281774999,"Cluster_1251"
"8953","M34","D14","SubCu",0.00632579533271,"Cluster_2014"
"8954","M34","D14","SubCu",1.48223250617,"Cluster_469"
"8955","M34","D14","SubCu",0.00195579686915,"Cluster_771"
"8956","M34","D14","SubCu",0.0629593346956,"Cluster_826"
"8957","M34","D14","SubCu",0.189581730729,"Cluster_103"
"8958","M34","D14","SubCu",0.178719814683,"Cluster_662"
"8959","M34","D14","SubCu",0.499830864269,"Cluster_1622"
"8960","M34","D14","SubCu",0.00686617769528,"Cluster_222"
"8961","M34","D14","SubCu",0.0344573133355,"Cluster_949"
"8962","M34","D14","SubCu",0.498915603103,"Cluster_363"
"8963","M34","D14","SubCu",0.00557646057497,"Cluster_1899"
"8964","M34","D14","SubCu",0.819634724323,"Cluster_503"
"8965","M34","D14","SubCu",0.0416505665172,"Cluster_792"
"8966","M34","D14","SubCu",0.29226922271,"Cluster_409"
"8967","M34","D14","SubCu",0.00171809318571,"Cluster_277"
"8968","M34","D14","SubCu",0.00726829814427,"Cluster_1539"
"8969","M34","D14","SubCu",0.0148813302085,"Cluster_1900"
"8970","M34","D14","SubCu",0.00169013604807,"Cluster_52"
"8971","M34","D14","SubCu",0.0165697923897,"Cluster_403"
"8972","M34","D14","SubCu",4.67700388306,"Cluster_1545"
"8973","M34","D14","SubCu",0.00439435372498,"Cluster_1643"
"8974","M34","D14","SubCu",1.49970639224,"Cluster_54"
"8975","M34","D14","SubCu",0.0084021074155,"Cluster_1208"
"8976","M34","D14","SubCu",0.00340127943685,"Cluster_971"
"8977","M34","D14","SubCu",2.41806950963,"Cluster_84"
"8978","M34","D14","SubCu",0.00467020366684,"Cluster_1879"
"8979","M34","D14","SubCu",0.00258491395587,"Cluster_1485"
"8980","M34","D14","SubCu",0.0303915403091,"Cluster_405"
"8981","M34","D14","SubCu",0.00777894106209,"Cluster_3082"
"8982","M34","D14","SubCu",0.023504093699,"Cluster_804"
"8983","M34","D14","SubCu",0.037571406378,"Cluster_1152"
"8984","M34","D14","SubCu",0.0106372547734,"Cluster_1229"
"8985","M34","D14","SubCu",0.0507791985997,"Cluster_88"
"8986","M34","D14","SubCu",0.00381554000989,"Cluster_673"
"8987","M34","D14","SubCu",0.00641370694565,"Cluster_426"
"8988","M34","D14","SubCu",0.00227027276594,"Cluster_163"
"8989","M34","D14","SubCu",0.753937840826,"Cluster_1678"
"8990","M34","D14","SubCu",0.0701603821907,"Cluster_541"
"8991","M34","D14","SubCu",3.19002008395,"Cluster_26"
"8992","M34","D14","SubCu",0.0555847199247,"Cluster_809"
"8993","M34","D14","SubCu",0.0117256791752,"Cluster_119"
"8994","M34","D14","SubCu",0.0421703769748,"Cluster_14"
"8995","M34","D14","SubCu",0.00236998852583,"Cluster_1998"
"8996","M34","D14","SubCu",0.0193046753236,"Cluster_3585"
"8997","M34","D14","SubCu",0.00410324511859,"Cluster_3985"
"8998","M34","D14","SubCu",0,"Cluster_3292"
"8999","M34","D14","SubCu",0.0554682887806,"Cluster_592"
"9000","M34","D14","SubCu",0,"Cluster_1252"
"9001","M34","D14","SubCu",0.001765768,"Cluster_152"
"9002","M34","D14","SubCu",0,"Cluster_3490"
"9003","M34","D14","SubCu",0.003124874,"Cluster_1556"
"9004","M34","D14","SubCu",0.08156946,"Cluster_161"
"9005","M34","D14","SubCu",0.009761686,"Cluster_1136"
"9006","M34","D14","SubCu",0.02091373,"Cluster_68"
"9007","M34","D14","SubCu",0.005859138,"Cluster_1277"
"9008","M34","D14","SubCu",0.004683456,"Cluster_1664"
"9009","M34","D14","SubCu",0.001303588,"Cluster_4175"
"9010","M34","D14","SubCu",0.001836446,"Cluster_2438"
"9011","M34","D14","SubCu",0.01656722,"Cluster_812"
"9012","M34","D14","SubCu",0.01525432,"Cluster_3728"
"9013","M34","D14","SubCu",0.03112585,"Cluster_4101"
"9014","M34","D14","SubCu",0.02359874,"Cluster_962"
"9015","M34","D14","SubCu",0.006225767,"Cluster_919"
"9016","M34","D14","SubCu",0.00325972,"Cluster_650"
"9017","M34","D14","SubCu",0.05517201,"Cluster_1571"
"9018","M34","D14","SubCu",0.005007519,"Cluster_1112"
"9019","M34","D14","SubCu",0.04189436,"Cluster_615"
"9020","M34","D14","SubCu",3.645466,"Cluster_327"
"9021","M34","D14","SubCu",0.001919718,"Cluster_696"
"9022","M34","D14","SubCu",0.01338251,"Cluster_1273"
"9023","M34","D14","SubCu",0.009707498,"Cluster_1433"
"9024","M34","D14","SubCu",19.96787,"Cluster_504"
"9025","M34","D14","SubCu",0.001472454,"Cluster_765"
"9026","M34","D14","SubCu",0.01164704,"Cluster_1086"
"9027","M34","D14","SubCu",0.001681546,"Cluster_2036"
"9028","M34","D14","SubCu",0.01977459,"Cluster_3584"
"9029","M34","D14","SubCu",0.01093189,"Cluster_3361"
"9030","M34","D14","SubCu",0.004903719,"Cluster_2551"
"9031","M34","D14","SubCu",0,"Cluster_297"
"9032","M34","D14","SubCu",0.007195204,"Cluster_4066"
"9033","M34","D14","SubCu",0.006645708,"Cluster_1348"
"9034","M34","D14","SubCu",0.008835995,"Cluster_1261"
"9035","M34","D14","SubCu",0.03217022,"Cluster_888"
"9036","M34","D14","SubCu",0.01504994,"Cluster_453"
"9037","M34","D14","SubCu",0.01183917,"Cluster_425"
"9038","M34","D14","SubCu",0.05054316,"Cluster_1274"
"9039","M34","D14","SubCu",0.005243263,"Cluster_242"
"9040","M34","D14","SubCu",0.01655056,"Cluster_1852"
"9041","M34","D14","SubCu",0.002686335,"Cluster_1327"
"9042","M34","D14","SubCu",0,"Cluster_248"
"9043","M34","D14","SubCu",0.06525048,"Cluster_21"
"9044","M34","D14","SubCu",0.002314268,"Cluster_3813"
"9045","M34","D14","SubCu",0.01853253,"Cluster_3385"
"9046","M34","D14","SubCu",0,"Cluster_3085"
"9047","M34","D14","SubCu",0.02880816,"Cluster_2124"
"9048","M34","D14","SubCu",0.00344937,"Cluster_62"
"9049","M34","D14","SubCu",0.03671668,"Cluster_1652"
"9050","M34","D14","SubCu",0,"Cluster_3720"
"9051","M34","D14","SubCu",0.0007030966,"Cluster_2733"
"9052","M34","D14","SubCu",0.006864553,"Cluster_2060"
"9053","M34","D14","SubCu",0.001935393,"Cluster_2856"
"9054","M34","D14","SubCu",0.004711763,"Cluster_2574"
"9055","M34","D14","SubCu",0.04895508,"Cluster_228"
"9056","M34","D14","SubCu",0.01295322,"Cluster_1033"
"9057","M34","D14","SubCu",0.02107656,"Cluster_1137"
"9058","M34","D14","SubCu",0.007143013,"Cluster_1013"
"9059","M34","D14","SubCu",0.002641939,"Cluster_212"
"9060","M34","D14","SubCu",0.02974639,"Cluster_1328"
"9061","M34","D14","SubCu",0.002748394,"Cluster_3836"
"9062","M34","D14","SubCu",0,"Cluster_1736"
"9063","M34","D14","SubCu",0,"Cluster_4248"
"9064","M34","D14","SubCu",0.002704218,"Cluster_4119"
"9065","M34","D14","SubCu",0.003848529,"Cluster_86"
"9066","M34","D14","SubCu",0.007855517,"Cluster_357"
"9067","M34","D14","SubCu",0.001155775,"Cluster_3084"
"9068","M34","D14","SubCu",0.07556268,"Cluster_32"
"9069","M34","D14","SubCu",0.006708937,"Cluster_1326"
"9070","M34","D14","SubCu",0.01638438,"Cluster_3916"
"9071","M34","D14","SubCu",0.01593348,"Cluster_332"
"9072","M34","D14","SubCu",0.001340392,"Cluster_1918"
"9073","M34","D14","SubCu",0.01693171,"Cluster_511"
"9074","M34","D14","SubCu",0.02692037,"Cluster_198"
"9075","M34","D14","SubCu",0.003612335,"Cluster_1060"
"9076","M34","D14","SubCu",0,"Cluster_442"
"9077","M34","D14","SubCu",0.06223488,"Cluster_272"
"9078","M34","D14","SubCu",0.01044455,"Cluster_240"
"9079","M34","D14","SubCu",0.004935462,"Cluster_2019"
"9080","M34","D14","SubCu",0.005918506,"Cluster_1850"
"9081","M34","D14","SubCu",0.004044361,"Cluster_742"
"9082","M34","D14","SubCu",0.04783956,"Cluster_37"
"9083","M34","D14","SubCu",0.001641322,"Cluster_867"
"9084","M34","D14","SubCu",0.00355045,"Cluster_2421"
"9085","M34","D14","SubCu",0.0203305,"Cluster_763"
"9086","M34","D14","SubCu",0.6242571,"Cluster_50"
"9087","M34","D14","SubCu",0.01712466,"Cluster_1249"
"9088","M34","D14","SubCu",0.02015817,"Cluster_624"
"9089","M34","D14","SubCu",0,"Cluster_308"
"9090","M34","D14","SubCu",0.004247563,"Cluster_1365"
"9091","M34","D14","SubCu",0.008954116,"Cluster_2136"
"9092","M34","D14","SubCu",0.002963425,"Cluster_484"
"9093","M34","D14","SubCu",0,"Cluster_1400"
"9094","M34","D14","SubCu",0.01839769,"Cluster_323"
"9095","M34","D14","SubCu",0.0006570996,"Cluster_3875"
"9096","M34","D14","SubCu",0.04285808,"Cluster_49"
"9097","M34","D14","SubCu",0.04533889,"Cluster_1705"
"9098","M34","D14","SubCu",0.002425758,"Cluster_674"
"9099","M34","D14","SubCu",0.002860507,"Cluster_2380"
"9100","M34","D14","SubCu",0.03140138,"Cluster_254"
"9101","M34","D14","SubCu",0.00165967,"Cluster_3928"
"9102","M34","D14","SubCu",0.1237126,"Cluster_39"
"9103","M34","D14","SubCu",0.006663334,"Cluster_1785"
"9104","M34","D14","SubCu",0.01470544,"Cluster_82"
"9105","M34","D14","SubCu",0.009441583,"Cluster_20"
"9106","M34","D14","SubCu",0.007262756,"Cluster_3699"
"9107","M34","D14","SubCu",0.007707485,"Cluster_92"
"9108","M34","D14","SubCu",0,"Cluster_710"
"9109","M34","D14","SubCu",0.01037998,"Cluster_335"
"9110","M34","D14","SubCu",0.04394919,"Cluster_66"
"9111","M34","D14","SubCu",0.005459458,"Cluster_1428"
"9112","M34","D14","SubCu",0.09001583,"Cluster_361"
"9113","M34","D14","SubCu",0.00206349,"Cluster_1540"
"9114","M34","D14","SubCu",0.004734924,"Cluster_2257"
"9115","M34","D14","SubCu",0.01089305,"Cluster_1229"
"9116","M34","D14","SubCu",0.008718771,"Cluster_140"
"9117","M34","D14","SubCu",0.002051838,"Cluster_196"
"9118","M34","D14","SubCu",0.0252222,"Cluster_1289"
"9119","M34","D14","SubCu",0.01812557,"Cluster_634"
"9120","M34","D14","SubCu",0.004669821,"Cluster_2183"
"9121","M34","D14","SubCu",0.01259941,"Cluster_144"
"9122","M34","D14","SubCu",0.00214956,"Cluster_2519"
"9123","M34","D14","SubCu",0.01978881,"Cluster_606"
"9124","M34","D14","SubCu",0.02817944,"Cluster_293"
"9125","M34","D14","SubCu",0.01073122,"Cluster_262"
"9126","M34","D14","SubCu",0.07244109,"Cluster_1963"
"9127","M34","D14","SubCu",0.00758292,"Cluster_480"
"9128","M34","D14","SubCu",0.01074927,"Cluster_3893"
"9129","M34","D14","SubCu",0.2897707,"Cluster_532"
"9130","M34","D14","SubCu",0.004086626,"Cluster_764"
"9131","M34","D14","SubCu",0.001998948,"Cluster_2086"
"9132","M34","D14","SubCu",0,"Cluster_1250"
"9133","M34","D14","SubCu",0.002091977,"Cluster_97"
"9134","M34","D14","SubCu",0.01397538,"Cluster_1088"
"9135","M34","D14","SubCu",0.04679945,"Cluster_87"
"9136","M34","D14","SubCu",0.0657946,"Cluster_1989"
"9137","M34","D14","SubCu",0.00921299,"Cluster_715"
"9138","M34","D14","SubCu",0.006420258,"Cluster_1209"
"9139","M34","D14","SubCu",0.02430166,"Cluster_522"
"9140","M34","D14","SubCu",0.04049663,"Cluster_432"
"9141","M34","D14","SubCu",0.02388208,"Cluster_886"
"9142","M34","D14","SubCu",0.01176061,"Cluster_928"
"9143","M34","D14","SubCu",0.03612129,"Cluster_1810"
"9144","M34","D14","SubCu",0.004796197,"Cluster_2005"
"9145","M34","D14","SubCu",0.007338144,"Cluster_260"
"9146","M34","D14","SubCu",0.01032488,"Cluster_170"
"9147","M34","D14","SubCu",0.05518202,"Cluster_27"
"9148","M34","D14","SubCu",0.1662778,"Cluster_128"
"9149","M34","D14","SubCu",0.02519116,"Cluster_870"
"9150","M34","D14","SubCu",0.008722627,"Cluster_761"
"9151","M34","D14","SubCu",0.001515028,"Cluster_2586"
"9152","M34","D14","SubCu",0.03020391,"Cluster_3363"
"9153","M34","D14","SubCu",0.4225739,"Cluster_509"
"9154","M34","D14","SubCu",0.001597947,"Cluster_1190"
"9155","M34","D14","SubCu",1.654371,"Cluster_215"
"9156","M34","D14","SubCu",0.002878485,"Cluster_2329"
"9157","M34","D14","SubCu",0.002602481,"Cluster_3062"
"9158","M34","D14","SubCu",0.003855424,"Cluster_883"
"9159","M34","D14","SubCu",0.0006558737,"Cluster_1755"
"9160","M34","D14","SubCu",0.1558281,"Cluster_514"
"9161","M34","D14","SubCu",0.01677161,"Cluster_856"
"9162","M34","D14","SubCu",0.01526927,"Cluster_45"
"9163","M34","D14","SubCu",0,"Cluster_631"
"9164","M34","D14","SubCu",0.005792557,"Cluster_2442"
"9165","M34","D14","SubCu",0.0002790066,"Cluster_3722"
"9166","M34","D14","SubCu",0.01591219,"Cluster_1827"
"9167","M34","D14","SubCu",0.0006061178,"Cluster_43"
"9168","M34","D14","SubCu",0.004148539,"Cluster_549"
"9169","M34","D14","SubCu",0.01925433,"Cluster_472"
"9170","M34","D14","SubCu",0.06276949,"Cluster_23"
"9171","M34","D14","SubCu",0.001725025,"Cluster_188"
"9172","M34","D14","SubCu",0.004585413,"Cluster_664"
"9173","M34","D14","SubCu",0.001323822,"Cluster_512"
"9174","M34","D14","SubCu",0.005281107,"Cluster_493"
"9175","M34","D14","SubCu",0.008689958,"Cluster_1325"
"9176","M34","D14","SubCu",0.008465593,"Cluster_462"
"9177","M34","D14","SubCu",0.02460457,"Cluster_3818"
"9178","M34","D14","SubCu",0.02712564,"Cluster_1663"
"9179","M34","D14","SubCu",4.378397,"Cluster_26"
"9180","M34","D14","SubCu",0.04903995,"Cluster_1613"
"9181","M34","D14","SubCu",0.06707346,"Cluster_59"
"9182","M34","D14","SubCu",0.003482318,"Cluster_445"
"9183","M34","D14","SubCu",0.03715615,"Cluster_1472"
"9184","M34","D14","SubCu",0,"Cluster_546"
"9185","M34","D14","SubCu",0.003998654,"Cluster_3366"
"9186","M34","D14","SubCu",0.2965357,"Cluster_513"
"9187","M34","D14","SubCu",0.003601053,"Cluster_3657"
"9188","M34","D14","SubCu",0.002956446,"Cluster_1740"
"9189","M34","D14","SubCu",0.0005022119,"Cluster_944"
"9190","M34","D14","SubCu",0.05779868,"Cluster_78"
"9191","M34","D14","SubCu",0.03669285,"Cluster_2588"
"9192","M34","D14","SubCu",0.006961352,"Cluster_816"
"9193","M34","D14","SubCu",0.06268977,"Cluster_893"
"9194","M34","D14","SubCu",0.001277135,"Cluster_359"
"9195","M34","D14","SubCu",0.02981549,"Cluster_525"
"9196","M34","D14","SubCu",4.185963,"Cluster_303"
"9197","M34","D14","SubCu",0.002884149,"Cluster_69"
"9198","M34","D14","SubCu",0.009699582,"Cluster_1034"
"9199","M34","D14","SubCu",0.002911086,"Cluster_2666"
"9200","M34","D14","SubCu",0.003543834,"Cluster_3721"
"9201","M34","D14","SubCu",0.008540712,"Cluster_817"
"9202","M34","D14","SubCu",0.02328535,"Cluster_232"
"9203","M34","D14","SubCu",0.1024999,"Cluster_4"
"9204","M34","D14","SubCu",0.002378898,"Cluster_868"
"9205","M34","D14","SubCu",0.024128,"Cluster_151"
"9206","M34","D14","SubCu",0.007721279,"Cluster_225"
"9207","M34","D14","SubCu",0.006985079,"Cluster_1050"
"9208","M34","D14","SubCu",0.001802812,"Cluster_1347"
"9209","M34","D14","SubCu",0.01146144,"Cluster_721"
"9210","M34","D14","SubCu",0.002515916,"Cluster_1049"
"9211","M34","D14","SubCu",0.02773325,"Cluster_221"
"9212","M34","D14","SubCu",0.01054905,"Cluster_437"
"9213","M34","D14","SubCu",0.005015941,"Cluster_3362"
"9214","M34","D14","SubCu",0.02129433,"Cluster_694"
"9215","M34","D14","SubCu",0.004124578,"Cluster_158"
"9216","M34","D14","SubCu",0.003781595,"Cluster_3618"
"9217","M34","D14","SubCu",0.003655039,"Cluster_3225"
"9218","M34","D14","SubCu",0.01940046,"Cluster_2527"
"9219","M34","D14","blood",0.003638723,"Cluster_1260"
"9220","M34","D14","blood",0.06373764,"Cluster_261"
"9221","M34","D14","blood",0.02027113,"Cluster_1682"
"9222","M34","D14","blood",0.003334851,"Cluster_315"
"9223","M34","D14","blood",0.003254929,"Cluster_1035"
"9224","M34","D14","blood",0.005344896,"Cluster_2671"
"9225","M34","D14","blood",0.7876515,"Cluster_405"
"9226","M34","D14","blood",0.02595908,"Cluster_337"
"9227","M34","D14","blood",0.004604246,"Cluster_677"
"9228","M34","D14","blood",0.6839217,"Cluster_532"
"9229","M34","D14","blood",0.005444319,"Cluster_232"
"9230","M34","D14","blood",0.005348366,"Cluster_1610"
"9231","M34","D14","blood",0.001183828,"Cluster_21"
"9232","M34","D14","blood",0.8383154,"Cluster_826"
"9233","M34","D14","blood",0.004084143,"Cluster_443"
"9234","M34","D14","blood",0.001962037,"Cluster_3358"
"9235","M34","D14","blood",0.0004940178,"Cluster_1044"
"9236","M34","D14","blood",0.0743069,"Cluster_364"
"9237","M34","D14","blood",0.003212619,"Cluster_234"
"9238","M34","D14","blood",0.002001846,"Cluster_2996"
"9239","M34","D14","blood",0.0009332931,"Cluster_2441"
"9240","M34","D14","blood",0.004419182,"Cluster_97"
"9241","M34","D14","blood",0.004450666,"Cluster_241"
"9242","M34","D14","blood",0.003150094,"Cluster_2060"
"9243","M34","D14","blood",0,"Cluster_400"
"9244","M34","D14","blood",0.001036117,"Cluster_2632"
"9245","M34","D14","blood",0.0009364568,"Cluster_4126"
"9246","M34","D14","blood",0.0006084906,"Cluster_1961"
"9247","M34","D14","blood",0.003617622,"Cluster_2601"
"9248","M34","D14","blood",0.6016436,"Cluster_340"
"9249","M34","D14","blood",0.01733076,"Cluster_184"
"9250","M34","D14","blood",0.1239783,"Cluster_1064"
"9251","M34","D14","blood",0.001597874,"Cluster_971"
"9252","M34","D14","blood",0.001807127,"Cluster_2031"
"9253","M34","D14","blood",0.002252077,"Cluster_749"
"9254","M34","D14","blood",0.003152589,"Cluster_2561"
"9255","M34","D14","blood",0.005697754,"Cluster_56"
"9256","M34","D14","blood",0.0568854,"Cluster_825"
"9257","M34","D14","blood",0.01149293,"Cluster_1545"
"9258","M34","D14","blood",0.001467039,"Cluster_2137"
"9259","M34","D14","blood",0.08303068,"Cluster_1845"
"9260","M34","D14","blood",0.004753371,"Cluster_158"
"9261","M34","D14","blood",6.018852,"Cluster_303"
"9262","M34","D14","blood",0.03574725,"Cluster_795"
"9263","M34","D14","blood",0.0026011,"Cluster_34"
"9264","M34","D14","blood",0.006056354,"Cluster_2398"
"9265","M34","D14","blood",0.04090958,"Cluster_699"
"9266","M34","D14","blood",0.001952527,"Cluster_597"
"9267","M34","D14","blood",0.0945082,"Cluster_1788"
"9268","M34","D14","blood",0.0060236,"Cluster_1900"
"9269","M34","D14","blood",0.004928163,"Cluster_3666"
"9270","M34","D14","blood",0.003705472,"Cluster_3581"
"9271","M34","D14","blood",3.163816,"Cluster_161"
"9272","M34","D14","blood",0.002092839,"Cluster_949"
"9273","M34","D14","blood",0.007178663,"Cluster_1289"
"9274","M34","D14","blood",0.001801348,"Cluster_2419"
"9275","M34","D14","blood",1.21668,"Cluster_108"
"9276","M34","D14","blood",0.001997206,"Cluster_84"
"9277","M34","D14","blood",0.00293888,"Cluster_717"
"9278","M34","D14","blood",0.002175234,"Cluster_3400"
"9279","M34","D14","blood",0.002421565,"Cluster_1114"
"9280","M34","D14","blood",0.003227561,"Cluster_412"
"9281","M34","D14","blood",0.05969237,"Cluster_1622"
"9282","M34","D14","blood",0.00258965,"Cluster_2242"
"9283","M34","D14","blood",0.2836164,"Cluster_943"
"9284","M34","D14","blood",0.005657391,"Cluster_1775"
"9285","M34","D14","blood",0.001323059,"Cluster_544"
"9286","M34","D14","blood",0.3460384,"Cluster_255"
"9287","M34","D14","blood",0.01582709,"Cluster_588"
"9288","M34","D14","blood",0.01914637,"Cluster_15"
"9289","M34","D14","blood",0.01013532,"Cluster_20"
"9290","M34","D14","blood",0.8173702,"Cluster_103"
"9291","M34","D14","blood",0.002656296,"Cluster_1963"
"9292","M34","D14","blood",0.001995498,"Cluster_962"
"9293","M34","D14","blood",0.006806276,"Cluster_2678"
"9294","M34","D14","blood",0.001045022,"Cluster_54"
"9295","M34","D14","blood",0.001144817,"Cluster_3231"
"9296","M34","D14","blood",0,"Cluster_399"
"9297","M34","D14","blood",0.1081434,"Cluster_1701"
"9298","M34","D14","blood",0.05336011,"Cluster_863"
"9299","M34","D14","blood",0.629864,"Cluster_215"
"9300","M34","D14","blood",0.03937276,"Cluster_411"
"9301","M34","D14","blood",0.001720745,"Cluster_254"
"9302","M34","D14","blood",0.009325266,"Cluster_1678"
"9303","M34","D14","blood",0.001417668,"Cluster_1738"
"9304","M34","D14","blood",0.1623916,"Cluster_1419"
"9305","M34","D14","blood",0.00223792,"Cluster_202"
"9306","M34","D14","blood",0.002957525,"Cluster_2529"
"9307","M34","D14","blood",0.002957648,"Cluster_1111"
"9308","M34","D14","blood",0.002227861,"Cluster_3332"
"9309","M34","D14","blood",0.004293573,"Cluster_1586"
"9310","M34","D14","blood",0.003276744,"Cluster_912"
"9311","M34","D14","blood",0.002245974,"Cluster_437"
"9312","M34","D14","blood",0.01002923,"Cluster_402"
"9313","M34","D14","blood",0.001553019,"Cluster_1949"
"9314","M34","D14","blood",0.03157937,"Cluster_359"
"9315","M34","D14","blood",0.001678631,"Cluster_634"
"9316","M34","D14","blood",0.01567606,"Cluster_469"
"9317","M34","D14","blood",0.001203937,"Cluster_1327"
"9318","M34","D14","blood",0.05638673,"Cluster_606"
"9319","M34","D14","blood",0.002029227,"Cluster_748"
"9320","M34","D14","blood",0.001501384,"Cluster_1909"
"9321","M34","D14","blood",0.007802615,"Cluster_1152"
"9322","M34","D14","blood",0.003954272,"Cluster_595"
"9323","M34","D14","blood",0.003271882,"Cluster_447"
"9324","M34","D14","blood",0.001220259,"Cluster_66"
"9325","M34","D14","blood",0,"Cluster_398"
"9326","M34","D14","blood",0.08333989,"Cluster_1125"
"9327","M34","D14","blood",0.002197114,"Cluster_1150"
"9328","M34","D14","blood",0.006635722,"Cluster_403"
"9329","M34","D14","blood",0.002279803,"Cluster_206"
"9330","M34","D14","blood",25.50314,"Cluster_504"
"9331","M34","D14","blood",0.004980632,"Cluster_69"
"9332","M34","D14","blood",0.002182107,"Cluster_1716"
"9333","M34","D14","blood",0.008074499,"Cluster_50"
"9334","M34","D14","blood",0.001834555,"Cluster_153"
"9335","M34","D14","blood",0.6673947,"Cluster_425"
"9336","M34","D14","blood",0.04217071,"Cluster_1231"
"9337","M34","D14","blood",0.001815047,"Cluster_3053"
"9338","M34","D14","blood",0.002801704,"Cluster_350"
"9339","M34","D14","blood",0.002907764,"Cluster_2061"
"9340","M34","D14","blood",0.009602042,"Cluster_128"
"9341","M34","D14","blood",0.002325932,"Cluster_886"
"9342","M34","D14","blood",0.004410609,"Cluster_413"
"9343","M34","D14","blood",0.03434619,"Cluster_1803"
"9344","M34","D14","blood",0.009855032,"Cluster_281"
"9345","M34","D14","blood",0.003672647,"Cluster_1370"
"9346","M34","D14","blood",0.004726581,"Cluster_151"
"9347","M34","D14","blood",0.00123328,"Cluster_1008"
"9348","M34","D14","blood",1.661666,"Cluster_12"
"9349","M34","D14","blood",0.01586598,"Cluster_229"
"9350","M34","D14","blood",0.04396746,"Cluster_63"
"9351","M34","D14","blood",0.04054991,"Cluster_221"
"9352","M34","D14","blood",0.07920399,"Cluster_327"
"9353","M34","D14","blood",0.005004615,"Cluster_498"
"9354","M34","D14","blood",0.01418108,"Cluster_479"
"9355","M34","D14","blood",0.0009019091,"Cluster_1515"
"9356","M34","D14","blood",0.02278282,"Cluster_98"
"9357","M34","D14","blood",0.008762405,"Cluster_2278"
"9358","M34","D14","blood",5.990694,"Cluster_809"
"9359","M34","D14","blood",0,"Cluster_1499"
"9360","M34","D14","blood",0.06217412,"Cluster_3891"
"9361","M34","D14","blood",0,"Cluster_3333"
"9362","M34","D14","blood",0.01521582,"Cluster_290"
"9363","M34","D14","blood",0.001924545,"Cluster_1811"
"9364","M34","D14","blood",0.002514375,"Cluster_740"
"9365","M34","D14","blood",5.676991,"Cluster_1501"
"9366","M34","D14","blood",0.002180385,"Cluster_524"
"9367","M34","D14","blood",0.006694116,"Cluster_1151"
"9368","M34","D14","blood",0,"Cluster_2570"
"9369","M34","D14","blood",0.1756652,"Cluster_200"
"9370","M34","D14","blood",0.0008030661,"Cluster_1365"
"9371","M34","D14","blood",0.002198942,"Cluster_1830"
"9372","M34","D14","blood",0.004656468,"Cluster_1774"
"9373","M34","D14","blood",0.09976402,"Cluster_647"
"9374","M34","D14","blood",0.0007866023,"Cluster_3619"
"9375","M34","D14","blood",0.002987215,"Cluster_856"
"9376","M34","D14","blood",0.006223359,"Cluster_1325"
"9377","M34","D14","blood",0.2594122,"Cluster_77"
"9378","M34","D14","blood",0.004796089,"Cluster_1505"
"9379","M34","D14","blood",0.007787851,"Cluster_338"
"9380","M34","D14","blood",0.0473111,"Cluster_349"
"9381","M34","D14","blood",0.02071085,"Cluster_1831"
"9382","M34","D14","blood",0.001394595,"Cluster_1234"
"9383","M34","D14","blood",0.9726877,"Cluster_272"
"9384","M34","D14","blood",0,"Cluster_1491"
"9385","M34","D14","blood",0.004516823,"Cluster_523"
"9386","M34","D14","blood",0.002437154,"Cluster_1393"
"9387","M34","D14","blood",0.4302777,"Cluster_432"
"9388","M34","D14","blood",0.005077046,"Cluster_712"
"9389","M34","D14","blood",0.004284601,"Cluster_972"
"9390","M34","D14","blood",0.005430375,"Cluster_1868"
"9391","M34","D14","blood",0.001941112,"Cluster_2321"
"9392","M34","D14","blood",0.005755307,"Cluster_633"
"9393","M34","D14","blood",0.002741459,"Cluster_1166"
"9394","M34","D14","blood",0.00191989,"Cluster_1076"
"9395","M34","D14","blood",3.779001,"Cluster_2305"
"9396","M34","D14","blood",0.03335803,"Cluster_2287"
"9397","M34","D14","blood",0.004091531,"Cluster_763"
"9398","M34","D14","blood",0.002406524,"Cluster_960"
"9399","M34","D14","blood",0.09235821,"Cluster_509"
"9400","M34","D14","blood",0.009642061,"Cluster_4"
"9401","M34","D14","blood",0.0009065354,"Cluster_3787"
"9402","M34","D14","blood",19.33259,"Cluster_409"
"9403","M34","D14","blood",0.001210599,"Cluster_3046"
"9404","M34","D14","blood",0.005274508,"Cluster_1274"
"9405","M34","D14","blood",0.001649919,"Cluster_801"
"9406","M34","D14","blood",0.07508605,"Cluster_466"
"9407","M34","D14","blood",0.003216051,"Cluster_3041"
"9408","M34","D14","blood",0.005950102,"Cluster_2397"
"9409","M34","D14","blood",0.004703262,"Cluster_39"
"9410","M34","D14","blood",0.01073453,"Cluster_525"
"9411","M34","D14","blood",0.008839774,"Cluster_423"
"9412","M34","D14","blood",0.04392093,"Cluster_2315"
"9413","M34","D14","blood",0.002240321,"Cluster_792"
"9414","M34","D14","blood",0.003867714,"Cluster_2770"
"9415","M34","D14","blood",0.009389373,"Cluster_853"
"9416","M34","D14","blood",0.04522136,"Cluster_592"
"9417","M34","D14","blood",1.787696,"Cluster_632"
"9418","M34","D14","blood",0.5246233,"Cluster_545"
"9419","M34","D14","blood",0.01163178,"Cluster_1202"
"9420","M34","D14","blood",0.005587211,"Cluster_859"
"9421","M34","D14","blood",14.80929,"Cluster_26"
"9422","M34","D14","blood",0.007024295,"Cluster_1537"
"9423","M34","D14","blood",0.09779905,"Cluster_591"
"9424","M34","D14","blood",0.002355769,"Cluster_3476"
"9425","M34","D14","blood",0,"Cluster_2571"
"9426","M34","D14","blood",0.005588781,"Cluster_1123"
"9427","M34","D14","blood",0.006250797,"Cluster_486"
"9428","M34","D14","blood",0.001316674,"Cluster_3150"
"9429","M34","D14","blood",0.001365666,"Cluster_59"
"9430","M34","D14","blood",0.01525178,"Cluster_694"
"9431","M34","D14","blood",0.00881451,"Cluster_1088"
"9432","M34","D14","blood",0.002110135,"Cluster_2001"
"9433","M34","D14","blood",0.002586655,"Cluster_2623"
"9434","M34","D14","blood",0.001215581,"Cluster_2360"
"9435","M34","D14","blood",0.003478027,"Cluster_695"
"9436","M34","D14","blood",0.001892156,"Cluster_2215"
"9437","M34","D14","blood",0.007565915,"Cluster_1874"
"9438","M34","D14","blood",0.004958418,"Cluster_589"
"9439","M34","D14","blood",0.2505405,"Cluster_5"
"9440","M34","D14","blood",0.009975287,"Cluster_503"
"9441","M34","D14","blood",0,"Cluster_347"
"9442","M34","D6","blood",0.004462145,"Cluster_504"
"9443","M34","D6","blood",0.007466701,"Cluster_294"
"9444","M34","D6","blood",0.0009973203,"Cluster_825"
"9445","M34","D6","blood",0.002579822,"Cluster_4"
"9446","M34","D6","blood",99.95913,"Cluster_56"
"9447","M34","D6","blood",0.0008651494,"Cluster_240"
"9448","M34","D6","blood",0.003010531,"Cluster_254"
"9449","M34","D6","blood",0.008032799,"Cluster_1830"
"9450","M34","D6","blood",0.003316858,"Cluster_588"
"9451","M34","D6","blood",0.003912111,"Cluster_1831"
"9452","M34","D6","blood",0.00185087,"Cluster_1545"
"9453","M34","D6","blood",0.002032656,"Cluster_26"
"9454","M34","D6","blood",0.002340867,"Cluster_437"
"9455","M35","D10","blood",0.07967867,"Cluster_437"
"9456","M35","D10","blood",22.00658,"Cluster_56"
"9457","M35","D10","blood",1.414387,"Cluster_1831"
"9458","M35","D10","blood",0.1295679,"Cluster_26"
"9459","M35","D10","blood",0.2149504,"Cluster_888"
"9460","M35","D10","blood",0.525573,"Cluster_119"
"9461","M35","D10","blood",6.894699,"Cluster_1830"
"9462","M35","D10","blood",68.73456,"Cluster_294"
"9463","M35","D14","Brain",0.1278856,"Cluster_1705"
"9464","M35","D14","Brain",0.2464074,"Cluster_4"
"9465","M35","D14","Brain",0.413259,"Cluster_978"
"9466","M35","D14","Brain",0.8697258,"Cluster_504"
"9467","M35","D14","Brain",0.1672004,"Cluster_1971"
"9468","M35","D14","Brain",0.4867461,"Cluster_209"
"9469","M35","D14","Brain",0.2574152,"Cluster_9"
"9470","M35","D14","Brain",0.2822034,"Cluster_3891"
"9471","M35","D14","Brain",0.4086686,"Cluster_1123"
"9472","M35","D14","Brain",0.1686852,"Cluster_1537"
"9473","M35","D14","Brain",1.312562,"Cluster_509"
"9474","M35","D14","Brain",0.0737323,"Cluster_86"
"9475","M35","D14","Brain",0.10736,"Cluster_1778"
"9476","M35","D14","Brain",0.376206,"Cluster_232"
"9477","M35","D14","Brain",0.769246,"Cluster_119"
"9478","M35","D14","Brain",4.505012,"Cluster_1274"
"9479","M35","D14","Brain",0.1573643,"Cluster_592"
"9480","M35","D14","Brain",2.921641,"Cluster_294"
"9481","M35","D14","Brain",0.688771,"Cluster_1623"
"9482","M35","D14","Brain",0.2052332,"Cluster_327"
"9483","M35","D14","Brain",0.01135301,"Cluster_2243"
"9484","M35","D14","Brain",9.639863,"Cluster_437"
"9485","M35","D14","Brain",0.5272941,"Cluster_647"
"9486","M35","D14","Brain",0.7548312,"Cluster_425"
"9487","M35","D14","Brain",49.33643,"Cluster_1830"
"9488","M35","D14","Brain",0.08290147,"Cluster_1730"
"9489","M35","D14","Brain",0.1252533,"Cluster_321"
"9490","M35","D14","Brain",2.148544,"Cluster_50"
"9491","M35","D14","Brain",3.735752,"Cluster_26"
"9492","M35","D14","Brain",13.05559,"Cluster_1831"
"9493","M35","D14","Brain",1.058439,"Cluster_1545"
"9494","M35","D14","Brain",0.2047071,"Cluster_664"
"9495","M35","D14","Brain",0.1664301,"Cluster_338"
"9496","M35","D14","Brain",2.618774,"Cluster_1231"
"9497","M35","D14","Brain",0.04449152,"Cluster_12"
"9498","M35","D14","Brain",0.7614468,"Cluster_893"
"9499","M35","D14","Brain",0.2948042,"Cluster_240"
"9500","M35","D14","Brain",0.8877688,"Cluster_357"
"9501","M35","D14","Ear",0.02545285,"Cluster_90"
"9502","M35","D14","Ear",12.51512,"Cluster_437"
"9503","M35","D14","Ear",0.9215757,"Cluster_357"
"9504","M35","D14","Ear",0.01950632,"Cluster_119"
"9505","M35","D14","Ear",0.6715185,"Cluster_1274"
"9506","M35","D14","Ear",0.006427637,"Cluster_978"
"9507","M35","D14","Ear",0.3170968,"Cluster_50"
"9508","M35","D14","Ear",0.5941443,"Cluster_240"
"9509","M35","D14","Ear",10.38308,"Cluster_1831"
"9510","M35","D14","Ear",0.1405446,"Cluster_4"
"9511","M35","D14","Ear",0.7658802,"Cluster_1088"
"9512","M35","D14","Ear",25.54249,"Cluster_1830"
"9513","M35","D14","Ear",0.02092597,"Cluster_1868"
"9514","M35","D14","Ear",0.722731,"Cluster_26"
"9515","M35","D14","Ear",0.529177,"Cluster_1545"
"9516","M35","D14","Ear",46.82433,"Cluster_294"
"9517","M35","D14","GonFat",0.003101503,"Cluster_2609"
"9518","M35","D14","GonFat",0.001560904,"Cluster_1231"
"9519","M35","D14","GonFat",0.007073464,"Cluster_56"
"9520","M35","D14","GonFat",8.45753,"Cluster_1830"
"9521","M35","D14","GonFat",0.002423366,"Cluster_327"
"9522","M35","D14","GonFat",0.1268266,"Cluster_240"
"9523","M35","D14","GonFat",0.002290181,"Cluster_434"
"9524","M35","D14","GonFat",0.001387624,"Cluster_616"
"9525","M35","D14","GonFat",0.04288679,"Cluster_26"
"9526","M35","D14","GonFat",0.01053864,"Cluster_119"
"9527","M35","D14","GonFat",0.00154948,"Cluster_39"
"9528","M35","D14","GonFat",0.01368011,"Cluster_479"
"9529","M35","D14","GonFat",5.423051,"Cluster_1831"
"9530","M35","D14","GonFat",0.003440164,"Cluster_84"
"9531","M35","D14","GonFat",0.04373728,"Cluster_1545"
"9532","M35","D14","GonFat",0.006668495,"Cluster_1868"
"9533","M35","D14","GonFat",84.3504,"Cluster_294"
"9534","M35","D14","GonFat",0.00161414,"Cluster_2236"
"9535","M35","D14","GonFat",0.0009313687,"Cluster_103"
"9536","M35","D14","GonFat",0.2646533,"Cluster_504"
"9537","M35","D14","GonFat",0.1009122,"Cluster_4"
"9538","M35","D14","GonFat",1.123269,"Cluster_357"
"9539","M35","D14","GonFat",0.001975893,"Cluster_469"
"9540","M35","D14","GonFat",0.003545926,"Cluster_1537"
"9541","M35","D14","GonFat",0.003892196,"Cluster_437"
"9542","M35","D14","GonFat",0.001055499,"Cluster_50"
"9543","M35","D14","Heart",0.03999765,"Cluster_21"
"9544","M35","D14","Heart",27.24589,"Cluster_1830"
"9545","M35","D14","Heart",0.03031855,"Cluster_524"
"9546","M35","D14","Heart",0.0382427,"Cluster_2215"
"9547","M35","D14","Heart",0.6441156,"Cluster_469"
"9548","M35","D14","Heart",0.7879675,"Cluster_303"
"9549","M35","D14","Heart",0.3255055,"Cluster_825"
"9550","M35","D14","Heart",0.9710423,"Cluster_1545"
"9551","M35","D14","Heart",14.13163,"Cluster_26"
"9552","M35","D14","Heart",0.05153272,"Cluster_3743"
"9553","M35","D14","Heart",0.1165533,"Cluster_68"
"9554","M35","D14","Heart",0.02391896,"Cluster_460"
"9555","M35","D14","Heart",0.09422885,"Cluster_84"
"9556","M35","D14","Heart",3.81959,"Cluster_1088"
"9557","M35","D14","Heart",0.1296114,"Cluster_2561"
"9558","M35","D14","Heart",0.008796498,"Cluster_1152"
"9559","M35","D14","Heart",0.8601676,"Cluster_338"
"9560","M35","D14","Heart",0.7291937,"Cluster_437"
"9561","M35","D14","Heart",0.1658065,"Cluster_336"
"9562","M35","D14","Heart",0.2184816,"Cluster_2453"
"9563","M35","D14","Heart",0.0152301,"Cluster_56"
"9564","M35","D14","Heart",0.06008061,"Cluster_50"
"9565","M35","D14","Heart",0.3959245,"Cluster_39"
"9566","M35","D14","Heart",0.4417363,"Cluster_215"
"9567","M35","D14","Heart",1.569507,"Cluster_1231"
"9568","M35","D14","Heart",0.07834986,"Cluster_609"
"9569","M35","D14","Heart",0.04323632,"Cluster_2305"
"9570","M35","D14","Heart",0.008952232,"Cluster_1763"
"9571","M35","D14","Heart",0.186085,"Cluster_86"
"9572","M35","D14","Heart",0.01679873,"Cluster_1253"
"9573","M35","D14","Heart",3.50997,"Cluster_504"
"9574","M35","D14","Heart",1.029182,"Cluster_1284"
"9575","M35","D14","Heart",0.01085279,"Cluster_503"
"9576","M35","D14","Heart",0.1073675,"Cluster_1325"
"9577","M35","D14","Heart",0.3497951,"Cluster_357"
"9578","M35","D14","Heart",0.01644756,"Cluster_615"
"9579","M35","D14","Heart",0.1086778,"Cluster_705"
"9580","M35","D14","Heart",0.0474022,"Cluster_1909"
"9581","M35","D14","Heart",0.01069686,"Cluster_703"
"9582","M35","D14","Heart",0.1505151,"Cluster_1706"
"9583","M35","D14","Heart",0.1412961,"Cluster_1989"
"9584","M35","D14","Heart",1.142466,"Cluster_1123"
"9585","M35","D14","Heart",0.07889941,"Cluster_128"
"9586","M35","D14","Heart",0.7378874,"Cluster_1537"
"9587","M35","D14","Heart",0.6082107,"Cluster_19"
"9588","M35","D14","Heart",7.831104,"Cluster_809"
"9589","M35","D14","Heart",0.1087164,"Cluster_893"
"9590","M35","D14","Heart",0.5412549,"Cluster_327"
"9591","M35","D14","Heart",0.01448004,"Cluster_200"
"9592","M35","D14","Heart",0.1078311,"Cluster_240"
"9593","M35","D14","Heart",0.0257367,"Cluster_647"
"9594","M35","D14","Heart",0.04923871,"Cluster_264"
"9595","M35","D14","Heart",0.03666576,"Cluster_614"
"9596","M35","D14","Heart",0.2067836,"Cluster_248"
"9597","M35","D14","Heart",0.2030828,"Cluster_932"
"9598","M35","D14","Heart",0.04447865,"Cluster_1167"
"9599","M35","D14","Heart",0.4177751,"Cluster_2537"
"9600","M35","D14","Heart",0.07464883,"Cluster_1675"
"9601","M35","D14","Heart",0.735373,"Cluster_978"
"9602","M35","D14","Heart",0.5499048,"Cluster_232"
"9603","M35","D14","Heart",17.87589,"Cluster_1831"
"9604","M35","D14","Heart",0.2412344,"Cluster_2315"
"9605","M35","D14","Heart",0.1109727,"Cluster_532"
"9606","M35","D14","Heart",1.9994,"Cluster_424"
"9607","M35","D14","Heart",0.03608428,"Cluster_706"
"9608","M35","D14","Heart",3.696113,"Cluster_294"
"9609","M35","D14","Heart",0.1743319,"Cluster_9"
"9610","M35","D14","Heart",0.09604764,"Cluster_34"
"9611","M35","D14","Heart",0.08656649,"Cluster_88"
"9612","M35","D14","Heart",2.62267,"Cluster_1274"
"9613","M35","D14","Heart",0.238212,"Cluster_1678"
"9614","M35","D14","Heart",0.0547481,"Cluster_315"
"9615","M35","D14","Heart",0.01375617,"Cluster_119"
"9616","M35","D14","Heart",0.3717647,"Cluster_3095"
"9617","M35","D14","Heart",0.1369754,"Cluster_293"
"9618","M35","D14","Lung",0.0552078,"Cluster_50"
"9619","M35","D14","Lung",67.38219,"Cluster_437"
"9620","M35","D14","Lung",0.001838624,"Cluster_389"
"9621","M35","D14","Lung",0.009523581,"Cluster_1868"
"9622","M35","D14","Lung",0.0008757085,"Cluster_2305"
"9623","M35","D14","Lung",0.0009334646,"Cluster_1040"
"9624","M35","D14","Lung",0.1683258,"Cluster_662"
"9625","M35","D14","Lung",0.001730025,"Cluster_2278"
"9626","M35","D14","Lung",0.2303363,"Cluster_56"
"9627","M35","D14","Lung",0.0009858186,"Cluster_503"
"9628","M35","D14","Lung",0.009354009,"Cluster_460"
"9629","M35","D14","Lung",0.1341233,"Cluster_26"
"9630","M35","D14","Lung",0.002748275,"Cluster_103"
"9631","M35","D14","Lung",1.702258,"Cluster_1831"
"9632","M35","D14","Lung",0.005157235,"Cluster_1537"
"9633","M35","D14","Lung",0.004531791,"Cluster_202"
"9634","M35","D14","Lung",0.02577463,"Cluster_4"
"9635","M35","D14","Lung",0.001627733,"Cluster_128"
"9636","M35","D14","Lung",0.1292504,"Cluster_215"
"9637","M35","D14","Lung",0.0005552738,"Cluster_677"
"9638","M35","D14","Lung",0.005263314,"Cluster_109"
"9639","M35","D14","Lung",0.0008310045,"Cluster_606"
"9640","M35","D14","Lung",0.05826885,"Cluster_504"
"9641","M35","D14","Lung",0.00526214,"Cluster_264"
"9642","M35","D14","Lung",0.001520798,"Cluster_741"
"9643","M35","D14","Lung",0.01157804,"Cluster_303"
"9644","M35","D14","Lung",0.004087937,"Cluster_248"
"9645","M35","D14","Lung",0.04343949,"Cluster_12"
"9646","M35","D14","Lung",0.00747776,"Cluster_59"
"9647","M35","D14","Lung",0.003016191,"Cluster_888"
"9648","M35","D14","Lung",0.000783708,"Cluster_524"
"9649","M35","D14","Lung",0.009606727,"Cluster_1231"
"9650","M35","D14","Lung",0.0006497192,"Cluster_4006"
"9651","M35","D14","Lung",0.002284881,"Cluster_84"
"9652","M35","D14","Lung",0.0007521645,"Cluster_388"
"9653","M35","D14","Lung",0.001623328,"Cluster_15"
"9654","M35","D14","Lung",0.0007656048,"Cluster_2014"
"9655","M35","D14","Lung",0.001641442,"Cluster_315"
"9656","M35","D14","Lung",0.005411927,"Cluster_232"
"9657","M35","D14","Lung",0.08422349,"Cluster_357"
"9658","M35","D14","Lung",0.0002638598,"Cluster_621"
"9659","M35","D14","Lung",0.002207265,"Cluster_3717"
"9660","M35","D14","Lung",0.07204386,"Cluster_221"
"9661","M35","D14","Lung",0.01418145,"Cluster_325"
"9662","M35","D14","Lung",0.00114853,"Cluster_19"
"9663","M35","D14","Lung",0.0007427995,"Cluster_532"
"9664","M35","D14","Lung",0.003924539,"Cluster_647"
"9665","M35","D14","Lung",0.00102166,"Cluster_2609"
"9666","M35","D14","Lung",0.001619642,"Cluster_88"
"9667","M35","D14","Lung",0.00529057,"Cluster_592"
"9668","M35","D14","Lung",0.004116469,"Cluster_1678"
"9669","M35","D14","Lung",0.01203368,"Cluster_119"
"9670","M35","D14","Lung",0.08935926,"Cluster_1545"
"9671","M35","D14","Lung",0.02561646,"Cluster_978"
"9672","M35","D14","Lung",0.001493948,"Cluster_39"
"9673","M35","D14","Lung",1.582113,"Cluster_294"
"9674","M35","D14","Lung",0.001400417,"Cluster_54"
"9675","M35","D14","Lung",0.001145344,"Cluster_1810"
"9676","M35","D14","Lung",0.006069791,"Cluster_344"
"9677","M35","D14","Lung",0.002009189,"Cluster_616"
"9678","M35","D14","Lung",0.003660037,"Cluster_3404"
"9679","M35","D14","Lung",25.86945,"Cluster_1024"
"9680","M35","D14","Lung",0.01282637,"Cluster_240"
"9681","M35","D14","Lung",0.2030439,"Cluster_1274"
"9682","M35","D14","Lung",1.906426,"Cluster_1830"
"9683","M35","D14","Lung",0.002419167,"Cluster_472"
"9684","M35","D14","Lung",0.001321326,"Cluster_2245"
"9685","M35","D14","Lung",0.001210284,"Cluster_434"
"9686","M35","D14","Lung",0.04471788,"Cluster_469"
"9687","M35","D14","Lung",0.001068835,"Cluster_823"
"9688","M35","D14","Lung",0.001457291,"Cluster_2315"
"9689","M35","D14","Lung",0.004464888,"Cluster_1123"
"9690","M35","D14","Lung",0.001567531,"Cluster_1571"
"9691","M35","D14","Lung",0.002747718,"Cluster_9"
"9692","M35","D14","SubCu",0.002078855,"Cluster_647"
"9693","M35","D14","SubCu",0.04769877,"Cluster_4"
"9694","M35","D14","SubCu",0.08432339,"Cluster_1231"
"9695","M35","D14","SubCu",3.780312,"Cluster_1274"
"9696","M35","D14","SubCu",0.02817537,"Cluster_59"
"9697","M35","D14","SubCu",0.006744284,"Cluster_264"
"9698","M35","D14","SubCu",0.008248165,"Cluster_479"
"9699","M35","D14","SubCu",0.2065893,"Cluster_437"
"9700","M35","D14","SubCu",0.001211357,"Cluster_3573"
"9701","M35","D14","SubCu",0.001153545,"Cluster_254"
"9702","M35","D14","SubCu",0.01199987,"Cluster_303"
"9703","M35","D14","SubCu",0.005976763,"Cluster_2236"
"9704","M35","D14","SubCu",1.226559,"Cluster_825"
"9705","M35","D14","SubCu",0.03565907,"Cluster_826"
"9706","M35","D14","SubCu",0.003419986,"Cluster_471"
"9707","M35","D14","SubCu",0.02086226,"Cluster_1545"
"9708","M35","D14","SubCu",0.001981709,"Cluster_21"
"9709","M35","D14","SubCu",0.08610324,"Cluster_84"
"9710","M35","D14","SubCu",0.2918515,"Cluster_424"
"9711","M35","D14","SubCu",0.006264343,"Cluster_763"
"9712","M35","D14","SubCu",0.09569215,"Cluster_102"
"9713","M35","D14","SubCu",2.070616,"Cluster_1831"
"9714","M35","D14","SubCu",0.002111644,"Cluster_893"
"9715","M35","D14","SubCu",0.06252144,"Cluster_978"
"9716","M35","D14","SubCu",0.007639193,"Cluster_1989"
"9717","M35","D14","SubCu",0.05200127,"Cluster_357"
"9718","M35","D14","SubCu",0.001607406,"Cluster_1"
"9719","M35","D14","SubCu",31.96602,"Cluster_1830"
"9720","M35","D14","SubCu",0.001710265,"Cluster_1537"
"9721","M35","D14","SubCu",0.002433549,"Cluster_50"
"9722","M35","D14","SubCu",4.581761,"Cluster_294"
"9723","M35","D14","SubCu",30.81508,"Cluster_240"
"9724","M35","D14","SubCu",0.006021204,"Cluster_26"
"9725","M35","D14","SubCu",24.17177,"Cluster_1088"
"9726","M35","D14","SubCu",0.1266028,"Cluster_504"
"9727","M35","D14","SubCu",0.1553728,"Cluster_524"
"9728","M35","D14","SubCu",0.001663777,"Cluster_201"
"9729","M35","D14","SubCu",0.002303072,"Cluster_634"
"9730","M35","D14","SubCu",0.01986391,"Cluster_1868"
"9731","M35","D14","blood",67.04773,"Cluster_1830"
"9732","M35","D14","blood",0.004162799,"Cluster_200"
"9733","M35","D14","blood",0.001616708,"Cluster_1682"
"9734","M35","D14","blood",0.001893565,"Cluster_52"
"9735","M35","D14","blood",0.5132528,"Cluster_119"
"9736","M35","D14","blood",1.604972,"Cluster_1545"
"9737","M35","D14","blood",0.9564795,"Cluster_357"
"9738","M35","D14","blood",0.007774014,"Cluster_469"
"9739","M35","D14","blood",0.02022726,"Cluster_424"
"9740","M35","D14","blood",0.1310205,"Cluster_59"
"9741","M35","D14","blood",0.6142638,"Cluster_50"
"9742","M35","D14","blood",0.008830836,"Cluster_57"
"9743","M35","D14","blood",0.001282545,"Cluster_264"
"9744","M35","D14","blood",0.08728718,"Cluster_294"
"9745","M35","D14","blood",0.008474055,"Cluster_248"
"9746","M35","D14","blood",0.005392827,"Cluster_772"
"9747","M35","D14","blood",0.005394653,"Cluster_1231"
"9748","M35","D14","blood",0.03896731,"Cluster_1868"
"9749","M35","D14","blood",2.529406,"Cluster_26"
"9750","M35","D14","blood",0.001426895,"Cluster_1152"
"9751","M35","D14","blood",0.785974,"Cluster_240"
"9752","M35","D14","blood",0.2546596,"Cluster_978"
"9753","M35","D14","blood",0.2591786,"Cluster_4"
"9754","M35","D14","blood",0.001856557,"Cluster_2236"
"9755","M35","D14","blood",0.001138593,"Cluster_9"
"9756","M35","D14","blood",0.1851513,"Cluster_84"
"9757","M35","D14","blood",4.059385,"Cluster_1274"
"9758","M35","D14","blood",0.08116708,"Cluster_888"
"9759","M35","D14","blood",20.68739,"Cluster_1831"
"9760","M35","D14","blood",0.009850034,"Cluster_479"
"9761","M35","D14","blood",0.01758901,"Cluster_893"
"9762","M35","D14","blood",0.06201531,"Cluster_437"
"9763","M35","D14","blood",0.004788775,"Cluster_21"
"9764","M35","D6","blood",0.004577752,"Cluster_294"
"9765","M35","D6","blood",0.02013662,"Cluster_4"
"9766","M35","D6","blood",99.96379,"Cluster_56"
"9767","M35","D6","blood",0.004087347,"Cluster_1868"
"9768","M35","D6","blood",0.00114173,"Cluster_2667"
"9769","M35","D6","blood",0.001351694,"Cluster_240"
"9770","M35","D6","blood",0.004911362,"Cluster_1830"
"9771","M3","D10","blood",0.007303036,"Cluster_240"
"9772","M3","D10","blood",0.0009483495,"Cluster_326"
"9773","M3","D10","blood",0.003312039,"Cluster_88"
"9774","M3","D10","blood",0.002538188,"Cluster_109"
"9775","M3","D10","blood",0.002891887,"Cluster_491"
"9776","M3","D10","blood",0.003312167,"Cluster_826"
"9777","M3","D10","blood",0.0008724614,"Cluster_2455"
"9778","M3","D10","blood",0.0008845915,"Cluster_3801"
"9779","M3","D10","blood",0.000976051,"Cluster_1209"
"9780","M3","D10","blood",0.001618774,"Cluster_3891"
"9781","M3","D10","blood",0.003758069,"Cluster_201"
"9782","M3","D10","blood",0.001137089,"Cluster_1571"
"9783","M3","D10","blood",0.0007753009,"Cluster_1613"
"9784","M3","D10","blood",0.008893695,"Cluster_21"
"9785","M3","D10","blood",0.0114526,"Cluster_2305"
"9786","M3","D10","blood",0.001981984,"Cluster_714"
"9787","M3","D10","blood",0.004535952,"Cluster_1123"
"9788","M3","D10","blood",0.0005709278,"Cluster_2277"
"9789","M3","D10","blood",0.001082107,"Cluster_264"
"9790","M3","D10","blood",0.0039091,"Cluster_1274"
"9791","M3","D10","blood",0.06695411,"Cluster_119"
"9792","M3","D10","blood",0.0005586771,"Cluster_2837"
"9793","M3","D10","blood",0.01296378,"Cluster_380"
"9794","M3","D10","blood",0.001683891,"Cluster_277"
"9795","M3","D10","blood",0.004053337,"Cluster_1545"
"9796","M3","D10","blood",0.006803696,"Cluster_615"
"9797","M3","D10","blood",0.007495717,"Cluster_151"
"9798","M3","D10","blood",0.01073576,"Cluster_54"
"9799","M3","D10","blood",0.001671153,"Cluster_2235"
"9800","M3","D10","blood",0.001498896,"Cluster_2900"
"9801","M3","D10","blood",0.005803765,"Cluster_1013"
"9802","M3","D10","blood",0.0005470762,"Cluster_602"
"9803","M3","D10","blood",0.006514736,"Cluster_13"
"9804","M3","D10","blood",0.00129544,"Cluster_2713"
"9805","M3","D10","blood",0.00209329,"Cluster_1705"
"9806","M3","D10","blood",0.0009030293,"Cluster_221"
"9807","M3","D10","blood",0.004426134,"Cluster_971"
"9808","M3","D10","blood",0.001426349,"Cluster_8"
"9809","M3","D10","blood",0.0008122916,"Cluster_2770"
"9810","M3","D10","blood",0.005915678,"Cluster_315"
"9811","M3","D10","blood",0.001238401,"Cluster_128"
"9812","M3","D10","blood",0.001511567,"Cluster_349"
"9813","M3","D10","blood",0.0009579797,"Cluster_662"
"9814","M3","D10","blood",0.002543668,"Cluster_1909"
"9815","M3","D10","blood",0.00114362,"Cluster_1229"
"9816","M3","D10","blood",0.01169086,"Cluster_763"
"9817","M3","D10","blood",0.001862485,"Cluster_535"
"9818","M3","D10","blood",0.0008516121,"Cluster_825"
"9819","M3","D10","blood",0.0005658442,"Cluster_1614"
"9820","M3","D10","blood",0.0003452239,"Cluster_540"
"9821","M3","D10","blood",0.001217351,"Cluster_3381"
"9822","M3","D10","blood",0.07559055,"Cluster_1831"
"9823","M3","D10","blood",0.0009152002,"Cluster_859"
"9824","M3","D10","blood",0.001612756,"Cluster_229"
"9825","M3","D10","blood",0.007539237,"Cluster_1253"
"9826","M3","D10","blood",0.001050466,"Cluster_345"
"9827","M3","D10","blood",0.1268473,"Cluster_888"
"9828","M3","D10","blood",0.002547647,"Cluster_107"
"9829","M3","D10","blood",0.001443041,"Cluster_59"
"9830","M3","D10","blood",0.001213296,"Cluster_624"
"9831","M3","D10","blood",0.001971961,"Cluster_1276"
"9832","M3","D10","blood",0.0007455368,"Cluster_3082"
"9833","M3","D10","blood",0.003934523,"Cluster_327"
"9834","M3","D10","blood",0.001736311,"Cluster_1431"
"9835","M3","D10","blood",0.002583254,"Cluster_161"
"9836","M3","D10","blood",0.006263026,"Cluster_504"
"9837","M3","D10","blood",0.0008342912,"Cluster_2336"
"9838","M3","D10","blood",0.00109792,"Cluster_2430"
"9839","M3","D10","blood",0.001300361,"Cluster_1290"
"9840","M3","D10","blood",0.002036459,"Cluster_603"
"9841","M3","D10","blood",0.001248499,"Cluster_3142"
"9842","M3","D10","blood",0.007143778,"Cluster_56"
"9843","M3","D10","blood",0.001168373,"Cluster_480"
"9844","M3","D10","blood",0.0006449427,"Cluster_2913"
"9845","M3","D10","blood",0.006996177,"Cluster_647"
"9846","M3","D10","blood",0.001275497,"Cluster_532"
"9847","M3","D10","blood",0.01223193,"Cluster_50"
"9848","M3","D10","blood",0.005683931,"Cluster_648"
"9849","M3","D10","blood",0.02162045,"Cluster_84"
"9850","M3","D10","blood",0.001948379,"Cluster_112"
"9851","M3","D10","blood",0.008611661,"Cluster_26"
"9852","M3","D10","blood",0.001390485,"Cluster_824"
"9853","M3","D10","blood",0.004047969,"Cluster_1678"
"9854","M3","D10","blood",0.002290436,"Cluster_290"
"9855","M3","D10","blood",0.003901407,"Cluster_2315"
"9856","M3","D10","blood",0.002215824,"Cluster_293"
"9857","M3","D10","blood",0.001081362,"Cluster_432"
"9858","M3","D10","blood",0.0008644794,"Cluster_2369"
"9859","M3","D10","blood",0.001135863,"Cluster_536"
"9860","M3","D10","blood",0.005183945,"Cluster_1124"
"9861","M3","D10","blood",0.001106169,"Cluster_2483"
"9862","M3","D10","blood",0.007314492,"Cluster_232"
"9863","M3","D10","blood",0.001168307,"Cluster_2087"
"9864","M3","D10","blood",0.005121392,"Cluster_202"
"9865","M3","D10","blood",0.002726785,"Cluster_87"
"9866","M3","D10","blood",0.001571258,"Cluster_103"
"9867","M3","D10","blood",0.008009663,"Cluster_978"
"9868","M3","D10","blood",0.001421261,"Cluster_66"
"9869","M3","D10","blood",0.0007841566,"Cluster_984"
"9870","M3","D10","blood",0.0009048712,"Cluster_3962"
"9871","M3","D10","blood",0.0007797114,"Cluster_3685"
"9872","M3","D10","blood",99.32682,"Cluster_294"
"9873","M3","D10","blood",0.009816589,"Cluster_853"
"9874","M3","D10","blood",0.02245524,"Cluster_469"
"9875","M3","D10","blood",0.009396887,"Cluster_4"
"9876","M3","D10","blood",0.006375186,"Cluster_1537"
"9877","M3","D10","blood",0.001800868,"Cluster_86"
"9878","M3","D10","blood",0.0008875438,"Cluster_2588"
"9879","M3","D10","blood",0.005361933,"Cluster_1868"
"9880","M3","D10","blood",0.00302932,"Cluster_3508"
"9881","M3","D10","blood",0.006572172,"Cluster_357"
"9882","M3","D10","blood",0.002144801,"Cluster_63"
"9883","M3","D10","blood",0.002667792,"Cluster_1581"
"9884","M3","D10","blood",0.005598939,"Cluster_437"
"9885","M3","D10","blood",0.001845937,"Cluster_943"
"9886","M3","D10","blood",0.0007121011,"Cluster_487"
"9887","M3","D10","blood",0.0008184238,"Cluster_1468"
"9888","M3","D14","Brain",0.1020746,"Cluster_825"
"9889","M3","D14","Brain",0.0632829,"Cluster_155"
"9890","M3","D14","Brain",0.06536151,"Cluster_888"
"9891","M3","D14","Brain",0.2745346,"Cluster_2305"
"9892","M3","D14","Brain",0.5702486,"Cluster_1830"
"9893","M3","D14","Brain",0.01097347,"Cluster_27"
"9894","M3","D14","Brain",0.05020593,"Cluster_161"
"9895","M3","D14","Brain",0.1279031,"Cluster_9"
"9896","M3","D14","Brain",0.002599944,"Cluster_2245"
"9897","M3","D14","Brain",0.0116789,"Cluster_440"
"9898","M3","D14","Brain",0.03592359,"Cluster_591"
"9899","M3","D14","Brain",0.4192136,"Cluster_469"
"9900","M3","D14","Brain",0.004150524,"Cluster_403"
"9901","M3","D14","Brain",0.629246,"Cluster_248"
"9902","M3","D14","Brain",0.02767836,"Cluster_893"
"9903","M3","D14","Brain",0.09247223,"Cluster_943"
"9904","M3","D14","Brain",0.004657686,"Cluster_2107"
"9905","M3","D14","Brain",0.002175871,"Cluster_3837"
"9906","M3","D14","Brain",0.003664137,"Cluster_39"
"9907","M3","D14","Brain",0.0103253,"Cluster_4152"
"9908","M3","D14","Brain",0.2147333,"Cluster_1678"
"9909","M3","D14","Brain",0.00437074,"Cluster_2015"
"9910","M3","D14","Brain",0.26057,"Cluster_88"
"9911","M3","D14","Brain",0.001453711,"Cluster_2287"
"9912","M3","D14","Brain",0.01886105,"Cluster_4197"
"9913","M3","D14","Brain",0.04136017,"Cluster_363"
"9914","M3","D14","Brain",0.1272038,"Cluster_338"
"9915","M3","D14","Brain",0.003825338,"Cluster_1325"
"9916","M3","D14","Brain",0.001740696,"Cluster_493"
"9917","M3","D14","Brain",0.1567243,"Cluster_409"
"9918","M3","D14","Brain",8.687187,"Cluster_1831"
"9919","M3","D14","Brain",0.08835799,"Cluster_209"
"9920","M3","D14","Brain",0.00237031,"Cluster_3236"
"9921","M3","D14","Brain",0.01254192,"Cluster_1042"
"9922","M3","D14","Brain",0.1293527,"Cluster_405"
"9923","M3","D14","Brain",0.07498147,"Cluster_634"
"9924","M3","D14","Brain",0.07708478,"Cluster_480"
"9925","M3","D14","Brain",0.01122503,"Cluster_32"
"9926","M3","D14","Brain",0.06955993,"Cluster_74"
"9927","M3","D14","Brain",0.01055883,"Cluster_1152"
"9928","M3","D14","Brain",0.003489782,"Cluster_1176"
"9929","M3","D14","Brain",0.1303394,"Cluster_424"
"9930","M3","D14","Brain",3.050718,"Cluster_1274"
"9931","M3","D14","Brain",0.00510045,"Cluster_1175"
"9932","M3","D14","Brain",0.1402173,"Cluster_10"
"9933","M3","D14","Brain",0.04450169,"Cluster_87"
"9934","M3","D14","Brain",0.004212597,"Cluster_163"
"9935","M3","D14","Brain",38.28759,"Cluster_1231"
"9936","M3","D14","Brain",0.02526785,"Cluster_655"
"9937","M3","D14","Brain",0.004331958,"Cluster_853"
"9938","M3","D14","Brain",0.0691647,"Cluster_437"
"9939","M3","D14","Brain",0.004155845,"Cluster_1705"
"9940","M3","D14","Brain",0.006365976,"Cluster_1009"
"9941","M3","D14","Brain",0.02419071,"Cluster_670"
"9942","M3","D14","Brain",0.007362389,"Cluster_1592"
"9943","M3","D14","Brain",0.3151205,"Cluster_1545"
"9944","M3","D14","Brain",0.1871403,"Cluster_498"
"9945","M3","D14","Brain",0.007602966,"Cluster_912"
"9946","M3","D14","Brain",0.007007842,"Cluster_694"
"9947","M3","D14","Brain",0.006176887,"Cluster_1716"
"9948","M3","D14","Brain",0.04078131,"Cluster_168"
"9949","M3","D14","Brain",0.06231693,"Cluster_128"
"9950","M3","D14","Brain",0.0731589,"Cluster_3037"
"9951","M3","D14","Brain",0.0230673,"Cluster_4294"
"9952","M3","D14","Brain",0.07337599,"Cluster_2315"
"9953","M3","D14","Brain",0.00179143,"Cluster_1454"
"9954","M3","D14","Brain",0.02449517,"Cluster_23"
"9955","M3","D14","Brain",0.515644,"Cluster_294"
"9956","M3","D14","Brain",0.2139835,"Cluster_232"
"9957","M3","D14","Brain",0.1122241,"Cluster_21"
"9958","M3","D14","Brain",0.01123379,"Cluster_770"
"9959","M3","D14","Brain",0.1844999,"Cluster_202"
"9960","M3","D14","Brain",0.02754127,"Cluster_59"
"9961","M3","D14","Brain",0.154687,"Cluster_978"
"9962","M3","D14","Brain",0.06005269,"Cluster_1571"
"9963","M3","D14","Brain",0.02349624,"Cluster_730"
"9964","M3","D14","Brain",0.008236547,"Cluster_71"
"9965","M3","D14","Brain",0.009236234,"Cluster_34"
"9966","M3","D14","Brain",0.06198233,"Cluster_206"
"9967","M3","D14","Brain",0.1098884,"Cluster_1613"
"9968","M3","D14","Brain",0.03123031,"Cluster_650"
"9969","M3","D14","Brain",0.03589,"Cluster_792"
"9970","M3","D14","Brain",0.06976938,"Cluster_1909"
"9971","M3","D14","Brain",0.1728613,"Cluster_54"
"9972","M3","D14","Brain",0.04085396,"Cluster_662"
"9973","M3","D14","Brain",0.004315335,"Cluster_516"
"9974","M3","D14","Brain",0.004817495,"Cluster_717"
"9975","M3","D14","Brain",0.1093113,"Cluster_303"
"9976","M3","D14","Brain",0.00296854,"Cluster_1190"
"9977","M3","D14","Brain",0.1922079,"Cluster_1123"
"9978","M3","D14","Brain",4.67677,"Cluster_504"
"9979","M3","D14","Brain",0.002398141,"Cluster_1610"
"9980","M3","D14","Brain",0.184288,"Cluster_532"
"9981","M3","D14","Brain",0.002186547,"Cluster_3522"
"9982","M3","D14","Brain",0.04934893,"Cluster_826"
"9983","M3","D14","Brain",0.01608274,"Cluster_1151"
"9984","M3","D14","Brain",0.05501271,"Cluster_221"
"9985","M3","D14","Brain",0.5245564,"Cluster_50"
"9986","M3","D14","Brain",0.003459281,"Cluster_153"
"9987","M3","D14","Brain",0.2492264,"Cluster_647"
"9988","M3","D14","Brain",0.2791313,"Cluster_503"
"9989","M3","D14","Brain",0.09638159,"Cluster_606"
"9990","M3","D14","Brain",0.06838184,"Cluster_170"
"9991","M3","D14","Brain",0.03323799,"Cluster_2130"
"9992","M3","D14","Brain",0.002432414,"Cluster_190"
"9993","M3","D14","Brain",0.008432903,"Cluster_18"
"9994","M3","D14","Brain",0.007461934,"Cluster_62"
"9995","M3","D14","Brain",0.004251301,"Cluster_4089"
"9996","M3","D14","Brain",0.08093426,"Cluster_615"
"9997","M3","D14","Brain",0.1369958,"Cluster_327"
"9998","M3","D14","Brain",0.01625083,"Cluster_763"
"9999","M3","D14","Brain",0.03328071,"Cluster_98"
"10000","M3","D14","Brain",0.01249759,"Cluster_301"
"10001","M3","D14","Brain",0.2088659,"Cluster_357"
"10002","M3","D14","Brain",0.005629577,"Cluster_402"
"10003","M3","D14","Brain",0.04046214,"Cluster_277"
"10004","M3","D14","Brain",0.08977444,"Cluster_1963"
"10005","M3","D14","Brain",0.007426971,"Cluster_2441"
"10006","M3","D14","Brain",0.006059663,"Cluster_514"
"10007","M3","D14","Brain",0.06818715,"Cluster_588"
"10008","M3","D14","Brain",0.1055866,"Cluster_524"
"10009","M3","D14","Brain",0.007742781,"Cluster_1891"
"10010","M3","D14","Brain",0.06433753,"Cluster_1281"
"10011","M3","D14","Brain",0.01023959,"Cluster_264"
"10012","M3","D14","Brain",0.8806564,"Cluster_1537"
"10013","M3","D14","Brain",32.13314,"Cluster_26"
"10014","M3","D14","Brain",0.1193522,"Cluster_215"
"10015","M3","D14","Brain",0.06884864,"Cluster_973"
"10016","M3","D14","Brain",0.05148202,"Cluster_2071"
"10017","M3","D14","Brain",0.004556041,"Cluster_925"
"10018","M3","D14","Brain",0.07118821,"Cluster_86"
"10019","M3","D14","Brain",0.05049915,"Cluster_240"
"10020","M3","D14","Brain",0.008399477,"Cluster_2921"
"10021","M3","D14","Brain",0.4756546,"Cluster_103"
"10022","M3","D14","Brain",0.009201648,"Cluster_261"
"10023","M3","D14","Brain",0.05124447,"Cluster_1208"
"10024","M3","D14","Brain",0.002641552,"Cluster_1945"
"10025","M3","D14","Brain",0.2689994,"Cluster_4"
"10026","M3","D14","Brain",0.003780808,"Cluster_1761"
"10027","M3","D14","Brain",0.1430877,"Cluster_119"
"10028","M3","D14","Brain",0.06760355,"Cluster_1075"
"10029","M3","D14","Brain",0.002517617,"Cluster_169"
"10030","M3","D14","Brain",0.001790901,"Cluster_673"
"10031","M3","D14","Brain",0.08234873,"Cluster_13"
"10032","M3","D14","Brain",0.0089969,"Cluster_64"
"10033","M3","D14","Brain",0.003963721,"Cluster_1010"
"10034","M3","D14","Brain",0.008284734,"Cluster_1044"
"10035","M3","D14","Brain",0.005337823,"Cluster_35"
"10036","M3","D14","Brain",0.008719968,"Cluster_861"
"10037","M3","D14","Brain",0.09866399,"Cluster_338"
"10038","M3","D14","Brain",0.04939872,"Cluster_315"
"10039","M3","D14","Brain",0.8739274,"Cluster_12"
"10040","M3","D14","Ear",0.3820392,"Cluster_290"
"10041","M3","D14","Ear",0.05797378,"Cluster_1151"
"10042","M3","D14","Ear",0.2957492,"Cluster_547"
"10043","M3","D14","Ear",1.809825,"Cluster_12"
"10044","M3","D14","Ear",1.050539,"Cluster_1123"
"10045","M3","D14","Ear",0.02328813,"Cluster_2082"
"10046","M3","D14","Ear",0.6452894,"Cluster_128"
"10047","M3","D14","Ear",0.4616721,"Cluster_240"
"10048","M3","D14","Ear",2.878804,"Cluster_50"
"10049","M3","D14","Ear",0.06721475,"Cluster_1677"
"10050","M3","D14","Ear",2.041776,"Cluster_1545"
"10051","M3","D14","Ear",0.07489076,"Cluster_264"
"10052","M3","D14","Ear",0.01578275,"Cluster_1260"
"10053","M3","D14","Ear",0.7286814,"Cluster_1676"
"10054","M3","D14","Ear",2.454759,"Cluster_978"
"10055","M3","D14","Ear",0.2359106,"Cluster_4037"
"10056","M3","D14","Ear",0.09312695,"Cluster_1137"
"10057","M3","D14","Ear",0.03100025,"Cluster_3990"
"10058","M3","D14","Ear",0.1080507,"Cluster_546"
"10059","M3","D14","Ear",0.1204386,"Cluster_3909"
"10060","M3","D14","Ear",0.02877381,"Cluster_1830"
"10061","M3","D14","Ear",0.3547663,"Cluster_141"
"10062","M3","D14","Ear",0.3552439,"Cluster_4073"
"10063","M3","D14","Ear",5.609363,"Cluster_1831"
"10064","M3","D14","Ear",0.2860955,"Cluster_1221"
"10065","M3","D14","Ear",0.1380623,"Cluster_1972"
"10066","M3","D14","Ear",0.01930972,"Cluster_323"
"10067","M3","D14","Ear",0.005594718,"Cluster_294"
"10068","M3","D14","Ear",0.2090142,"Cluster_248"
"10069","M3","D14","Ear",0.06302183,"Cluster_929"
"10070","M3","D14","Ear",3.920828,"Cluster_151"
"10071","M3","D14","Ear",1.367496,"Cluster_86"
"10072","M3","D14","Ear",0.2615726,"Cluster_841"
"10073","M3","D14","Ear",0.3835038,"Cluster_1678"
"10074","M3","D14","Ear",0.1743283,"Cluster_548"
"10075","M3","D14","Ear",0.6979399,"Cluster_88"
"10076","M3","D14","Ear",2.716016,"Cluster_232"
"10077","M3","D14","Ear",0.1383458,"Cluster_465"
"10078","M3","D14","Ear",0.5566016,"Cluster_1124"
"10079","M3","D14","Ear",0.01793596,"Cluster_2314"
"10080","M3","D14","Ear",0.3603526,"Cluster_1231"
"10081","M3","D14","Ear",0.2718395,"Cluster_2272"
"10082","M3","D14","Ear",0.6887181,"Cluster_215"
"10083","M3","D14","Ear",0.8646508,"Cluster_493"
"10084","M3","D14","Ear",0.009779838,"Cluster_18"
"10085","M3","D14","Ear",0,"Cluster_1600"
"10086","M3","D14","Ear",1.160223,"Cluster_825"
"10087","M3","D14","Ear",0.6630059,"Cluster_293"
"10088","M3","D14","Ear",0.02527614,"Cluster_380"
"10089","M3","D14","Ear",0.1692102,"Cluster_1689"
"10090","M3","D14","Ear",1.311082,"Cluster_1537"
"10091","M3","D14","Ear",0.3121118,"Cluster_61"
"10092","M3","D14","Ear",2.030485,"Cluster_503"
"10093","M3","D14","Ear",2.831628,"Cluster_1989"
"10094","M3","D14","Ear",0.3651742,"Cluster_2245"
"10095","M3","D14","Ear",0.349814,"Cluster_824"
"10096","M3","D14","Ear",0.1465386,"Cluster_119"
"10097","M3","D14","Ear",0.6296981,"Cluster_1909"
"10098","M3","D14","Ear",1.732543,"Cluster_588"
"10099","M3","D14","Ear",2.308296,"Cluster_1274"
"10100","M3","D14","Ear",2.74716,"Cluster_327"
"10101","M3","D14","Ear",0.4965844,"Cluster_928"
"10102","M3","D14","Ear",0.3953629,"Cluster_357"
"10103","M3","D14","Ear",0.0273571,"Cluster_56"
"10104","M3","D14","Ear",0.6050868,"Cluster_39"
"10105","M3","D14","Ear",0.2918412,"Cluster_20"
"10106","M3","D14","Ear",0.05290166,"Cluster_6"
"10107","M3","D14","Ear",1.427392,"Cluster_26"
"10108","M3","D14","Ear",0.01358819,"Cluster_532"
"10109","M3","D14","Ear",34.93095,"Cluster_504"
"10110","M3","D14","Ear",0.1174368,"Cluster_470"
"10111","M3","D14","Ear",0.8107846,"Cluster_1571"
"10112","M3","D14","Ear",0.03029589,"Cluster_624"
"10113","M3","D14","Ear",0.1538292,"Cluster_853"
"10114","M3","D14","Ear",0.02967275,"Cluster_19"
"10115","M3","D14","Ear",0.1412415,"Cluster_763"
"10116","M3","D14","Ear",0,"Cluster_1599"
"10117","M3","D14","Ear",0.01313439,"Cluster_467"
"10118","M3","D14","Ear",0.01713675,"Cluster_64"
"10119","M3","D14","Ear",0.09857693,"Cluster_2441"
"10120","M3","D14","Ear",0.09092579,"Cluster_1372"
"10121","M3","D14","Ear",1.048788,"Cluster_4"
"10122","M3","D14","Ear",0.09128283,"Cluster_591"
"10123","M3","D14","Ear",0.2263789,"Cluster_4038"
"10124","M3","D14","Ear",0.6423897,"Cluster_13"
"10125","M3","D14","Ear",0.1706291,"Cluster_84"
"10126","M3","D14","Ear",0.01426519,"Cluster_27"
"10127","M3","D14","Ear",1.294443,"Cluster_1613"
"10128","M3","D14","Ear",0.3753571,"Cluster_595"
"10129","M3","D14","Ear",0.4847292,"Cluster_1610"
"10130","M3","D14","Ear",0.1086207,"Cluster_700"
"10131","M3","D14","Ear",0.08898382,"Cluster_527"
"10132","M3","D14","Ear",0,"Cluster_4039"
"10133","M3","D14","Ear",1.30145,"Cluster_437"
"10134","M3","D14","Ear",0,"Cluster_663"
"10135","M3","D14","Ear",0.6098207,"Cluster_647"
"10136","M3","D14","Ear",0.1364456,"Cluster_315"
"10137","M3","D14","Ear",0.05655506,"Cluster_403"
"10138","M3","D14","Ear",2.135913,"Cluster_1152"
"10139","M3","D14","Ear",0.4343618,"Cluster_2305"
"10140","M3","D14","Ear",0.1402493,"Cluster_822"
"10141","M3","D14","Ear",0.04365415,"Cluster_662"
"10142","M3","D14","Ear",0.6227941,"Cluster_338"
"10143","M3","D14","Ear",0.3705769,"Cluster_650"
"10144","M3","D14","GonFat",0.002410344,"Cluster_956"
"10145","M3","D14","GonFat",0.004333234,"Cluster_1202"
"10146","M3","D14","GonFat",0.0008703655,"Cluster_684"
"10147","M3","D14","GonFat",0.0005029125,"Cluster_1595"
"10148","M3","D14","GonFat",0,"Cluster_1234"
"10149","M3","D14","GonFat",0.001144518,"Cluster_2544"
"10150","M3","D14","GonFat",0.0007264291,"Cluster_789"
"10151","M3","D14","GonFat",0.001778907,"Cluster_402"
"10152","M3","D14","GonFat",0.003329512,"Cluster_2087"
"10153","M3","D14","GonFat",0.0009844657,"Cluster_2447"
"10154","M3","D14","GonFat",0.001802103,"Cluster_3908"
"10155","M3","D14","GonFat",0.1275663,"Cluster_13"
"10156","M3","D14","GonFat",0.006224159,"Cluster_3991"
"10157","M3","D14","GonFat",0.01695412,"Cluster_78"
"10158","M3","D14","GonFat",0.0009825332,"Cluster_3364"
"10159","M3","D14","GonFat",0.0005732935,"Cluster_3164"
"10160","M3","D14","GonFat",0.01508054,"Cluster_662"
"10161","M3","D14","GonFat",0.0002863297,"Cluster_1122"
"10162","M3","D14","GonFat",0.00114079,"Cluster_3729"
"10163","M3","D14","GonFat",0.003465558,"Cluster_246"
"10164","M3","D14","GonFat",0.001469969,"Cluster_2467"
"10165","M3","D14","GonFat",0.000344098,"Cluster_3091"
"10166","M3","D14","GonFat",0.03900024,"Cluster_327"
"10167","M3","D14","GonFat",0.02324827,"Cluster_424"
"10168","M3","D14","GonFat",0.001608142,"Cluster_2879"
"10169","M3","D14","GonFat",0.0795199,"Cluster_59"
"10170","M3","D14","GonFat",0.004323666,"Cluster_2215"
"10171","M3","D14","GonFat",0.006813441,"Cluster_1741"
"10172","M3","D14","GonFat",0.001074172,"Cluster_3567"
"10173","M3","D14","GonFat",0.002148155,"Cluster_4233"
"10174","M3","D14","GonFat",0.002524665,"Cluster_537"
"10175","M3","D14","GonFat",0.0009480888,"Cluster_3049"
"10176","M3","D14","GonFat",0.009026322,"Cluster_206"
"10177","M3","D14","GonFat",0.007530085,"Cluster_2244"
"10178","M3","D14","GonFat",0.0008700337,"Cluster_3442"
"10179","M3","D14","GonFat",0,"Cluster_493"
"10180","M3","D14","GonFat",0.001421535,"Cluster_58"
"10181","M3","D14","GonFat",0.00304071,"Cluster_3747"
"10182","M3","D14","GonFat",0.0005198782,"Cluster_3633"
"10183","M3","D14","GonFat",0.005892598,"Cluster_62"
"10184","M3","D14","GonFat",0.002348932,"Cluster_1406"
"10185","M3","D14","GonFat",0.0192077,"Cluster_119"
"10186","M3","D14","GonFat",0.001663652,"Cluster_2381"
"10187","M3","D14","GonFat",0.003579334,"Cluster_1689"
"10188","M3","D14","GonFat",0.0009737241,"Cluster_1373"
"10189","M3","D14","GonFat",0,"Cluster_723"
"10190","M3","D14","GonFat",0.004267391,"Cluster_86"
"10191","M3","D14","GonFat",0.001145049,"Cluster_3349"
"10192","M3","D14","GonFat",0.06455345,"Cluster_21"
"10193","M3","D14","GonFat",0.007098107,"Cluster_2421"
"10194","M3","D14","GonFat",0.002442334,"Cluster_2065"
"10195","M3","D14","GonFat",0.002581454,"Cluster_443"
"10196","M3","D14","GonFat",0.002751103,"Cluster_453"
"10197","M3","D14","GonFat",0,"Cluster_1722"
"10198","M3","D14","GonFat",0.002239671,"Cluster_2851"
"10199","M3","D14","GonFat",0.004903397,"Cluster_1386"
"10200","M3","D14","GonFat",0.001929941,"Cluster_2236"
"10201","M3","D14","GonFat",0,"Cluster_3768"
"10202","M3","D14","GonFat",0.002642245,"Cluster_4105"
"10203","M3","D14","GonFat",0.04968672,"Cluster_1088"
"10204","M3","D14","GonFat",0.08110861,"Cluster_853"
"10205","M3","D14","GonFat",0.002572507,"Cluster_1602"
"10206","M3","D14","GonFat",0.001751726,"Cluster_2878"
"10207","M3","D14","GonFat",0.02275498,"Cluster_202"
"10208","M3","D14","GonFat",0.001999346,"Cluster_957"
"10209","M3","D14","GonFat",0.0009490445,"Cluster_2958"
"10210","M3","D14","GonFat",0.001001545,"Cluster_2992"
"10211","M3","D14","GonFat",0.002582353,"Cluster_2080"
"10212","M3","D14","GonFat",0.003214319,"Cluster_2361"
"10213","M3","D14","GonFat",0.007389305,"Cluster_323"
"10214","M3","D14","GonFat",0.001343835,"Cluster_1458"
"10215","M3","D14","GonFat",0.002101456,"Cluster_2344"
"10216","M3","D14","GonFat",0.008430996,"Cluster_890"
"10217","M3","D14","GonFat",0.1495036,"Cluster_67"
"10218","M3","D14","GonFat",0.005216219,"Cluster_1701"
"10219","M3","D14","GonFat",0.001617475,"Cluster_188"
"10220","M3","D14","GonFat",0.009031372,"Cluster_1007"
"10221","M3","D14","GonFat",0.001618283,"Cluster_2916"
"10222","M3","D14","GonFat",0.01356606,"Cluster_1229"
"10223","M3","D14","GonFat",0.0003771844,"Cluster_1265"
"10224","M3","D14","GonFat",0.01690149,"Cluster_1221"
"10225","M3","D14","GonFat",0.02612369,"Cluster_215"
"10226","M3","D14","GonFat",0.001101488,"Cluster_2288"
"10227","M3","D14","GonFat",0.08509195,"Cluster_232"
"10228","M3","D14","GonFat",0.07552637,"Cluster_50"
"10229","M3","D14","GonFat",0.00677747,"Cluster_3730"
"10230","M3","D14","GonFat",0.001232854,"Cluster_4191"
"10231","M3","D14","GonFat",0.008987121,"Cluster_1729"
"10232","M3","D14","GonFat",0.0009339803,"Cluster_3394"
"10233","M3","D14","GonFat",0.004071539,"Cluster_447"
"10234","M3","D14","GonFat",0.0009075219,"Cluster_3290"
"10235","M3","D14","GonFat",0.03334016,"Cluster_1419"
"10236","M3","D14","GonFat",0.001445212,"Cluster_3329"
"10237","M3","D14","GonFat",0.0014497,"Cluster_3936"
"10238","M3","D14","GonFat",0.0009896764,"Cluster_174"
"10239","M3","D14","GonFat",0.002773495,"Cluster_1762"
"10240","M3","D14","GonFat",0.001103264,"Cluster_3102"
"10241","M3","D14","GonFat",0.0006220727,"Cluster_4183"
"10242","M3","D14","GonFat",0.001856353,"Cluster_3156"
"10243","M3","D14","GonFat",0.0005943511,"Cluster_3974"
"10244","M3","D14","GonFat",0.001805097,"Cluster_1395"
"10245","M3","D14","GonFat",0.007395048,"Cluster_619"
"10246","M3","D14","GonFat",0.001259272,"Cluster_733"
"10247","M3","D14","GonFat",0.001520433,"Cluster_3168"
"10248","M3","D14","GonFat",0.00694376,"Cluster_221"
"10249","M3","D14","GonFat",0.001518206,"Cluster_3406"
"10250","M3","D14","GonFat",0.01998278,"Cluster_514"
"10251","M3","D14","GonFat",0.02201707,"Cluster_1740"
"10252","M3","D14","GonFat",0.007925659,"Cluster_575"
"10253","M3","D14","GonFat",0.0008872058,"Cluster_2739"
"10254","M3","D14","GonFat",0,"Cluster_844"
"10255","M3","D14","GonFat",0.001427809,"Cluster_4296"
"10256","M3","D14","GonFat",0.001257003,"Cluster_4040"
"10257","M3","D14","GonFat",0.00113467,"Cluster_2010"
"10258","M3","D14","GonFat",0.001687816,"Cluster_1785"
"10259","M3","D14","GonFat",0.00198117,"Cluster_3202"
"10260","M3","D14","GonFat",0.03190145,"Cluster_357"
"10261","M3","D14","GonFat",0.0994281,"Cluster_151"
"10262","M3","D14","GonFat",0.0009154137,"Cluster_3057"
"10263","M3","D14","GonFat",0.001428174,"Cluster_1253"
"10264","M3","D14","GonFat",0.004707851,"Cluster_1976"
"10265","M3","D14","GonFat",0.002054757,"Cluster_2552"
"10266","M3","D14","GonFat",0.08874272,"Cluster_1831"
"10267","M3","D14","GonFat",0.0009017741,"Cluster_2832"
"10268","M3","D14","GonFat",0.01438704,"Cluster_240"
"10269","M3","D14","GonFat",0.002425709,"Cluster_2439"
"10270","M3","D14","GonFat",0,"Cluster_3194"
"10271","M3","D14","GonFat",0,"Cluster_4240"
"10272","M3","D14","GonFat",0.09748944,"Cluster_19"
"10273","M3","D14","GonFat",0.001755692,"Cluster_189"
"10274","M3","D14","GonFat",0.005906794,"Cluster_1401"
"10275","M3","D14","GonFat",0.06121727,"Cluster_1830"
"10276","M3","D14","GonFat",0.02727805,"Cluster_1635"
"10277","M3","D14","GonFat",0.002786877,"Cluster_1190"
"10278","M3","D14","GonFat",0.002000657,"Cluster_117"
"10279","M3","D14","GonFat",0.001081064,"Cluster_2440"
"10280","M3","D14","GonFat",0.0008088077,"Cluster_1464"
"10281","M3","D14","GonFat",0.001201365,"Cluster_430"
"10282","M3","D14","GonFat",0.06259881,"Cluster_294"
"10283","M3","D14","GonFat",0.001026889,"Cluster_124"
"10284","M3","D14","GonFat",0.002551361,"Cluster_856"
"10285","M3","D14","GonFat",0.0009674863,"Cluster_2939"
"10286","M3","D14","GonFat",0.0005029125,"Cluster_4323"
"10287","M3","D14","GonFat",0.04211547,"Cluster_248"
"10288","M3","D14","GonFat",0.02619669,"Cluster_840"
"10289","M3","D14","GonFat",0.0004491661,"Cluster_4227"
"10290","M3","D14","GonFat",0.003096882,"Cluster_1652"
"10291","M3","D14","GonFat",0.001854226,"Cluster_1725"
"10292","M3","D14","GonFat",0.0111638,"Cluster_1472"
"10293","M3","D14","GonFat",0.002546129,"Cluster_1105"
"10294","M3","D14","GonFat",0.001476872,"Cluster_3278"
"10295","M3","D14","GonFat",0,"Cluster_3284"
"10296","M3","D14","GonFat",0.04934422,"Cluster_338"
"10297","M3","D14","GonFat",0.001580242,"Cluster_2468"
"10298","M3","D14","GonFat",0.002158129,"Cluster_734"
"10299","M3","D14","GonFat",0.001471019,"Cluster_1168"
"10300","M3","D14","GonFat",0.001753009,"Cluster_1881"
"10301","M3","D14","GonFat",0.006279988,"Cluster_2406"
"10302","M3","D14","GonFat",0.01133715,"Cluster_303"
"10303","M3","D14","GonFat",0.0109893,"Cluster_108"
"10304","M3","D14","GonFat",0.0003813753,"Cluster_1291"
"10305","M3","D14","GonFat",0.006796918,"Cluster_261"
"10306","M3","D14","GonFat",0.004247862,"Cluster_937"
"10307","M3","D14","GonFat",0.01991029,"Cluster_2561"
"10308","M3","D14","GonFat",0.001635931,"Cluster_3203"
"10309","M3","D14","GonFat",0.002196313,"Cluster_1812"
"10310","M3","D14","GonFat",0.001292368,"Cluster_1903"
"10311","M3","D14","GonFat",0,"Cluster_2931"
"10312","M3","D14","GonFat",0.002024275,"Cluster_1063"
"10313","M3","D14","GonFat",0.001775368,"Cluster_3043"
"10314","M3","D14","GonFat",0,"Cluster_4337"
"10315","M3","D14","GonFat",0.006303298,"Cluster_549"
"10316","M3","D14","GonFat",0.08042585,"Cluster_437"
"10317","M3","D14","GonFat",0.005067625,"Cluster_432"
"10318","M3","D14","GonFat",0.002498116,"Cluster_3004"
"10319","M3","D14","GonFat",0.001528331,"Cluster_1624"
"10320","M3","D14","GonFat",0.002206766,"Cluster_3411"
"10321","M3","D14","GonFat",0.00265682,"Cluster_2714"
"10322","M3","D14","GonFat",0.0002918688,"Cluster_4144"
"10323","M3","D14","GonFat",0.003113954,"Cluster_1493"
"10324","M3","D14","GonFat",0.007494186,"Cluster_523"
"10325","M3","D14","GonFat",0.01440473,"Cluster_34"
"10326","M3","D14","GonFat",0.0008950645,"Cluster_1850"
"10327","M3","D14","GonFat",0.03256478,"Cluster_609"
"10328","M3","D14","GonFat",0.001012556,"Cluster_3407"
"10329","M3","D14","GonFat",0.002681203,"Cluster_905"
"10330","M3","D14","GonFat",0.08020333,"Cluster_315"
"10331","M3","D14","GonFat",0.00131856,"Cluster_2251"
"10332","M3","D14","GonFat",0.004815312,"Cluster_1281"
"10333","M3","D14","GonFat",0.04100127,"Cluster_87"
"10334","M3","D14","GonFat",0.003254594,"Cluster_589"
"10335","M3","D14","GonFat",0.001961359,"Cluster_4232"
"10336","M3","D14","GonFat",0.01766185,"Cluster_624"
"10337","M3","D14","GonFat",0.00237694,"Cluster_2608"
"10338","M3","D14","GonFat",0.002820634,"Cluster_1030"
"10339","M3","D14","GonFat",0.001360363,"Cluster_3053"
"10340","M3","D14","GonFat",0.001658861,"Cluster_3143"
"10341","M3","D14","GonFat",0.01281181,"Cluster_41"
"10342","M3","D14","GonFat",0.001233559,"Cluster_3093"
"10343","M3","D14","GonFat",0.004332199,"Cluster_984"
"10344","M3","D14","GonFat",0.05917442,"Cluster_1613"
"10345","M3","D14","GonFat",0.1931905,"Cluster_380"
"10346","M3","D14","GonFat",0.003815659,"Cluster_277"
"10347","M3","D14","GonFat",0,"Cluster_3131"
"10348","M3","D14","GonFat",0.0008381874,"Cluster_1960"
"10349","M3","D14","GonFat",0.004394052,"Cluster_2543"
"10350","M3","D14","GonFat",0.001469182,"Cluster_2771"
"10351","M3","D14","GonFat",0.002059805,"Cluster_2296"
"10352","M3","D14","GonFat",0.001588989,"Cluster_1811"
"10353","M3","D14","GonFat",0.00335142,"Cluster_436"
"10354","M3","D14","GonFat",0.005120594,"Cluster_445"
"10355","M3","D14","GonFat",0.03408285,"Cluster_792"
"10356","M3","D14","GonFat",0.06840464,"Cluster_943"
"10357","M3","D14","GonFat",0.001844351,"Cluster_909"
"10358","M3","D14","GonFat",0.003011146,"Cluster_2680"
"10359","M3","D14","GonFat",0.03297123,"Cluster_88"
"10360","M3","D14","GonFat",0.0009379683,"Cluster_3007"
"10361","M3","D14","GonFat",0.008931556,"Cluster_650"
"10362","M3","D14","GonFat",0.001207968,"Cluster_2729"
"10363","M3","D14","GonFat",0.002662478,"Cluster_3418"
"10364","M3","D14","GonFat",0.001311891,"Cluster_1596"
"10365","M3","D14","GonFat",0.001563036,"Cluster_2109"
"10366","M3","D14","GonFat",0.01482912,"Cluster_536"
"10367","M3","D14","GonFat",0.003187567,"Cluster_198"
"10368","M3","D14","GonFat",0.0005577323,"Cluster_2204"
"10369","M3","D14","GonFat",0.001263051,"Cluster_572"
"10370","M3","D14","GonFat",0.002902811,"Cluster_3861"
"10371","M3","D14","GonFat",0.003263083,"Cluster_759"
"10372","M3","D14","GonFat",0.007971567,"Cluster_66"
"10373","M3","D14","GonFat",0.007745845,"Cluster_1044"
"10374","M3","D14","GonFat",0.008646695,"Cluster_1592"
"10375","M3","D14","GonFat",0.0006129246,"Cluster_3727"
"10376","M3","D14","GonFat",0.002310796,"Cluster_1557"
"10377","M3","D14","GonFat",0.04149526,"Cluster_3404"
"10378","M3","D14","GonFat",0.001073852,"Cluster_2818"
"10379","M3","D14","GonFat",0.0004326526,"Cluster_1949"
"10380","M3","D14","GonFat",0.0003082685,"Cluster_4307"
"10381","M3","D14","GonFat",0.003213746,"Cluster_3602"
"10382","M3","D14","GonFat",0.05356018,"Cluster_647"
"10383","M3","D14","GonFat",0,"Cluster_1266"
"10384","M3","D14","GonFat",0.001105296,"Cluster_1115"
"10385","M3","D14","GonFat",0.006486984,"Cluster_717"
"10386","M3","D14","GonFat",0.00402464,"Cluster_194"
"10387","M3","D14","GonFat",0,"Cluster_2950"
"10388","M3","D14","GonFat",0.0008865777,"Cluster_2572"
"10389","M3","D14","GonFat",0,"Cluster_2534"
"10390","M3","D14","GonFat",0.001207553,"Cluster_2963"
"10391","M3","D14","GonFat",0.001188702,"Cluster_707"
"10392","M3","D14","GonFat",0.0008915266,"Cluster_4087"
"10393","M3","D14","GonFat",0.001548067,"Cluster_1728"
"10394","M3","D14","GonFat",0.002668803,"Cluster_920"
"10395","M3","D14","GonFat",0.03010564,"Cluster_978"
"10396","M3","D14","GonFat",0.05369621,"Cluster_592"
"10397","M3","D14","GonFat",0,"Cluster_729"
"10398","M3","D14","GonFat",0.001332558,"Cluster_2893"
"10399","M3","D14","GonFat",0.01457894,"Cluster_472"
"10400","M3","D14","GonFat",0.00497185,"Cluster_1325"
"10401","M3","D14","GonFat",0.000976553,"Cluster_1179"
"10402","M3","D14","GonFat",0.00141174,"Cluster_95"
"10403","M3","D14","GonFat",0.002935466,"Cluster_2043"
"10404","M3","D14","GonFat",0.0007197646,"Cluster_2921"
"10405","M3","D14","GonFat",0.004736734,"Cluster_2314"
"10406","M3","D14","GonFat",0.001260552,"Cluster_2431"
"10407","M3","D14","GonFat",0.03405883,"Cluster_1537"
"10408","M3","D14","GonFat",0.1354861,"Cluster_823"
"10409","M3","D14","GonFat",0.003003749,"Cluster_2329"
"10410","M3","D14","GonFat",0.003424594,"Cluster_587"
"10411","M3","D14","GonFat",0,"Cluster_2952"
"10412","M3","D14","GonFat",0.002212998,"Cluster_3246"
"10413","M3","D14","GonFat",0.006263694,"Cluster_139"
"10414","M3","D14","GonFat",0.00317193,"Cluster_56"
"10415","M3","D14","GonFat",0.002962777,"Cluster_1908"
"10416","M3","D14","GonFat",0.007105798,"Cluster_324"
"10417","M3","D14","GonFat",0.003478415,"Cluster_3538"
"10418","M3","D14","GonFat",0.003122382,"Cluster_3268"
"10419","M3","D14","GonFat",0.002535089,"Cluster_2082"
"10420","M3","D14","GonFat",0.01457858,"Cluster_3"
"10421","M3","D14","GonFat",0.001684603,"Cluster_1585"
"10422","M3","D14","GonFat",0.001124132,"Cluster_3013"
"10423","M3","D14","GonFat",0.003720331,"Cluster_1902"
"10424","M3","D14","GonFat",0.00253434,"Cluster_4101"
"10425","M3","D14","GonFat",0.001043276,"Cluster_4133"
"10426","M3","D14","GonFat",0.02671481,"Cluster_1601"
"10427","M3","D14","GonFat",0.001144762,"Cluster_3340"
"10428","M3","D14","GonFat",0.02092755,"Cluster_39"
"10429","M3","D14","GonFat",0.002981703,"Cluster_52"
"10430","M3","D14","GonFat",0.001994602,"Cluster_3850"
"10431","M3","D14","GonFat",0.003129828,"Cluster_3323"
"10432","M3","D14","GonFat",0.01022178,"Cluster_1989"
"10433","M3","D14","GonFat",0.003342738,"Cluster_1289"
"10434","M3","D14","GonFat",0.002886083,"Cluster_2679"
"10435","M3","D14","GonFat",0.001048054,"Cluster_1394"
"10436","M3","D14","GonFat",0.0003456139,"Cluster_2633"
"10437","M3","D14","GonFat",0.0007691602,"Cluster_1618"
"10438","M3","D14","GonFat",0.004230381,"Cluster_2900"
"10439","M3","D14","GonFat",0.002521747,"Cluster_4190"
"10440","M3","D14","GonFat",0.0003163482,"Cluster_3297"
"10441","M3","D14","GonFat",0.0008270789,"Cluster_2585"
"10442","M3","D14","GonFat",0.007056014,"Cluster_1904"
"10443","M3","D14","GonFat",0.0006792584,"Cluster_3151"
"10444","M3","D14","GonFat",0.02296364,"Cluster_673"
"10445","M3","D14","GonFat",0.003542542,"Cluster_106"
"10446","M3","D14","GonFat",0.003437433,"Cluster_2582"
"10447","M3","D14","GonFat",0.001445212,"Cluster_4173"
"10448","M3","D14","GonFat",0.002950717,"Cluster_2037"
"10449","M3","D14","GonFat",0.001356915,"Cluster_3094"
"10450","M3","D14","GonFat",0.001363511,"Cluster_565"
"10451","M3","D14","GonFat",0.001327439,"Cluster_3382"
"10452","M3","D14","GonFat",0.004082954,"Cluster_783"
"10453","M3","D14","GonFat",0.003615408,"Cluster_2316"
"10454","M3","D14","GonFat",0.002185988,"Cluster_2258"
"10455","M3","D14","GonFat",0.08306057,"Cluster_1231"
"10456","M3","D14","GonFat",0.02451362,"Cluster_290"
"10457","M3","D14","GonFat",0.001200832,"Cluster_2470"
"10458","M3","D14","GonFat",0.001204473,"Cluster_2317"
"10459","M3","D14","GonFat",0.0006081732,"Cluster_3146"
"10460","M3","D14","GonFat",0.004591476,"Cluster_1633"
"10461","M3","D14","GonFat",93.67378,"Cluster_504"
"10462","M3","D14","GonFat",0.0009279155,"Cluster_310"
"10463","M3","D14","GonFat",0.0007122252,"Cluster_2501"
"10464","M3","D14","GonFat",0.1352633,"Cluster_469"
"10465","M3","D14","GonFat",0.0221365,"Cluster_606"
"10466","M3","D14","GonFat",0.003058341,"Cluster_1832"
"10467","M3","D14","GonFat",0.03353655,"Cluster_826"
"10468","M3","D14","GonFat",0.007473206,"Cluster_434"
"10469","M3","D14","GonFat",0.001350211,"Cluster_3267"
"10470","M3","D14","GonFat",0.00772728,"Cluster_2449"
"10471","M3","D14","GonFat",0.001095911,"Cluster_2542"
"10472","M3","D14","GonFat",0.001905938,"Cluster_867"
"10473","M3","D14","GonFat",0.002113248,"Cluster_61"
"10474","M3","D14","GonFat",0.001589243,"Cluster_3192"
"10475","M3","D14","GonFat",0.05446563,"Cluster_527"
"10476","M3","D14","GonFat",0.004751985,"Cluster_1747"
"10477","M3","D14","GonFat",0.001468397,"Cluster_3103"
"10478","M3","D14","GonFat",0.01174792,"Cluster_98"
"10479","M3","D14","GonFat",0.008407773,"Cluster_1004"
"10480","M3","D14","GonFat",0.001083196,"Cluster_3687"
"10481","M3","D14","GonFat",0.003511892,"Cluster_3083"
"10482","M3","D14","GonFat",0.01543779,"Cluster_793"
"10483","M3","D14","GonFat",0.00546803,"Cluster_1414"
"10484","M3","D14","GonFat",0.006126647,"Cluster_595"
"10485","M3","D14","GonFat",0.004354735,"Cluster_1434"
"10486","M3","D14","GonFat",0.000885972,"Cluster_2420"
"10487","M3","D14","GonFat",0.002109132,"Cluster_611"
"10488","M3","D14","GonFat",0.001083522,"Cluster_3245"
"10489","M3","D14","GonFat",0.003151612,"Cluster_1454"
"10490","M3","D14","GonFat",0.001430157,"Cluster_2917"
"10491","M3","D14","GonFat",0.002165136,"Cluster_1047"
"10492","M3","D14","GonFat",0.0009468628,"Cluster_1644"
"10493","M3","D14","GonFat",0.05268301,"Cluster_532"
"10494","M3","D14","GonFat",0.001634466,"Cluster_1992"
"10495","M3","D14","GonFat",0.002432394,"Cluster_725"
"10496","M3","D14","GonFat",0.04433945,"Cluster_1678"
"10497","M3","D14","GonFat",0.002064588,"Cluster_1573"
"10498","M3","D14","GonFat",0.009843689,"Cluster_694"
"10499","M3","D14","GonFat",0.000523029,"Cluster_1558"
"10500","M3","D14","GonFat",0,"Cluster_3014"
"10501","M3","D14","GonFat",0.001081451,"Cluster_116"
"10502","M3","D14","GonFat",0.003502426,"Cluster_340"
"10503","M3","D14","GonFat",0.002795889,"Cluster_921"
"10504","M3","D14","GonFat",0.002138503,"Cluster_2816"
"10505","M3","D14","GonFat",0,"Cluster_1250"
"10506","M3","D14","GonFat",0.004367968,"Cluster_509"
"10507","M3","D14","GonFat",0.01535647,"Cluster_84"
"10508","M3","D14","GonFat",0.0006934096,"Cluster_2760"
"10509","M3","D14","GonFat",0,"Cluster_263"
"10510","M3","D14","GonFat",0.001400018,"Cluster_639"
"10511","M3","D14","GonFat",0.07882611,"Cluster_54"
"10512","M3","D14","GonFat",0,"Cluster_326"
"10513","M3","D14","GonFat",0.0002503862,"Cluster_3243"
"10514","M3","D14","GonFat",0.05633458,"Cluster_634"
"10515","M3","D14","GonFat",0.000424843,"Cluster_3169"
"10516","M3","D14","GonFat",0.001205304,"Cluster_1303"
"10517","M3","D14","GonFat",0.0005495926,"Cluster_1482"
"10518","M3","D14","GonFat",0.0008710905,"Cluster_4256"
"10519","M3","D14","GonFat",0.01017428,"Cluster_466"
"10520","M3","D14","GonFat",0.001150357,"Cluster_2850"
"10521","M3","D14","GonFat",0.003444052,"Cluster_462"
"10522","M3","D14","GonFat",0.001526294,"Cluster_1819"
"10523","M3","D14","GonFat",0.001461113,"Cluster_722"
"10524","M3","D14","GonFat",0.0093471,"Cluster_2483"
"10525","M3","D14","GonFat",0.0001544377,"Cluster_3343"
"10526","M3","D14","GonFat",0.01208935,"Cluster_163"
"10527","M3","D14","GonFat",0.003275813,"Cluster_200"
"10528","M3","D14","GonFat",0.001096412,"Cluster_1577"
"10529","M3","D14","GonFat",0.00131531,"Cluster_1057"
"10530","M3","D14","GonFat",0.009138148,"Cluster_859"
"10531","M3","D14","GonFat",0.001560172,"Cluster_708"
"10532","M3","D14","GonFat",0.01231706,"Cluster_439"
"10533","M3","D14","GonFat",0.001490211,"Cluster_2364"
"10534","M3","D14","GonFat",0.0005049042,"Cluster_1511"
"10535","M3","D14","GonFat",0.0008192407,"Cluster_3788"
"10536","M3","D14","GonFat",0.004210355,"Cluster_3877"
"10537","M3","D14","GonFat",0.001037494,"Cluster_2940"
"10538","M3","D14","GonFat",0.00223272,"Cluster_3121"
"10539","M3","D14","GonFat",0.0008738727,"Cluster_1901"
"10540","M3","D14","GonFat",0.110248,"Cluster_467"
"10541","M3","D14","GonFat",0.004669901,"Cluster_260"
"10542","M3","D14","GonFat",0.001407527,"Cluster_2355"
"10543","M3","D14","GonFat",0.003283082,"Cluster_1527"
"10544","M3","D14","GonFat",0.00646466,"Cluster_272"
"10545","M3","D14","GonFat",0.02382311,"Cluster_1274"
"10546","M3","D14","GonFat",0.04142696,"Cluster_1152"
"10547","M3","D14","GonFat",0.0007204991,"Cluster_4026"
"10548","M3","D14","GonFat",0.0009069866,"Cluster_4247"
"10549","M3","D14","GonFat",0.0005917892,"Cluster_4253"
"10550","M3","D14","GonFat",0.00158769,"Cluster_556"
"10551","M3","D14","GonFat",0.001015011,"Cluster_2943"
"10552","M3","D14","GonFat",0.1113756,"Cluster_1806"
"10553","M3","D14","GonFat",0.0007924681,"Cluster_3185"
"10554","M3","D14","GonFat",0.001929205,"Cluster_2013"
"10555","M3","D14","GonFat",0.02620892,"Cluster_1137"
"10556","M3","D14","GonFat",0.006431679,"Cluster_524"
"10557","M3","D14","GonFat",0.00235363,"Cluster_4054"
"10558","M3","D14","GonFat",0,"Cluster_442"
"10559","M3","D14","GonFat",0.01508409,"Cluster_1705"
"10560","M3","D14","GonFat",0.0009499458,"Cluster_3929"
"10561","M3","D14","GonFat",0.001841651,"Cluster_3851"
"10562","M3","D14","GonFat",0.001372779,"Cluster_603"
"10563","M3","D14","GonFat",0.002283879,"Cluster_2369"
"10564","M3","D14","GonFat",0.06354287,"Cluster_161"
"10565","M3","D14","GonFat",0.002791164,"Cluster_772"
"10566","M3","D14","GonFat",0,"Cluster_2269"
"10567","M3","D14","GonFat",0.002155673,"Cluster_2521"
"10568","M3","D14","GonFat",0.002072729,"Cluster_3431"
"10569","M3","D14","GonFat",0.0005533614,"Cluster_2050"
"10570","M3","D14","GonFat",0.001220588,"Cluster_774"
"10571","M3","D14","GonFat",0.001793926,"Cluster_949"
"10572","M3","D14","GonFat",0.002492747,"Cluster_2322"
"10573","M3","D14","GonFat",0.00204034,"Cluster_226"
"10574","M3","D14","GonFat",0.001485878,"Cluster_382"
"10575","M3","D14","GonFat",0.01810801,"Cluster_254"
"10576","M3","D14","GonFat",0.001590291,"Cluster_1417"
"10577","M3","D14","GonFat",0.001181315,"Cluster_3398"
"10578","M3","D14","GonFat",0.00219035,"Cluster_266"
"10579","M3","D14","GonFat",0.006421237,"Cluster_1426"
"10580","M3","D14","GonFat",0.001955771,"Cluster_578"
"10581","M3","D14","GonFat",0.000815873,"Cluster_3369"
"10582","M3","D14","GonFat",0.0009872611,"Cluster_4287"
"10583","M3","D14","GonFat",0.001065184,"Cluster_1126"
"10584","M3","D14","GonFat",0.0008770303,"Cluster_2321"
"10585","M3","D14","GonFat",0.001017001,"Cluster_976"
"10586","M3","D14","GonFat",0.01625527,"Cluster_128"
"10587","M3","D14","GonFat",0.002646653,"Cluster_2615"
"10588","M3","D14","GonFat",0.0004457633,"Cluster_4319"
"10589","M3","D14","GonFat",0.006226535,"Cluster_92"
"10590","M3","D14","GonFat",0.0003163482,"Cluster_1222"
"10591","M3","D14","GonFat",0.007723759,"Cluster_109"
"10592","M3","D14","GonFat",0.002047889,"Cluster_886"
"10593","M3","D14","GonFat",0.09550497,"Cluster_1545"
"10594","M3","D14","GonFat",0.009057711,"Cluster_353"
"10595","M3","D14","GonFat",0.005539207,"Cluster_91"
"10596","M3","D14","GonFat",0.001225849,"Cluster_2933"
"10597","M3","D14","GonFat",0.0005410644,"Cluster_1210"
"10598","M3","D14","GonFat",0.002141434,"Cluster_1062"
"10599","M3","D14","GonFat",0.001514284,"Cluster_448"
"10600","M3","D14","GonFat",0.004129176,"Cluster_994"
"10601","M3","D14","GonFat",0.03682216,"Cluster_2315"
"10602","M3","D14","GonFat",0.001276926,"Cluster_3071"
"10603","M3","D14","GonFat",0.0005685097,"Cluster_2819"
"10604","M3","D14","GonFat",0.001783053,"Cluster_1328"
"10605","M3","D14","GonFat",9.806793e-05,"Cluster_1340"
"10606","M3","D14","GonFat",0.09612278,"Cluster_2245"
"10607","M3","D14","GonFat",0.001753581,"Cluster_1060"
"10608","M3","D14","GonFat",0.001521505,"Cluster_2513"
"10609","M3","D14","GonFat",0.0009661865,"Cluster_965"
"10610","M3","D14","GonFat",0.05156846,"Cluster_107"
"10611","M3","D14","GonFat",0.005425815,"Cluster_712"
"10612","M3","D14","GonFat",0.02164943,"Cluster_18"
"10613","M3","D14","GonFat",0.01188145,"Cluster_2549"
"10614","M3","D14","GonFat",0.0006763306,"Cluster_2948"
"10615","M3","D14","GonFat",0.001393651,"Cluster_3415"
"10616","M3","D14","GonFat",0.0008447799,"Cluster_2772"
"10617","M3","D14","GonFat",0.03279776,"Cluster_2441"
"10618","M3","D14","GonFat",0.01516427,"Cluster_763"
"10619","M3","D14","GonFat",0.03948282,"Cluster_1571"
"10620","M3","D14","GonFat",0.003140378,"Cluster_740"
"10621","M3","D14","GonFat",0.00175983,"Cluster_1717"
"10622","M3","D14","GonFat",0.0009339803,"Cluster_99"
"10623","M3","D14","GonFat",0.003111771,"Cluster_1473"
"10624","M3","D14","GonFat",0.005276874,"Cluster_1084"
"10625","M3","D14","GonFat",0.001375856,"Cluster_1369"
"10626","M3","D14","GonFat",0.002440802,"Cluster_2884"
"10627","M3","D14","GonFat",0.00149424,"Cluster_773"
"10628","M3","D14","GonFat",0,"Cluster_3686"
"10629","M3","D14","GonFat",0.0008228139,"Cluster_3006"
"10630","M3","D14","GonFat",0.001050123,"Cluster_2133"
"10631","M3","D14","GonFat",0.001062587,"Cluster_1438"
"10632","M3","D14","GonFat",0.005545202,"Cluster_987"
"10633","M3","D14","GonFat",0.09181885,"Cluster_4"
"10634","M3","D14","GonFat",0.002095088,"Cluster_3667"
"10635","M3","D14","GonFat",0.0020307,"Cluster_2027"
"10636","M3","D14","GonFat",0.005884076,"Cluster_2954"
"10637","M3","D14","GonFat",0.0006476184,"Cluster_4178"
"10638","M3","D14","GonFat",0.003827041,"Cluster_1111"
"10639","M3","D14","GonFat",0.03394075,"Cluster_971"
"10640","M3","D14","GonFat",0.00190481,"Cluster_2354"
"10641","M3","D14","GonFat",0,"Cluster_2001"
"10642","M3","D14","GonFat",0.003032595,"Cluster_1025"
"10643","M3","D14","GonFat",0.000480511,"Cluster_4134"
"10644","M3","D14","GonFat",0.002062683,"Cluster_2357"
"10645","M3","D14","GonFat",0.02368541,"Cluster_409"
"10646","M3","D14","GonFat",0.006467713,"Cluster_591"
"10647","M3","D14","GonFat",0.003633197,"Cluster_1050"
"10648","M3","D14","GonFat",0,"Cluster_1119"
"10649","M3","D14","GonFat",0.002622747,"Cluster_887"
"10650","M3","D14","GonFat",0.002201525,"Cluster_1223"
"10651","M3","D14","GonFat",0.00622827,"Cluster_228"
"10652","M3","D14","GonFat",0.002083041,"Cluster_3531"
"10653","M3","D14","GonFat",0.0007139045,"Cluster_3414"
"10654","M3","D14","GonFat",0.00897547,"Cluster_1365"
"10655","M3","D14","GonFat",0.002003746,"Cluster_1224"
"10656","M3","D14","GonFat",0.05869,"Cluster_1963"
"10657","M3","D14","GonFat",0.00168357,"Cluster_1114"
"10658","M3","D14","GonFat",0.004419963,"Cluster_144"
"10659","M3","D14","GonFat",0.002028992,"Cluster_4104"
"10660","M3","D14","GonFat",0.001244708,"Cluster_1169"
"10661","M3","D14","GonFat",0.009407099,"Cluster_225"
"10662","M3","D14","GonFat",0.002945311,"Cluster_3743"
"10663","M3","D14","GonFat",0.0013085,"Cluster_1263"
"10664","M3","D14","GonFat",0.0006086975,"Cluster_4103"
"10665","M3","D14","GonFat",0.03425036,"Cluster_2305"
"10666","M3","D14","GonFat",0.002135058,"Cluster_2356"
"10667","M3","D14","GonFat",0.0008056133,"Cluster_1356"
"10668","M3","D14","GonFat",0.2552375,"Cluster_103"
"10669","M3","D14","GonFat",0.0002775507,"Cluster_1572"
"10670","M3","D14","GonFat",0.0007022148,"Cluster_2287"
"10671","M3","D14","GonFat",0.0007611242,"Cluster_276"
"10672","M3","D14","GonFat",0.008691868,"Cluster_414"
"10673","M3","D14","GonFat",0.001294717,"Cluster_4258"
"10674","M3","D14","GonFat",0.0008854892,"Cluster_1429"
"10675","M3","D14","GonFat",0.001872013,"Cluster_1151"
"10676","M3","D14","GonFat",0.001389296,"Cluster_3508"
"10677","M3","D14","GonFat",0.03445263,"Cluster_293"
"10678","M3","D14","GonFat",0.1358351,"Cluster_503"
"10679","M3","D14","GonFat",0.002221604,"Cluster_479"
"10680","M3","D14","GonFat",0.001190145,"Cluster_484"
"10681","M3","D14","GonFat",0.002591503,"Cluster_1076"
"10682","M3","D14","GonFat",0.00115374,"Cluster_1882"
"10683","M3","D14","GonFat",0.002161789,"Cluster_1880"
"10684","M3","D14","GonFat",0.02902382,"Cluster_20"
"10685","M3","D14","GonFat",0.001056687,"Cluster_3365"
"10686","M3","D14","GonFat",0,"Cluster_4214"
"10687","M3","D14","GonFat",0.001789077,"Cluster_352"
"10688","M3","D14","GonFat",0.009679237,"Cluster_1868"
"10689","M3","D14","GonFat",0.004284196,"Cluster_1209"
"10690","M3","D14","GonFat",0.004391101,"Cluster_3894"
"10691","M3","D14","GonFat",0.003228772,"Cluster_326"
"10692","M3","D14","GonFat",0.003194973,"Cluster_954"
"10693","M3","D14","GonFat",0.000508124,"Cluster_3081"
"10694","M3","D14","GonFat",0.02247912,"Cluster_403"
"10695","M3","D14","GonFat",0.0009389483,"Cluster_1178"
"10696","M3","D14","GonFat",0.0154668,"Cluster_1439"
"10697","M3","D14","GonFat",0.0008653053,"Cluster_3027"
"10698","M3","D14","GonFat",0.0007744753,"Cluster_3563"
"10699","M3","D14","GonFat",0.00104183,"Cluster_1072"
"10700","M3","D14","GonFat",0.03973473,"Cluster_833"
"10701","M3","D14","GonFat",0.001602831,"Cluster_1049"
"10702","M3","D14","GonFat",0.01395329,"Cluster_1909"
"10703","M3","D14","GonFat",0.0002467118,"Cluster_4308"
"10704","M3","D14","GonFat",0.00110788,"Cluster_3408"
"10705","M3","D14","GonFat",0.0005045296,"Cluster_283"
"10706","M3","D14","GonFat",0.006981322,"Cluster_69"
"10707","M3","D14","GonFat",0.02579718,"Cluster_3779"
"10708","M3","D14","GonFat",0.001317909,"Cluster_82"
"10709","M3","D14","GonFat",0.002093585,"Cluster_2469"
"10710","M3","D14","GonFat",0.001174551,"Cluster_64"
"10711","M3","D14","GonFat",0.001452858,"Cluster_1177"
"10712","M3","D14","GonFat",0.001332701,"Cluster_764"
"10713","M3","D14","GonFat",0.0007729492,"Cluster_2852"
"10714","M3","D14","GonFat",0.001388176,"Cluster_3344"
"10715","M3","D14","GonFat",0.007970461,"Cluster_1011"
"10716","M3","D14","GonFat",0.0253605,"Cluster_1123"
"10717","M3","D14","GonFat",0.001054663,"Cluster_2574"
"10718","M3","D14","GonFat",0.003689685,"Cluster_138"
"10719","M3","D14","GonFat",0.005976015,"Cluster_948"
"10720","M3","D14","GonFat",0.004723691,"Cluster_1586"
"10721","M3","D14","GonFat",0.002836802,"Cluster_2267"
"10722","M3","D14","GonFat",0.006071246,"Cluster_2394"
"10723","M3","D14","GonFat",0.001322911,"Cluster_1929"
"10724","M3","D14","GonFat",0.01192304,"Cluster_468"
"10725","M3","D14","GonFat",0.001501519,"Cluster_3261"
"10726","M3","D14","GonFat",0,"Cluster_4297"
"10727","M3","D14","GonFat",0.001711563,"Cluster_2411"
"10728","M3","D14","GonFat",0.007318283,"Cluster_2235"
"10729","M3","D14","GonFat",0.007997773,"Cluster_871"
"10730","M3","D14","GonFat",0.002272976,"Cluster_818"
"10731","M3","D14","GonFat",0.0007558222,"Cluster_401"
"10732","M3","D14","GonFat",0.000977526,"Cluster_4285"
"10733","M3","D14","GonFat",0.001750817,"Cluster_3045"
"10734","M3","D14","GonFat",0.001289782,"Cluster_2259"
"10735","M3","D14","GonFat",0.001709068,"Cluster_1451"
"10736","M3","D14","GonFat",0.003676632,"Cluster_878"
"10737","M3","D14","GonFat",0.002451698,"Cluster_3283"
"10738","M3","D14","GonFat",0.01588289,"Cluster_888"
"10739","M3","D14","GonFat",0.0006129246,"Cluster_3876"
"10740","M3","D14","GonFat",0.007075879,"Cluster_480"
"10741","M3","D14","GonFat",0.005922108,"Cluster_728"
"10742","M3","D14","GonFat",0.001503559,"Cluster_1622"
"10743","M3","D14","GonFat",0.003512881,"Cluster_2454"
"10744","M3","D14","GonFat",0.001038893,"Cluster_3262"
"10745","M3","D14","GonFat",0.003174596,"Cluster_782"
"10746","M3","D14","GonFat",0.001081213,"Cluster_3436"
"10747","M3","D14","GonFat",0.006585067,"Cluster_525"
"10748","M3","D14","Heart",0.007053264,"Cluster_3355"
"10749","M3","D14","Heart",0.331527,"Cluster_232"
"10750","M3","D14","Heart",0.01277996,"Cluster_1701"
"10751","M3","D14","Heart",0.01650255,"Cluster_648"
"10752","M3","D14","Heart",0.005698137,"Cluster_277"
"10753","M3","D14","Heart",0.002588896,"Cluster_3066"
"10754","M3","D14","Heart",0.01881728,"Cluster_906"
"10755","M3","D14","Heart",0.004947027,"Cluster_1328"
"10756","M3","D14","Heart",0.005767986,"Cluster_694"
"10757","M3","D14","Heart",0.5737916,"Cluster_12"
"10758","M3","D14","Heart",0.01050264,"Cluster_1848"
"10759","M3","D14","Heart",0.009655264,"Cluster_667"
"10760","M3","D14","Heart",0.002397963,"Cluster_928"
"10761","M3","D14","Heart",0.0004569806,"Cluster_3248"
"10762","M3","D14","Heart",0.0009931231,"Cluster_984"
"10763","M3","D14","Heart",0.06041956,"Cluster_34"
"10764","M3","D14","Heart",0.0006071077,"Cluster_3312"
"10765","M3","D14","Heart",0.0508307,"Cluster_633"
"10766","M3","D14","Heart",1.90942,"Cluster_1231"
"10767","M3","D14","Heart",0.002491726,"Cluster_99"
"10768","M3","D14","Heart",0.0005733029,"Cluster_4091"
"10769","M3","D14","Heart",0.003266897,"Cluster_1115"
"10770","M3","D14","Heart",0.00644529,"Cluster_1228"
"10771","M3","D14","Heart",0.009711596,"Cluster_1653"
"10772","M3","D14","Heart",0.2452776,"Cluster_1545"
"10773","M3","D14","Heart",0.004233587,"Cluster_3127"
"10774","M3","D14","Heart",0,"Cluster_1183"
"10775","M3","D14","Heart",0.003320682,"Cluster_1044"
"10776","M3","D14","Heart",0.001990164,"Cluster_4334"
"10777","M3","D14","Heart",0.01010474,"Cluster_98"
"10778","M3","D14","Heart",0,"Cluster_2201"
"10779","M3","D14","Heart",0.01291296,"Cluster_943"
"10780","M3","D14","Heart",0,"Cluster_2975"
"10781","M3","D14","Heart",0.02436326,"Cluster_59"
"10782","M3","D14","Heart",0,"Cluster_3901"
"10783","M3","D14","Heart",0.06945228,"Cluster_1909"
"10784","M3","D14","Heart",0.04481163,"Cluster_763"
"10785","M3","D14","Heart",0.003205012,"Cluster_3014"
"10786","M3","D14","Heart",0.001675942,"Cluster_3132"
"10787","M3","D14","Heart",0.001106374,"Cluster_572"
"10788","M3","D14","Heart",0.002895122,"Cluster_2478"
"10789","M3","D14","Heart",17.08305,"Cluster_26"
"10790","M3","D14","Heart",0.006252737,"Cluster_45"
"10791","M3","D14","Heart",0.01285757,"Cluster_1180"
"10792","M3","D14","Heart",0.009163046,"Cluster_1096"
"10793","M3","D14","Heart",0.01089591,"Cluster_987"
"10794","M3","D14","Heart",0.01257654,"Cluster_793"
"10795","M3","D14","Heart",0.003962995,"Cluster_1847"
"10796","M3","D14","Heart",0.04357223,"Cluster_1032"
"10797","M3","D14","Heart",0.006277796,"Cluster_589"
"10798","M3","D14","Heart",0.003057086,"Cluster_1962"
"10799","M3","D14","Heart",0.009405416,"Cluster_2025"
"10800","M3","D14","Heart",0.199989,"Cluster_54"
"10801","M3","D14","Heart",0.007832521,"Cluster_717"
"10802","M3","D14","Heart",0.006287563,"Cluster_3591"
"10803","M3","D14","Heart",0.002732186,"Cluster_628"
"10804","M3","D14","Heart",0.0003161068,"Cluster_4041"
"10805","M3","D14","Heart",0.2638027,"Cluster_156"
"10806","M3","D14","Heart",0.0009139611,"Cluster_4042"
"10807","M3","D14","Heart",0.006886224,"Cluster_62"
"10808","M3","D14","Heart",0.03217634,"Cluster_206"
"10809","M3","D14","Heart",0,"Cluster_2199"
"10810","M3","D14","Heart",0.001381194,"Cluster_1707"
"10811","M3","D14","Heart",0.005439466,"Cluster_1209"
"10812","M3","D14","Heart",0.002303048,"Cluster_1892"
"10813","M3","D14","Heart",0.009832704,"Cluster_1472"
"10814","M3","D14","Heart",0.002212748,"Cluster_3961"
"10815","M3","D14","Heart",0.1209841,"Cluster_591"
"10816","M3","D14","Heart",0.01213151,"Cluster_254"
"10817","M3","D14","Heart",0.004143583,"Cluster_3590"
"10818","M3","D14","Heart",0.06971536,"Cluster_2245"
"10819","M3","D14","Heart",0,"Cluster_3524"
"10820","M3","D14","Heart",0.006020399,"Cluster_724"
"10821","M3","D14","Heart",0.002580208,"Cluster_4028"
"10822","M3","D14","Heart",0.006045605,"Cluster_2393"
"10823","M3","D14","Heart",0.0009929324,"Cluster_2124"
"10824","M3","D14","Heart",0.001959462,"Cluster_2100"
"10825","M3","D14","Heart",0.004723844,"Cluster_1181"
"10826","M3","D14","Heart",0.002916499,"Cluster_2329"
"10827","M3","D14","Heart",0.7168088,"Cluster_1989"
"10828","M3","D14","Heart",0.01743326,"Cluster_107"
"10829","M3","D14","Heart",0.00708096,"Cluster_1829"
"10830","M3","D14","Heart",0,"Cluster_3588"
"10831","M3","D14","Heart",0.01396093,"Cluster_3818"
"10832","M3","D14","Heart",0.01525238,"Cluster_359"
"10833","M3","D14","Heart",0.0008211369,"Cluster_1729"
"10834","M3","D14","Heart",0.003244307,"Cluster_2321"
"10835","M3","D14","Heart",30.4981,"Cluster_1831"
"10836","M3","D14","Heart",0.2089247,"Cluster_21"
"10837","M3","D14","Heart",0.7425359,"Cluster_6"
"10838","M3","D14","Heart",0.01045911,"Cluster_2261"
"10839","M3","D14","Heart",0.0009809849,"Cluster_1064"
"10840","M3","D14","Heart",0.00125177,"Cluster_3747"
"10841","M3","D14","Heart",0.004913423,"Cluster_4029"
"10842","M3","D14","Heart",0.003065578,"Cluster_3437"
"10843","M3","D14","Heart",1.746137,"Cluster_1274"
"10844","M3","D14","Heart",0.6114374,"Cluster_978"
"10845","M3","D14","Heart",0.01328027,"Cluster_432"
"10846","M3","D14","Heart",0.006919883,"Cluster_2537"
"10847","M3","D14","Heart",0,"Cluster_4027"
"10848","M3","D14","Heart",0.001894676,"Cluster_2265"
"10849","M3","D14","Heart",0.001750533,"Cluster_472"
"10850","M3","D14","Heart",0.001711372,"Cluster_1224"
"10851","M3","D14","Heart",0.002767484,"Cluster_2289"
"10852","M3","D14","Heart",0.003551666,"Cluster_2793"
"10853","M3","D14","Heart",0.01131684,"Cluster_2808"
"10854","M3","D14","Heart",0.006344552,"Cluster_1254"
"10855","M3","D14","Heart",0.3362556,"Cluster_128"
"10856","M3","D14","Heart",0.05187557,"Cluster_357"
"10857","M3","D14","Heart",0.006243448,"Cluster_1347"
"10858","M3","D14","Heart",0.03394821,"Cluster_525"
"10859","M3","D14","Heart",0.002824711,"Cluster_2616"
"10860","M3","D14","Heart",0.03252648,"Cluster_1202"
"10861","M3","D14","Heart",0.1624444,"Cluster_409"
"10862","M3","D14","Heart",0.01293285,"Cluster_14"
"10863","M3","D14","Heart",0.001041348,"Cluster_2360"
"10864","M3","D14","Heart",0.00923357,"Cluster_1981"
"10865","M3","D14","Heart",0.1246491,"Cluster_39"
"10866","M3","D14","Heart",0.01009317,"Cluster_1810"
"10867","M3","D14","Heart",0,"Cluster_3508"
"10868","M3","D14","Heart",0.9224564,"Cluster_1088"
"10869","M3","D14","Heart",0.01102646,"Cluster_1332"
"10870","M3","D14","Heart",0.002467628,"Cluster_1860"
"10871","M3","D14","Heart",0.6731233,"Cluster_1830"
"10872","M3","D14","Heart",0.004288186,"Cluster_436"
"10873","M3","D14","Heart",0.001287366,"Cluster_1581"
"10874","M3","D14","Heart",0.01280596,"Cluster_3415"
"10875","M3","D14","Heart",0.001149741,"Cluster_1249"
"10876","M3","D14","Heart",0.01030143,"Cluster_1125"
"10877","M3","D14","Heart",0.001787672,"Cluster_2043"
"10878","M3","D14","Heart",0,"Cluster_1614"
"10879","M3","D14","Heart",0.004814559,"Cluster_619"
"10880","M3","D14","Heart",2.729809,"Cluster_424"
"10881","M3","D14","Heart",0.04431663,"Cluster_84"
"10882","M3","D14","Heart",0.001179134,"Cluster_3451"
"10883","M3","D14","Heart",0.005484519,"Cluster_1714"
"10884","M3","D14","Heart",0.009377916,"Cluster_1740"
"10885","M3","D14","Heart",0.04529401,"Cluster_221"
"10886","M3","D14","Heart",0.1548569,"Cluster_151"
"10887","M3","D14","Heart",0.002509983,"Cluster_3900"
"10888","M3","D14","Heart",0.009736091,"Cluster_69"
"10889","M3","D14","Heart",0.005965449,"Cluster_1942"
"10890","M3","D14","Heart",0.01120156,"Cluster_1089"
"10891","M3","D14","Heart",0.01275861,"Cluster_691"
"10892","M3","D14","Heart",0.001643913,"Cluster_705"
"10893","M3","D14","Heart",0.001792497,"Cluster_1930"
"10894","M3","D14","Heart",0.002868885,"Cluster_3668"
"10895","M3","D14","Heart",0.001295064,"Cluster_2246"
"10896","M3","D14","Heart",0.06941389,"Cluster_64"
"10897","M3","D14","Heart",0.008527156,"Cluster_819"
"10898","M3","D14","Heart",0.06955209,"Cluster_1325"
"10899","M3","D14","Heart",0.002253809,"Cluster_364"
"10900","M3","D14","Heart",0.03088069,"Cluster_265"
"10901","M3","D14","Heart",0.002340524,"Cluster_927"
"10902","M3","D14","Heart",0.006950774,"Cluster_937"
"10903","M3","D14","Heart",0.001033825,"Cluster_875"
"10904","M3","D14","Heart",3.128501,"Cluster_338"
"10905","M3","D14","Heart",0.008206764,"Cluster_2026"
"10906","M3","D14","Heart",0,"Cluster_3587"
"10907","M3","D14","Heart",0.08315702,"Cluster_315"
"10908","M3","D14","Heart",0.005396691,"Cluster_225"
"10909","M3","D14","Heart",0.002557273,"Cluster_2421"
"10910","M3","D14","Heart",0.003644221,"Cluster_445"
"10911","M3","D14","Heart",0.1012734,"Cluster_363"
"10912","M3","D14","Heart",0.003406405,"Cluster_3895"
"10913","M3","D14","Heart",0.009140255,"Cluster_814"
"10914","M3","D14","Heart",1.298189,"Cluster_1537"
"10915","M3","D14","Heart",0.04929334,"Cluster_588"
"10916","M3","D14","Heart",0.003045045,"Cluster_1112"
"10917","M3","D14","Heart",0.0009480464,"Cluster_2802"
"10918","M3","D14","Heart",0.00259447,"Cluster_907"
"10919","M3","D14","Heart",0.008921611,"Cluster_1855"
"10920","M3","D14","Heart",0.005111465,"Cluster_2378"
"10921","M3","D14","Heart",0.002659044,"Cluster_18"
"10922","M3","D14","Heart",0.002867247,"Cluster_2186"
"10923","M3","D14","Heart",0.003692897,"Cluster_2710"
"10924","M3","D14","Heart",0.002280307,"Cluster_443"
"10925","M3","D14","Heart",0.007216418,"Cluster_333"
"10926","M3","D14","Heart",0,"Cluster_791"
"10927","M3","D14","Heart",0.0630794,"Cluster_1571"
"10928","M3","D14","Heart",0.0459802,"Cluster_153"
"10929","M3","D14","Heart",0,"Cluster_3586"
"10930","M3","D14","Heart",0.007504276,"Cluster_1050"
"10931","M3","D14","Heart",0.002463411,"Cluster_843"
"10932","M3","D14","Heart",0.005827942,"Cluster_1679"
"10933","M3","D14","Heart",0.002874038,"Cluster_878"
"10934","M3","D14","Heart",0.001171908,"Cluster_857"
"10935","M3","D14","Heart",0.1621887,"Cluster_825"
"10936","M3","D14","Heart",0.1486217,"Cluster_103"
"10937","M3","D14","Heart",0.0006975613,"Cluster_1742"
"10938","M3","D14","Heart",0.9486523,"Cluster_303"
"10939","M3","D14","Heart",0.03571233,"Cluster_509"
"10940","M3","D14","Heart",0.3206406,"Cluster_264"
"10941","M3","D14","Heart",0.009583151,"Cluster_813"
"10942","M3","D14","Heart",0.1097034,"Cluster_2267"
"10943","M3","D14","Heart",0.006343027,"Cluster_673"
"10944","M3","D14","Heart",0.004952254,"Cluster_2441"
"10945","M3","D14","Heart",0.02283117,"Cluster_1152"
"10946","M3","D14","Heart",0.00694557,"Cluster_1562"
"10947","M3","D14","Heart",0.008457116,"Cluster_1719"
"10948","M3","D14","Heart",0.003950275,"Cluster_712"
"10949","M3","D14","Heart",0.002222104,"Cluster_4180"
"10950","M3","D14","Heart",0,"Cluster_2730"
"10951","M3","D14","Heart",0.002357507,"Cluster_1980"
"10952","M3","D14","Heart",0.005474246,"Cluster_2062"
"10953","M3","D14","Heart",0.004396965,"Cluster_479"
"10954","M3","D14","Heart",0.01382297,"Cluster_1363"
"10955","M3","D14","Heart",0.08607852,"Cluster_294"
"10956","M3","D14","Heart",0.001681688,"Cluster_3669"
"10957","M3","D14","Heart",0.01485187,"Cluster_63"
"10958","M3","D14","Heart",0.008281041,"Cluster_1435"
"10959","M3","D14","Heart",0.633913,"Cluster_2305"
"10960","M3","D14","Heart",0.0115277,"Cluster_43"
"10961","M3","D14","Heart",0.004440204,"Cluster_1595"
"10962","M3","D14","Heart",0.01688037,"Cluster_290"
"10963","M3","D14","Heart",0.002773892,"Cluster_93"
"10964","M3","D14","Heart",0.002609405,"Cluster_2000"
"10965","M3","D14","Heart",0.03419673,"Cluster_853"
"10966","M3","D14","Heart",0.007227447,"Cluster_1386"
"10967","M3","D14","Heart",0.008012143,"Cluster_872"
"10968","M3","D14","Heart",0.002640171,"Cluster_2235"
"10969","M3","D14","Heart",0.1197234,"Cluster_340"
"10970","M3","D14","Heart",0.008376831,"Cluster_246"
"10971","M3","D14","Heart",0.04512877,"Cluster_1963"
"10972","M3","D14","Heart",0.001471775,"Cluster_453"
"10973","M3","D14","Heart",0.002297008,"Cluster_534"
"10974","M3","D14","Heart",0.006921867,"Cluster_1811"
"10975","M3","D14","Heart",0.004470189,"Cluster_1904"
"10976","M3","D14","Heart",0.00219395,"Cluster_864"
"10977","M3","D14","Heart",0.003216832,"Cluster_3878"
"10978","M3","D14","Heart",0.084271,"Cluster_1613"
"10979","M3","D14","Heart",0,"Cluster_3525"
"10980","M3","D14","Heart",0.004101679,"Cluster_2488"
"10981","M3","D14","Heart",0.007455761,"Cluster_56"
"10982","M3","D14","Heart",0.03562923,"Cluster_119"
"10983","M3","D14","Heart",0.009196734,"Cluster_161"
"10984","M3","D14","Heart",0.05984182,"Cluster_293"
"10985","M3","D14","Heart",0.003609045,"Cluster_2202"
"10986","M3","D14","Heart",3.887943,"Cluster_809"
"10987","M3","D14","Heart",0.02208998,"Cluster_602"
"10988","M3","D14","Heart",0.01074225,"Cluster_72"
"10989","M3","D14","Heart",0.002002727,"Cluster_106"
"10990","M3","D14","Heart",0.1795482,"Cluster_826"
"10991","M3","D14","Heart",0.2251555,"Cluster_647"
"10992","M3","D14","Heart",0.001368327,"Cluster_565"
"10993","M3","D14","Heart",0.004704024,"Cluster_3634"
"10994","M3","D14","Heart",0.03554532,"Cluster_8"
"10995","M3","D14","Heart",0.001756941,"Cluster_196"
"10996","M3","D14","Heart",0.003575018,"Cluster_2652"
"10997","M3","D14","Heart",0.004725675,"Cluster_2499"
"10998","M3","D14","Heart",0.001422481,"Cluster_877"
"10999","M3","D14","Heart",0.005070417,"Cluster_2215"
"11000","M3","D14","Heart",0.03197213,"Cluster_437"
"11001","M3","D14","Heart",0.002148968,"Cluster_593"
"11002","M3","D14","Heart",0.01961285,"Cluster_893"
"11003","M3","D14","Heart",0.002297506,"Cluster_3732"
"11004","M3","D14","Heart",0.01029309,"Cluster_1182"
"11005","M3","D14","Heart",0.005499708,"Cluster_1866"
"11006","M3","D14","Heart",0.1311129,"Cluster_362"
"11007","M3","D14","Heart",0.01259692,"Cluster_1652"
"11008","M3","D14","Heart",0.1371451,"Cluster_480"
"11009","M3","D14","Heart",0.009604471,"Cluster_1036"
"11010","M3","D14","Heart",0.001478549,"Cluster_741"
"11011","M3","D14","Heart",0.05166818,"Cluster_87"
"11012","M3","D14","Heart",0.001350754,"Cluster_466"
"11013","M3","D14","Heart",0.3877297,"Cluster_2315"
"11014","M3","D14","Heart",0.002560151,"Cluster_1960"
"11015","M3","D14","Heart",0.02071378,"Cluster_272"
"11016","M3","D14","Heart",0.002647102,"Cluster_1774"
"11017","M3","D14","Heart",0.002335678,"Cluster_2019"
"11018","M3","D14","Heart",0.001667613,"Cluster_1828"
"11019","M3","D14","Heart",0,"Cluster_2737"
"11020","M3","D14","Heart",0.001435588,"Cluster_1921"
"11021","M3","D14","Heart",0.04018522,"Cluster_491"
"11022","M3","D14","Heart",0.001397173,"Cluster_2295"
"11023","M3","D14","Heart",0.005743631,"Cluster_941"
"11024","M3","D14","Heart",0.03467181,"Cluster_524"
"11025","M3","D14","Heart",0.005221028,"Cluster_228"
"11026","M3","D14","Heart",0.005268447,"Cluster_1369"
"11027","M3","D14","Heart",0.004239551,"Cluster_2277"
"11028","M3","D14","Heart",0.001454988,"Cluster_345"
"11029","M3","D14","Heart",0.002161194,"Cluster_2060"
"11030","M3","D14","Heart",0.01355919,"Cluster_650"
"11031","M3","D14","Heart",0.2671264,"Cluster_88"
"11032","M3","D14","Heart",0.006762604,"Cluster_1922"
"11033","M3","D14","Heart",0.01856181,"Cluster_634"
"11034","M3","D14","Heart",0.005453589,"Cluster_920"
"11035","M3","D14","Heart",0.01205688,"Cluster_949"
"11036","M3","D14","Heart",0.003118912,"Cluster_3027"
"11037","M3","D14","Heart",0.009238299,"Cluster_740"
"11038","M3","D14","Heart",0.00407682,"Cluster_3672"
"11039","M3","D14","Heart",1.731339,"Cluster_469"
"11040","M3","D14","Heart",0.00425208,"Cluster_1620"
"11041","M3","D14","Heart",0.003664379,"Cluster_739"
"11042","M3","D14","Heart",0.007548551,"Cluster_429"
"11043","M3","D14","Heart",0,"Cluster_2745"
"11044","M3","D14","Heart",0.006985069,"Cluster_2322"
"11045","M3","D14","Heart",0.1468545,"Cluster_86"
"11046","M3","D14","Heart",0.8257042,"Cluster_50"
"11047","M3","D14","Heart",0.006098716,"Cluster_3848"
"11048","M3","D14","Heart",0.08078643,"Cluster_696"
"11049","M3","D14","Heart",0.5690826,"Cluster_248"
"11050","M3","D14","Heart",0,"Cluster_2138"
"11051","M3","D14","Heart",0.009070751,"Cluster_1752"
"11052","M3","D14","Heart",0.02550043,"Cluster_138"
"11053","M3","D14","Heart",0.002335678,"Cluster_2477"
"11054","M3","D14","Heart",0.001490643,"Cluster_1030"
"11055","M3","D14","Heart",0.017436,"Cluster_97"
"11056","M3","D14","Heart",0.001086362,"Cluster_2500"
"11057","M3","D14","Heart",0.00301343,"Cluster_4140"
"11058","M3","D14","Heart",0.05021864,"Cluster_200"
"11059","M3","D14","Heart",0.001903145,"Cluster_640"
"11060","M3","D14","Heart",0.01063348,"Cluster_790"
"11061","M3","D14","Heart",0.004204221,"Cluster_517"
"11062","M3","D14","Heart",0.00179327,"Cluster_2998"
"11063","M3","D14","Heart",0.01329276,"Cluster_4170"
"11064","M3","D14","Heart",1.494907,"Cluster_327"
"11065","M3","D14","Heart",0.005094635,"Cluster_1807"
"11066","M3","D14","Heart",0.006640113,"Cluster_622"
"11067","M3","D14","Heart",0.001000224,"Cluster_2605"
"11068","M3","D14","Heart",0.009009045,"Cluster_1409"
"11069","M3","D14","Heart",0,"Cluster_3838"
"11070","M3","D14","Heart",0.001438707,"Cluster_36"
"11071","M3","D14","Heart",0.001176311,"Cluster_3789"
"11072","M3","D14","Heart",0.02084833,"Cluster_859"
"11073","M3","D14","Heart",0.0007764293,"Cluster_158"
"11074","M3","D14","Heart",0.001581856,"Cluster_2929"
"11075","M3","D14","Heart",0.007114454,"Cluster_199"
"11076","M3","D14","Heart",0.002083989,"Cluster_1138"
"11077","M3","D14","Heart",0.002308676,"Cluster_2880"
"11078","M3","D14","Heart",0.01404636,"Cluster_360"
"11079","M3","D14","Heart",0.00279536,"Cluster_3058"
"11080","M3","D14","Heart",0.1054536,"Cluster_493"
"11081","M3","D14","Heart",0.0007219022,"Cluster_2405"
"11082","M3","D14","Heart",8.718593,"Cluster_504"
"11083","M3","D14","Heart",0.004666223,"Cluster_1718"
"11084","M3","D14","Heart",0.009144692,"Cluster_986"
"11085","M3","D14","Heart",0.001241947,"Cluster_369"
"11086","M3","D14","Heart",0.002398381,"Cluster_2936"
"11087","M3","D14","Heart",0.009759799,"Cluster_918"
"11088","M3","D14","Heart",0.523405,"Cluster_261"
"11089","M3","D14","Heart",0.009417575,"Cluster_617"
"11090","M3","D14","Heart",0.002707959,"Cluster_1139"
"11091","M3","D14","Heart",0.03941457,"Cluster_439"
"11092","M3","D14","Heart",0.001757862,"Cluster_1077"
"11093","M3","D14","Heart",0.005462177,"Cluster_3898"
"11094","M3","D14","Heart",0.05940458,"Cluster_1011"
"11095","M3","D14","Heart",0.002897646,"Cluster_2377"
"11096","M3","D14","Heart",0.08537843,"Cluster_23"
"11097","M3","D14","Heart",0.01133659,"Cluster_1289"
"11098","M3","D14","Heart",0.01218948,"Cluster_372"
"11099","M3","D14","Heart",0.004442605,"Cluster_1454"
"11100","M3","D14","Heart",0.01784693,"Cluster_467"
"11101","M3","D14","Heart",0.04019006,"Cluster_240"
"11102","M3","D14","Heart",0.003528723,"Cluster_2773"
"11103","M3","D14","Heart",0.008200826,"Cluster_68"
"11104","M3","D14","Heart",0.002942663,"Cluster_886"
"11105","M3","D14","Heart",0.0009228778,"Cluster_2139"
"11106","M3","D14","Heart",0.003897756,"Cluster_595"
"11107","M3","D14","Heart",0.008318512,"Cluster_529"
"11108","M3","D14","Heart",0.004263715,"Cluster_535"
"11109","M3","D14","Heart",0.002267978,"Cluster_2311"
"11110","M3","D14","Heart",0.9593709,"Cluster_1123"
"11111","M3","D14","Heart",0.8299556,"Cluster_662"
"11112","M3","D14","Heart",0.001020809,"Cluster_3104"
"11113","M3","D14","Heart",2.396349,"Cluster_215"
"11114","M3","D14","Heart",0.158114,"Cluster_532"
"11115","M3","D14","Heart",0.005213099,"Cluster_1585"
"11116","M3","D14","Heart",0.002921315,"Cluster_1515"
"11117","M3","D14","Heart",0.0007473319,"Cluster_3252"
"11118","M3","D14","Heart",0.004639453,"Cluster_1592"
"11119","M3","D14","Heart",0.001029249,"Cluster_2893"
"11120","M3","D14","Heart",0.001737016,"Cluster_2236"
"11121","M3","D14","Heart",0.007007035,"Cluster_3589"
"11122","M3","D14","Heart",0,"Cluster_3899"
"11123","M3","D14","Heart",0,"Cluster_2761"
"11124","M3","D14","Heart",0.4341405,"Cluster_503"
"11125","M3","D14","Heart",0.0008518958,"Cluster_2287"
"11126","M3","D14","Heart",0.009297797,"Cluster_164"
"11127","M3","D14","Heart",0.01864843,"Cluster_1137"
"11128","M3","D14","Heart",0.001388186,"Cluster_4090"
"11129","M3","D14","Heart",0.01092969,"Cluster_1414"
"11130","M3","D14","Heart",0.002957743,"Cluster_1303"
"11131","M3","D14","Heart",0.01153241,"Cluster_2278"
"11132","M3","D14","Heart",0.01096824,"Cluster_1705"
"11133","M3","D14","Heart",0.006739841,"Cluster_1253"
"11134","M3","D14","Heart",0.001879585,"Cluster_3756"
"11135","M3","D14","Heart",0.002351786,"Cluster_1654"
"11136","M3","D14","Heart",0.003319122,"Cluster_624"
"11137","M3","D14","Heart",0.001902772,"Cluster_1029"
"11138","M3","D14","Heart",0.008101157,"Cluster_1776"
"11139","M3","D14","Heart",0.003174328,"Cluster_712"
"11140","M3","D14","Heart",0.00464011,"Cluster_1408"
"11141","M3","D14","Heart",0.0009021934,"Cluster_1128"
"11142","M3","D14","Heart",0.00308773,"Cluster_3472"
"11143","M3","D14","Heart",0.003912318,"Cluster_3443"
"11144","M3","D14","Heart",0.02769673,"Cluster_376"
"11145","M3","D14","Heart",0.08544354,"Cluster_606"
"11146","M3","D14","Heart",0.004348706,"Cluster_537"
"11147","M3","D14","Heart",0.01464927,"Cluster_403"
"11148","M3","D14","Heart",0.001419146,"Cluster_1685"
"11149","M3","D14","Heart",0.001835176,"Cluster_1042"
"11150","M3","D14","Heart",0.003390985,"Cluster_1483"
"11151","M3","D14","Heart",4.429139,"Cluster_19"
"11152","M3","D14","Heart",0,"Cluster_2973"
"11153","M3","D14","Heart",0.04204221,"Cluster_946"
"11154","M3","D14","Heart",0.004239551,"Cluster_2200"
"11155","M3","D14","Heart",0.04217739,"Cluster_66"
"11156","M3","D14","Heart",0.006052305,"Cluster_1506"
"11157","M3","D14","Heart",0.002487705,"Cluster_3806"
"11158","M3","D14","Heart",0,"Cluster_3523"
"11159","M3","D14","Heart",0.2904859,"Cluster_1678"
"11160","M3","D14","Heart",0.001135718,"Cluster_728"
"11161","M3","D14","Heart",0.001440841,"Cluster_447"
"11162","M3","D14","Heart",0.001948298,"Cluster_3483"
"11163","M3","D14","Lung",0.003350271,"Cluster_853"
"11164","M3","D14","Lung",0.005266845,"Cluster_826"
"11165","M3","D14","Lung",0.004947364,"Cluster_87"
"11166","M3","D14","Lung",0.0009272971,"Cluster_329"
"11167","M3","D14","Lung",0.002771588,"Cluster_634"
"11168","M3","D14","Lung",0.01047789,"Cluster_21"
"11169","M3","D14","Lung",0.002838162,"Cluster_1024"
"11170","M3","D14","Lung",0.006131431,"Cluster_103"
"11171","M3","D14","Lung",0.01601154,"Cluster_315"
"11172","M3","D14","Lung",0.004988396,"Cluster_128"
"11173","M3","D14","Lung",0.005942705,"Cluster_9"
"11174","M3","D14","Lung",0.00433395,"Cluster_663"
"11175","M3","D14","Lung",0.01277998,"Cluster_161"
"11176","M3","D14","Lung",0.002801578,"Cluster_1909"
"11177","M3","D14","Lung",0.004581233,"Cluster_327"
"11178","M3","D14","Lung",0.01305931,"Cluster_532"
"11179","M3","D14","Lung",0.005369612,"Cluster_699"
"11180","M3","D14","Lung",0.003921754,"Cluster_86"
"11181","M3","D14","Lung",0.02313617,"Cluster_2245"
"11182","M3","D14","Lung",0.1330833,"Cluster_81"
"11183","M3","D14","Lung",0.007763274,"Cluster_809"
"11184","M3","D14","Lung",0.006095409,"Cluster_297"
"11185","M3","D14","Lung",0.001259951,"Cluster_960"
"11186","M3","D14","Lung",0.722278,"Cluster_1274"
"11187","M3","D14","Lung",0.001763175,"Cluster_20"
"11188","M3","D14","Lung",6.022983,"Cluster_215"
"11189","M3","D14","Lung",0.001083122,"Cluster_1099"
"11190","M3","D14","Lung",0.001114875,"Cluster_233"
"11191","M3","D14","Lung",0.003170781,"Cluster_290"
"11192","M3","D14","Lung",20.49353,"Cluster_662"
"11193","M3","D14","Lung",0.01053203,"Cluster_1123"
"11194","M3","D14","Lung",0.05121196,"Cluster_50"
"11195","M3","D14","Lung",0.1991121,"Cluster_1678"
"11196","M3","D14","Lung",0.001461936,"Cluster_98"
"11197","M3","D14","Lung",0.001682646,"Cluster_3839"
"11198","M3","D14","Lung",0.02108533,"Cluster_4"
"11199","M3","D14","Lung",0.00905967,"Cluster_248"
"11200","M3","D14","Lung",0.002430778,"Cluster_943"
"11201","M3","D14","Lung",0.00369838,"Cluster_84"
"11202","M3","D14","Lung",0.08965586,"Cluster_264"
"11203","M3","D14","Lung",0.0009454104,"Cluster_1614"
"11204","M3","D14","Lung",0.001104635,"Cluster_66"
"11205","M3","D14","Lung",0.001936669,"Cluster_491"
"11206","M3","D14","Lung",0.004668647,"Cluster_615"
"11207","M3","D14","Lung",0.001391981,"Cluster_47"
"11208","M3","D14","Lung",0.008755318,"Cluster_1060"
"11209","M3","D14","Lung",0.005675358,"Cluster_1571"
"11210","M3","D14","Lung",0.001037557,"Cluster_624"
"11211","M3","D14","Lung",0.007923825,"Cluster_119"
"11212","M3","D14","Lung",0.005777218,"Cluster_39"
"11213","M3","D14","Lung",0.00362131,"Cluster_88"
"11214","M3","D14","Lung",0.006952505,"Cluster_606"
"11215","M3","D14","Lung",0.03895814,"Cluster_1537"
"11216","M3","D14","Lung",14.36325,"Cluster_56"
"11217","M3","D14","Lung",0.002504934,"Cluster_27"
"11218","M3","D14","Lung",0.01639251,"Cluster_2315"
"11219","M3","D14","Lung",0.0005415608,"Cluster_4136"
"11220","M3","D14","Lung",0.5841971,"Cluster_293"
"11221","M3","D14","Lung",0.001147608,"Cluster_1989"
"11222","M3","D14","Lung",0.002089235,"Cluster_888"
"11223","M3","D14","Lung",0.03138649,"Cluster_26"
"11224","M3","D14","Lung",0.003686348,"Cluster_3038"
"11225","M3","D14","Lung",0.003047547,"Cluster_404"
"11226","M3","D14","Lung",0.00187332,"Cluster_591"
"11227","M3","D14","Lung",0.004149246,"Cluster_792"
"11228","M3","D14","Lung",0.002362149,"Cluster_340"
"11229","M3","D14","Lung",0.001887431,"Cluster_712"
"11230","M3","D14","Lung",0.002096159,"Cluster_2278"
"11231","M3","D14","Lung",1.482553,"Cluster_469"
"11232","M3","D14","Lung",0.01608751,"Cluster_380"
"11233","M3","D14","Lung",0.9055873,"Cluster_978"
"11234","M3","D14","Lung",0.07151348,"Cluster_3717"
"11235","M3","D14","Lung",0.01363135,"Cluster_23"
"11236","M3","D14","Lung",0.001547015,"Cluster_3291"
"11237","M3","D14","Lung",0.0004003899,"Cluster_2215"
"11238","M3","D14","Lung",0.002903568,"Cluster_1904"
"11239","M3","D14","Lung",0.02151981,"Cluster_151"
"11240","M3","D14","Lung",0.003546844,"Cluster_524"
"11241","M3","D14","Lung",0.003939515,"Cluster_763"
"11242","M3","D14","Lung",0.007946903,"Cluster_2305"
"11243","M3","D14","Lung",0.01200905,"Cluster_1830"
"11244","M3","D14","Lung",0.00215624,"Cluster_616"
"11245","M3","D14","Lung",0.005587609,"Cluster_1963"
"11246","M3","D14","Lung",0.007314491,"Cluster_3818"
"11247","M3","D14","Lung",0.114979,"Cluster_202"
"11248","M3","D14","Lung",0.01572119,"Cluster_698"
"11249","M3","D14","Lung",0.03330823,"Cluster_303"
"11250","M3","D14","Lung",0.00611909,"Cluster_363"
"11251","M3","D14","Lung",0.02176725,"Cluster_405"
"11252","M3","D14","Lung",0.003343944,"Cluster_240"
"11253","M3","D14","Lung",0.006447715,"Cluster_59"
"11254","M3","D14","Lung",0.003486003,"Cluster_491"
"11255","M3","D14","Lung",7.611792,"Cluster_221"
"11256","M3","D14","Lung",0.004081839,"Cluster_1009"
"11257","M3","D14","Lung",0.000905967,"Cluster_3752"
"11258","M3","D14","Lung",0.008485673,"Cluster_825"
"11259","M3","D14","Lung",31.74953,"Cluster_1831"
"11260","M3","D14","Lung",0.001218893,"Cluster_364"
"11261","M3","D14","Lung",0.002314304,"Cluster_493"
"11262","M3","D14","Lung",0.009398163,"Cluster_1132"
"11263","M3","D14","Lung",0.001205685,"Cluster_376"
"11264","M3","D14","Lung",0.008902476,"Cluster_261"
"11265","M3","D14","Lung",0.02381405,"Cluster_232"
"11266","M3","D14","Lung",0.001513304,"Cluster_466"
"11267","M3","D14","Lung",0.4881592,"Cluster_592"
"11268","M3","D14","Lung",0.004920983,"Cluster_357"
"11269","M3","D14","Lung",0.003327129,"Cluster_72"
"11270","M3","D14","Lung",0.001163582,"Cluster_815"
"11271","M3","D14","Lung",0.001171552,"Cluster_390"
"11272","M3","D14","Lung",0.001168351,"Cluster_1372"
"11273","M3","D14","Lung",0.004694392,"Cluster_1810"
"11274","M3","D14","Lung",0.00170645,"Cluster_1715"
"11275","M3","D14","Lung",0.003692715,"Cluster_841"
"11276","M3","D14","Lung",0.0101944,"Cluster_54"
"11277","M3","D14","Lung",0.005377308,"Cluster_3415"
"11278","M3","D14","Lung",0.05043529,"Cluster_647"
"11279","M3","D14","Lung",0.020711,"Cluster_503"
"11280","M3","D14","Lung",0.04698179,"Cluster_338"
"11281","M3","D14","Lung",0.002790669,"Cluster_1652"
"11282","M3","D14","Lung",10.21993,"Cluster_504"
"11283","M3","D14","Lung",3.668849,"Cluster_12"
"11284","M3","D14","Lung",0.003570909,"Cluster_856"
"11285","M3","D14","Lung",0.0122095,"Cluster_294"
"11286","M3","D14","Lung",0.0109918,"Cluster_437"
"11287","M3","D14","Lung",0.002758492,"Cluster_971"
"11288","M3","D14","Lung",0.0517989,"Cluster_2379"
"11289","M3","D14","Lung",0.001989316,"Cluster_950"
"11290","M3","D14","Lung",0.001119948,"Cluster_1454"
"11291","M3","D14","Lung",0.001204245,"Cluster_893"
"11292","M3","D14","Lung",0.01362191,"Cluster_1545"
"11293","M3","D14","Lung",0.007939338,"Cluster_824"
"11294","M3","D14","Lung",0.001957951,"Cluster_265"
"11295","M3","D14","Lung",0.1340662,"Cluster_1231"
"11296","M3","D14","Lung",0.002651716,"Cluster_1613"
"11297","M3","D14","Lung",0.005208511,"Cluster_13"
"11298","M3","D14","SubCu",0.004116347,"Cluster_524"
"11299","M3","D14","SubCu",0.008684035,"Cluster_232"
"11300","M3","D14","SubCu",0.002516639,"Cluster_437"
"11301","M3","D14","SubCu",0.001896768,"Cluster_206"
"11302","M3","D14","SubCu",0.0006847643,"Cluster_1904"
"11303","M3","D14","SubCu",0.002384974,"Cluster_2140"
"11304","M3","D14","SubCu",0.002124021,"Cluster_856"
"11305","M3","D14","SubCu",0.001735553,"Cluster_611"
"11306","M3","D14","SubCu",0.0008518418,"Cluster_3227"
"11307","M3","D14","SubCu",0.0017612,"Cluster_92"
"11308","M3","D14","SubCu",0.000982235,"Cluster_1602"
"11309","M3","D14","SubCu",0.01109833,"Cluster_1064"
"11310","M3","D14","SubCu",0.004836503,"Cluster_591"
"11311","M3","D14","SubCu",0.00105095,"Cluster_586"
"11312","M3","D14","SubCu",0.0091906,"Cluster_161"
"11313","M3","D14","SubCu",0.002830054,"Cluster_1989"
"11314","M3","D14","SubCu",0.0008048995,"Cluster_3501"
"11315","M3","D14","SubCu",0.0009645958,"Cluster_221"
"11316","M3","D14","SubCu",0.003394055,"Cluster_606"
"11317","M3","D14","SubCu",0.01053187,"Cluster_662"
"11318","M3","D14","SubCu",0.001821314,"Cluster_8"
"11319","M3","D14","SubCu",0.001276774,"Cluster_449"
"11320","M3","D14","SubCu",0.002327608,"Cluster_1909"
"11321","M3","D14","SubCu",0.1908523,"Cluster_1231"
"11322","M3","D14","SubCu",0.001894529,"Cluster_84"
"11323","M3","D14","SubCu",0.001042265,"Cluster_1738"
"11324","M3","D14","SubCu",0.0009321581,"Cluster_182"
"11325","M3","D14","SubCu",0.00340618,"Cluster_142"
"11326","M3","D14","SubCu",0.0049247,"Cluster_26"
"11327","M3","D14","SubCu",0.002793457,"Cluster_1419"
"11328","M3","D14","SubCu",0.004909334,"Cluster_1137"
"11329","M3","D14","SubCu",0.0008477575,"Cluster_648"
"11330","M3","D14","SubCu",0.002096196,"Cluster_3133"
"11331","M3","D14","SubCu",0.001323535,"Cluster_549"
"11332","M3","D14","SubCu",0.001364097,"Cluster_284"
"11333","M3","D14","SubCu",0.004681955,"Cluster_151"
"11334","M3","D14","SubCu",0.0009604912,"Cluster_183"
"11335","M3","D14","SubCu",0.001769,"Cluster_748"
"11336","M3","D14","SubCu",0,"Cluster_469"
"11337","M3","D14","SubCu",0.001395047,"Cluster_949"
"11338","M3","D14","SubCu",0.004566394,"Cluster_763"
"11339","M3","D14","SubCu",0.003837762,"Cluster_943"
"11340","M3","D14","SubCu",0.001528655,"Cluster_978"
"11341","M3","D14","SubCu",0.003466712,"Cluster_39"
"11342","M3","D14","SubCu",0.0007775276,"Cluster_2959"
"11343","M3","D14","SubCu",0.002196744,"Cluster_3134"
"11344","M3","D14","SubCu",0.003392597,"Cluster_673"
"11345","M3","D14","SubCu",0.003662033,"Cluster_303"
"11346","M3","D14","SubCu",0.009470577,"Cluster_509"
"11347","M3","D14","SubCu",0.001630555,"Cluster_2531"
"11348","M3","D14","SubCu",0.001374219,"Cluster_3106"
"11349","M3","D14","SubCu",0.00130789,"Cluster_27"
"11350","M3","D14","SubCu",0.002029515,"Cluster_340"
"11351","M3","D14","SubCu",50.97788,"Cluster_1831"
"11352","M3","D14","SubCu",0.00484537,"Cluster_29"
"11353","M3","D14","SubCu",0.004106767,"Cluster_2305"
"11354","M3","D14","SubCu",2.921017,"Cluster_102"
"11355","M3","D14","SubCu",0.00209918,"Cluster_1273"
"11356","M3","D14","SubCu",0.001357059,"Cluster_1610"
"11357","M3","D14","SubCu",0.01163085,"Cluster_503"
"11358","M3","D14","SubCu",0.00132242,"Cluster_3762"
"11359","M3","D14","SubCu",0.002291806,"Cluster_472"
"11360","M3","D14","SubCu",0.001487212,"Cluster_290"
"11361","M3","D14","SubCu",0.002437633,"Cluster_615"
"11362","M3","D14","SubCu",0.0008922818,"Cluster_479"
"11363","M3","D14","SubCu",0.005920405,"Cluster_2315"
"11364","M3","D14","SubCu",0.002100984,"Cluster_2558"
"11365","M3","D14","SubCu",0.006709578,"Cluster_128"
"11366","M3","D14","SubCu",0.8512277,"Cluster_826"
"11367","M3","D14","SubCu",0.004822839,"Cluster_1705"
"11368","M3","D14","SubCu",0.0009292213,"Cluster_1010"
"11369","M3","D14","SubCu",0.002276419,"Cluster_1070"
"11370","M3","D14","SubCu",0.00710326,"Cluster_315"
"11371","M3","D14","SubCu",0.01201457,"Cluster_1830"
"11372","M3","D14","SubCu",0.004614908,"Cluster_624"
"11373","M3","D14","SubCu",0.0009386477,"Cluster_922"
"11374","M3","D14","SubCu",0.002297829,"Cluster_960"
"11375","M3","D14","SubCu",0.001103498,"Cluster_3638"
"11376","M3","D14","SubCu",0.001000797,"Cluster_324"
"11377","M3","D14","SubCu",0.001467337,"Cluster_1855"
"11378","M3","D14","SubCu",0.03237246,"Cluster_4"
"11379","M3","D14","SubCu",0.001498255,"Cluster_260"
"11380","M3","D14","SubCu",0.003237849,"Cluster_215"
"11381","M3","D14","SubCu",0.001005465,"Cluster_2775"
"11382","M3","D14","SubCu",0.002498311,"Cluster_1963"
"11383","M3","D14","SubCu",0.001107406,"Cluster_538"
"11384","M3","D14","SubCu",0.007098523,"Cluster_13"
"11385","M3","D14","SubCu",0.004027636,"Cluster_1413"
"11386","M3","D14","SubCu",0.003887321,"Cluster_634"
"11387","M3","D14","SubCu",0.001531131,"Cluster_493"
"11388","M3","D14","SubCu",37.43546,"Cluster_825"
"11389","M3","D14","SubCu",0.01066281,"Cluster_50"
"11390","M3","D14","SubCu",0.001641895,"Cluster_363"
"11391","M3","D14","SubCu",0.008251962,"Cluster_491"
"11392","M3","D14","SubCu",0.001811393,"Cluster_791"
"11393","M3","D14","SubCu",0.002125563,"Cluster_265"
"11394","M3","D14","SubCu",0.009404809,"Cluster_327"
"11395","M3","D14","SubCu",0.003208464,"Cluster_456"
"11396","M3","D14","SubCu",0.003074056,"Cluster_59"
"11397","M3","D14","SubCu",0.003359631,"Cluster_1260"
"11398","M3","D14","SubCu",6.676481,"Cluster_424"
"11399","M3","D14","SubCu",0.00256131,"Cluster_45"
"11400","M3","D14","SubCu",0.005945706,"Cluster_87"
"11401","M3","D14","SubCu",0.001384921,"Cluster_845"
"11402","M3","D14","SubCu",0.001231975,"Cluster_1821"
"11403","M3","D14","SubCu",0.001671966,"Cluster_1820"
"11404","M3","D14","SubCu",0.007953006,"Cluster_1678"
"11405","M3","D14","SubCu",0.002998008,"Cluster_338"
"11406","M3","D14","SubCu",0.005221228,"Cluster_853"
"11407","M3","D14","SubCu",0.0009456962,"Cluster_1050"
"11408","M3","D14","SubCu",0.002712154,"Cluster_294"
"11409","M3","D14","SubCu",0.01201304,"Cluster_929"
"11410","M3","D14","SubCu",0.004202989,"Cluster_532"
"11411","M3","D14","SubCu",0.001127882,"Cluster_2582"
"11412","M3","D14","SubCu",0.001607529,"Cluster_325"
"11413","M3","D14","SubCu",0.002026626,"Cluster_2820"
"11414","M3","D14","SubCu",0.0009398425,"Cluster_3061"
"11415","M3","D14","SubCu",0.002557682,"Cluster_403"
"11416","M3","D14","SubCu",0.0008676149,"Cluster_1134"
"11417","M3","D14","SubCu",0.006411932,"Cluster_54"
"11418","M3","D14","SubCu",0.002143546,"Cluster_470"
"11419","M3","D14","SubCu",0.001555055,"Cluster_2960"
"11420","M3","D14","SubCu",0.001991607,"Cluster_514"
"11421","M3","D14","SubCu",0.001210563,"Cluster_3568"
"11422","M3","D14","SubCu",0.002744548,"Cluster_19"
"11423","M3","D14","SubCu",0.002069174,"Cluster_781"
"11424","M3","D14","SubCu",0.0007049371,"Cluster_3219"
"11425","M3","D14","SubCu",0.001894659,"Cluster_248"
"11426","M3","D14","SubCu",0.01029245,"Cluster_12"
"11427","M3","D14","SubCu",0.001073826,"Cluster_425"
"11428","M3","D14","SubCu",0.00195708,"Cluster_647"
"11429","M3","D14","SubCu",0.001396961,"Cluster_3690"
"11430","M3","D14","SubCu",0.001202157,"Cluster_66"
"11431","M3","D14","SubCu",0.006345414,"Cluster_1325"
"11432","M3","D14","SubCu",0.001509343,"Cluster_1730"
"11433","M3","D14","SubCu",0.001385919,"Cluster_2441"
"11434","M3","D14","SubCu",0.001920502,"Cluster_353"
"11435","M3","D14","SubCu",0.0007458585,"Cluster_3311"
"11436","M3","D14","SubCu",0.4198554,"Cluster_504"
"11437","M3","D14","SubCu",0.002647013,"Cluster_240"
"11438","M3","D14","SubCu",0.003603823,"Cluster_1123"
"11439","M3","D14","SubCu",0.00216026,"Cluster_1208"
"11440","M3","D14","SubCu",0.00338644,"Cluster_971"
"11441","M3","D14","SubCu",0.002488746,"Cluster_194"
"11442","M3","D14","SubCu",0.005108562,"Cluster_2245"
"11443","M3","D14","SubCu",0.001869726,"Cluster_1357"
"11444","M3","D14","SubCu",0.003654544,"Cluster_1777"
"11445","M3","D14","SubCu",0.009219534,"Cluster_792"
"11446","M3","D14","SubCu",0.00147837,"Cluster_56"
"11447","M3","D14","SubCu",0.002018002,"Cluster_34"
"11448","M3","D14","SubCu",0.0009659662,"Cluster_2672"
"11449","M3","D14","SubCu",0.001954582,"Cluster_62"
"11450","M3","D14","SubCu",0.001642544,"Cluster_1652"
"11451","M3","D14","SubCu",0.001407712,"Cluster_1613"
"11452","M3","D14","SubCu",0.01153147,"Cluster_1545"
"11453","M3","D14","SubCu",0.003501953,"Cluster_368"
"11454","M3","D14","SubCu",0.001523266,"Cluster_2236"
"11455","M3","D14","SubCu",0.01036496,"Cluster_21"
"11456","M3","D14","SubCu",0.00120865,"Cluster_18"
"11457","M3","D14","SubCu",0.002198326,"Cluster_88"
"11458","M3","D14","SubCu",0.004334451,"Cluster_1537"
"11459","M3","D14","SubCu",0.003409666,"Cluster_103"
"11460","M3","D14","blood",0.002436478,"Cluster_254"
"11461","M3","D14","blood",0.003909738,"Cluster_3404"
"11462","M3","D14","blood",0.007809239,"Cluster_403"
"11463","M3","D14","blood",0.004790122,"Cluster_1328"
"11464","M3","D14","blood",0.003661394,"Cluster_624"
"11465","M3","D14","blood",0.001316638,"Cluster_39"
"11466","M3","D14","blood",0.002471899,"Cluster_1255"
"11467","M3","D14","blood",0.002219769,"Cluster_1678"
"11468","M3","D14","blood",0.001764201,"Cluster_181"
"11469","M3","D14","blood",0.002669504,"Cluster_663"
"11470","M3","D14","blood",0.001095861,"Cluster_66"
"11471","M3","D14","blood",0.008521893,"Cluster_4"
"11472","M3","D14","blood",0.00183571,"Cluster_1050"
"11473","M3","D14","blood",0.002909504,"Cluster_437"
"11474","M3","D14","blood",0.006335004,"Cluster_1139"
"11475","M3","D14","blood",0.00366166,"Cluster_161"
"11476","M3","D14","blood",0.001816673,"Cluster_705"
"11477","M3","D14","blood",0.1134236,"Cluster_19"
"11478","M3","D14","blood",0.006787773,"Cluster_315"
"11479","M3","D14","blood",0.008101871,"Cluster_1830"
"11480","M3","D14","blood",0.001234491,"Cluster_325"
"11481","M3","D14","blood",0.007391219,"Cluster_647"
"11482","M3","D14","blood",0.00236301,"Cluster_1764"
"11483","M3","D14","blood",93.87038,"Cluster_504"
"11484","M3","D14","blood",0.007855068,"Cluster_716"
"11485","M3","D14","blood",0.0017984,"Cluster_1862"
"11486","M3","D14","blood",0.001808017,"Cluster_856"
"11487","M3","D14","blood",0.03158722,"Cluster_1806"
"11488","M3","D14","blood",0.001706751,"Cluster_673"
"11489","M3","D14","blood",0.001571408,"Cluster_3416"
"11490","M3","D14","blood",0.0018275,"Cluster_59"
"11491","M3","D14","blood",0.6539245,"Cluster_215"
"11492","M3","D14","blood",0.001186883,"Cluster_1135"
"11493","M3","D14","blood",0.003776463,"Cluster_469"
"11494","M3","D14","blood",0.0008227689,"Cluster_4299"
"11495","M3","D14","blood",0.002374769,"Cluster_1386"
"11496","M3","D14","blood",0.001344713,"Cluster_1904"
"11497","M3","D14","blood",0.001519676,"Cluster_859"
"11498","M3","D14","blood",0.001573504,"Cluster_62"
"11499","M3","D14","blood",0.002510131,"Cluster_26"
"11500","M3","D14","blood",0.001191121,"Cluster_98"
"11501","M3","D14","blood",0.002776181,"Cluster_232"
"11502","M3","D14","blood",0.005303972,"Cluster_2479"
"11503","M3","D14","blood",0.005173384,"Cluster_698"
"11504","M3","D14","blood",0.0227794,"Cluster_1545"
"11505","M3","D14","blood",0.006864315,"Cluster_78"
"11506","M3","D14","blood",0.002574561,"Cluster_221"
"11507","M3","D14","blood",0.0008599908,"Cluster_27"
"11508","M3","D14","blood",0.01025726,"Cluster_853"
"11509","M3","D14","blood",0.02364515,"Cluster_2245"
"11510","M3","D14","blood",0.00126995,"Cluster_213"
"11511","M3","D14","blood",0.002984,"Cluster_1088"
"11512","M3","D14","blood",0.003904892,"Cluster_3652"
"11513","M3","D14","blood",0.001576862,"Cluster_50"
"11514","M3","D14","blood",0.001037943,"Cluster_1614"
"11515","M3","D14","blood",0.005408901,"Cluster_634"
"11516","M3","D14","blood",0.00212758,"Cluster_294"
"11517","M3","D14","blood",0.001561773,"Cluster_845"
"11518","M3","D14","blood",0.002423558,"Cluster_151"
"11519","M3","D14","blood",0.001831869,"Cluster_85"
"11520","M3","D14","blood",0.0008011056,"Cluster_347"
"11521","M3","D14","blood",0.002258296,"Cluster_527"
"11522","M3","D14","blood",0.001765029,"Cluster_4067"
"11523","M3","D14","blood",0.00128781,"Cluster_8"
"11524","M3","D14","blood",0.0009946101,"Cluster_648"
"11525","M3","D14","blood",0.0002907487,"Cluster_2384"
"11526","M3","D14","blood",0.006505695,"Cluster_503"
"11527","M3","D14","blood",0.06773369,"Cluster_303"
"11528","M3","D14","blood",0.001322668,"Cluster_119"
"11529","M3","D14","blood",0.002878526,"Cluster_2305"
"11530","M3","D14","blood",0.5996139,"Cluster_662"
"11531","M3","D14","blood",0.007603916,"Cluster_1419"
"11532","M3","D14","blood",0.00101314,"Cluster_3014"
"11533","M3","D14","blood",0.0006294401,"Cluster_3688"
"11534","M3","D14","blood",0.0008253264,"Cluster_409"
"11535","M3","D14","blood",0.002674683,"Cluster_1740"
"11536","M3","D14","blood",0.007896523,"Cluster_1868"
"11537","M3","D14","blood",0.003488686,"Cluster_290"
"11538","M3","D14","blood",0.00890418,"Cluster_1831"
"11539","M3","D14","blood",3.817432,"Cluster_825"
"11540","M3","D14","blood",0.002689426,"Cluster_54"
"11541","M3","D14","blood",0.001788052,"Cluster_2802"
"11542","M3","D14","blood",0.007747483,"Cluster_1849"
"11543","M3","D14","blood",0.01079831,"Cluster_272"
"11544","M3","D14","blood",0.001321121,"Cluster_471"
"11545","M3","D14","blood",0.04045512,"Cluster_103"
"11546","M3","D14","blood",0.00274473,"Cluster_2315"
"11547","M3","D14","blood",0.001621673,"Cluster_472"
"11548","M3","D14","blood",0.001342582,"Cluster_2449"
"11549","M3","D14","blood",0.001575936,"Cluster_323"
"11550","M3","D14","blood",0.001260668,"Cluster_1571"
"11551","M3","D14","blood",0.005897864,"Cluster_14"
"11552","M3","D14","blood",0.0543075,"Cluster_823"
"11553","M3","D14","blood",0.0004965094,"Cluster_391"
"11554","M3","D14","blood",0.0879839,"Cluster_12"
"11555","M3","D14","blood",0.2439742,"Cluster_102"
"11556","M3","D14","blood",0.003842037,"Cluster_971"
"11557","M3","D14","blood",0.03023206,"Cluster_380"
"11558","M3","D14","blood",0.002584687,"Cluster_87"
"11559","M3","D14","blood",0.001864351,"Cluster_1652"
"11560","M3","D14","blood",0.003555512,"Cluster_480"
"11561","M3","D14","blood",0.001212738,"Cluster_22"
"11562","M3","D14","blood",0.001495787,"Cluster_906"
"11563","M3","D14","blood",0.0008205925,"Cluster_142"
"11564","M3","D14","blood",0.01587389,"Cluster_943"
"11565","M3","D14","blood",0.004385168,"Cluster_1137"
"11566","M3","D14","blood",0.003701537,"Cluster_41"
"11567","M3","D14","blood",0.002377846,"Cluster_654"
"11568","M3","D14","blood",0.007745546,"Cluster_2441"
"11569","M3","D14","blood",0.001994715,"Cluster_163"
"11570","M3","D14","blood",0.02474196,"Cluster_592"
"11571","M3","D6","blood",11.5915,"Cluster_56"
"11572","M3","D6","blood",0.001653332,"Cluster_1545"
"11573","M3","D6","blood",88.3604,"Cluster_1830"
"11574","M3","D6","blood",0.002673334,"Cluster_1088"
"11575","M3","D6","blood",0.002275713,"Cluster_437"
"11576","M3","D6","blood",0.01018941,"Cluster_3652"
"11577","M3","D6","blood",0.001592868,"Cluster_26"
"11578","M3","D6","blood",0.003655953,"Cluster_254"
"11579","M3","D6","blood",0.001632362,"Cluster_4"
"11580","M3","D6","blood",0.004204343,"Cluster_588"
"11581","M3","D6","blood",0.007417949,"Cluster_327"
"11582","M3","D6","blood",0.002122982,"Cluster_1868"
"11583","M3","D6","blood",0.004081338,"Cluster_294"
"11584","M3","D6","blood",0.004170908,"Cluster_1831"
"11585","M3","D6","blood",0.002424232,"Cluster_504"
